-- MySQL dump 10.13  Distrib 8.0.23, for Win64 (x86_64)
--
-- Host: localhost    Database: witdb_eval
-- ------------------------------------------------------
-- Server version	8.0.23

/*!40101 SET @OLD_CHARACTER_SET_CLIENT=@@CHARACTER_SET_CLIENT */;
/*!40101 SET @OLD_CHARACTER_SET_RESULTS=@@CHARACTER_SET_RESULTS */;
/*!40101 SET @OLD_COLLATION_CONNECTION=@@COLLATION_CONNECTION */;
/*!50503 SET NAMES utf8 */;
/*!40103 SET @OLD_TIME_ZONE=@@TIME_ZONE */;
/*!40103 SET TIME_ZONE='+00:00' */;
/*!40014 SET @OLD_UNIQUE_CHECKS=@@UNIQUE_CHECKS, UNIQUE_CHECKS=0 */;
/*!40014 SET @OLD_FOREIGN_KEY_CHECKS=@@FOREIGN_KEY_CHECKS, FOREIGN_KEY_CHECKS=0 */;
/*!40101 SET @OLD_SQL_MODE=@@SQL_MODE, SQL_MODE='NO_AUTO_VALUE_ON_ZERO' */;
/*!40111 SET @OLD_SQL_NOTES=@@SQL_NOTES, SQL_NOTES=0 */;

--
-- Table structure for table `academicdepartment`
--

DROP TABLE IF EXISTS `academicdepartment`;
/*!40101 SET @saved_cs_client     = @@character_set_client */;
/*!50503 SET character_set_client = utf8mb4 */;
CREATE TABLE `academicdepartment` (
  `DeptCode` varchar(25) CHARACTER SET utf8mb4 COLLATE utf8mb4_unicode_ci NOT NULL,
  `COID` int NOT NULL,
  `DeptName` varchar(150) CHARACTER SET utf8mb4 COLLATE utf8mb4_0900_ai_ci NOT NULL,
  `DeptHead` varchar(150) CHARACTER SET utf8mb4 COLLATE utf8mb4_0900_ai_ci DEFAULT NULL,
  `created_at` date DEFAULT NULL,
  `updated_at` date DEFAULT NULL,
  `deleted_at` date DEFAULT NULL,
  PRIMARY KEY (`DeptCode`),
  KEY `FK_AcademicDepartment_CollegesOffices` (`COID`),
  CONSTRAINT `FK_AcademicDepartment_CollegesOffices` FOREIGN KEY (`COID`) REFERENCES `collegesoffices` (`COID`) ON UPDATE CASCADE
) ENGINE=InnoDB DEFAULT CHARSET=utf8mb4 COLLATE=utf8mb4_0900_ai_ci;
/*!40101 SET character_set_client = @saved_cs_client */;

--
-- Dumping data for table `academicdepartment`
--

LOCK TABLES `academicdepartment` WRITE;
/*!40000 ALTER TABLE `academicdepartment` DISABLE KEYS */;
INSERT INTO `academicdepartment` VALUES ('Acctg',5,'Accounting Department','Sonia Dela Cerna','2024-02-08',NULL,NULL),('AcctgCy',8,'Accountancy','Generoso S. Ermoso Jr. CPA, MBM ','2024-02-08',NULL,NULL),('ASC',5,'Admission and Screening Commitee','Stella R. Clar','2024-02-08',NULL,NULL),('BusAdm',8,'Business Administration','Dr. John B. Tadifa','2024-02-08',NULL,NULL),('CasOff',6,'CAS Office ','.','2024-02-08',NULL,NULL),('CE',4,'Civil Engineering','Engr. Joyce P. Jardeleza - Estilo','2024-02-08','2024-02-09',NULL),('Chem',6,'Chemistry Department','Marilyn M. Blancaflor','2024-02-08',NULL,NULL),('CompE',4,'Computer Engineering','Engr. Mark Glen C. Guides','2024-01-16','2024-02-08',NULL),('Compt',5,'Comptroller','Sonia Dela Cerna ','2024-02-08',NULL,NULL),('DIO',5,'Documentation Information Office','Engr. Dave Chiva','2024-02-08',NULL,NULL),('DOS',6,'Department of Sciences','Cecilia L. Nellas','2024-02-08',NULL,NULL),('EE',4,'Electrical Engineering','Engr. Mandy Ysmael T. Sobrepeña','2024-02-08','2024-02-08',NULL),('Engl',6,'English Department','Marjorie F. Salas, Ph.D.','2024-02-08',NULL,NULL),('Grad',10,'Graduate School','CHRISTY B. LAURENTE PH.D.','2024-02-08',NULL,NULL),('HRM',6,'Hospitality Management','Rubie C. Lencioco','2024-02-08',NULL,NULL),('IT',4,'Information Technology ','Rey Angelo C. Pagatpat','2024-02-08',NULL,NULL),('LA',6,'Liberal Arts','Felicidad V. Lopez','2024-02-08',NULL,NULL),('LIB',5,'Library','Rolelyn Paredes','2024-02-08','2024-02-08',NULL),('MarE',9,'Marine Engineering ','C/E Enrico D. Feliprada','2024-02-08',NULL,NULL),('Math',6,'Mathematics and Languages','Rosalinda Molino','2024-02-08',NULL,NULL),('ME',4,'Mechanical Engineering','Engr. Antonio E. Morales','2024-02-08',NULL,NULL),('MIS',5,'Management and Information System','Engr. Almer A. Laureta','2024-02-08',NULL,NULL),('NoDept',5,'No Assigned Department','No Dept','2024-04-01',NULL,NULL),('OAD',5,'Department of Secretarial','Wilson V. Lozada,CPA, MBM','2024-02-08',NULL,NULL),('PE',6,'Physical Education Department','Zenaida S. Layson','2024-02-08',NULL,NULL),('PERS',5,'Personnel Office','Mary Ann Alminaza','2024-02-08',NULL,NULL),('Phys',6,'Physics Department','Francisco P. Pagdato','2024-02-08',NULL,NULL),('PRES',5,'Office of the President','Richard Salas','2024-02-08',NULL,NULL),('Regs',5,'Registrar','Glaiza Q. Guevara','2024-02-08',NULL,NULL),('SHS',7,'Senior High School','Albert T. Triñagan','2024-02-08',NULL,NULL),('SIO',5,'Supply and Inventory','Engr. Almer Laureta','2024-02-08','2024-02-08',NULL),('SocSc',6,'Social Science Department','Felipe J. Gula Jr.','2024-02-08',NULL,NULL),('Treas',5,'Treasurer Office','Bella Feliprada','2024-02-08',NULL,NULL);
/*!40000 ALTER TABLE `academicdepartment` ENABLE KEYS */;
UNLOCK TABLES;

--
-- Table structure for table `codes`
--

DROP TABLE IF EXISTS `codes`;
/*!40101 SET @saved_cs_client     = @@character_set_client */;
/*!50503 SET character_set_client = utf8mb4 */;
CREATE TABLE `codes` (
  `code_id` int NOT NULL AUTO_INCREMENT,
  `code` varchar(45) CHARACTER SET utf8mb4 COLLATE utf8mb4_unicode_ci DEFAULT NULL,
  `email` varchar(45) CHARACTER SET utf8mb4 COLLATE utf8mb4_unicode_ci DEFAULT NULL,
  `time_created` datetime DEFAULT NULL,
  PRIMARY KEY (`code_id`)
) ENGINE=InnoDB DEFAULT CHARSET=utf8mb4 COLLATE=utf8mb4_unicode_ci;
/*!40101 SET character_set_client = @saved_cs_client */;

--
-- Dumping data for table `codes`
--

LOCK TABLES `codes` WRITE;
/*!40000 ALTER TABLE `codes` DISABLE KEYS */;
/*!40000 ALTER TABLE `codes` ENABLE KEYS */;
UNLOCK TABLES;

--
-- Table structure for table `collegesoffices`
--

DROP TABLE IF EXISTS `collegesoffices`;
/*!40101 SET @saved_cs_client     = @@character_set_client */;
/*!50503 SET character_set_client = utf8mb4 */;
CREATE TABLE `collegesoffices` (
  `COID` int NOT NULL AUTO_INCREMENT,
  `CollegeCode` varchar(25) CHARACTER SET utf8mb4 COLLATE utf8mb4_unicode_ci DEFAULT NULL,
  `CollegeOfficeName` varchar(255) CHARACTER SET utf8mb4 COLLATE utf8mb4_unicode_ci NOT NULL,
  `IsAcademicUnit` bit(1) NOT NULL,
  `created_at` date DEFAULT NULL,
  `updated_at` date DEFAULT NULL,
  `deleted_at` date DEFAULT NULL,
  PRIMARY KEY (`COID`)
) ENGINE=InnoDB AUTO_INCREMENT=11 DEFAULT CHARSET=utf8mb4 COLLATE=utf8mb4_unicode_ci;
/*!40101 SET character_set_client = @saved_cs_client */;

--
-- Dumping data for table `collegesoffices`
--

LOCK TABLES `collegesoffices` WRITE;
/*!40000 ALTER TABLE `collegesoffices` DISABLE KEYS */;
INSERT INTO `collegesoffices` VALUES (4,'COE','College Of Engineering',_binary '','2024-01-16',NULL,NULL),(5,'ADMIN','ADMINISTRATION',_binary '\0','2024-01-16',NULL,NULL),(6,'CAS','College of Arts and Sciences',_binary '','2024-01-16',NULL,NULL),(7,'SHS','Senior High School',_binary '','2024-01-16',NULL,NULL),(8,'CBA','College of Business and Accountancy',_binary '','2024-01-16',NULL,NULL),(9,'Marine','College Of Maritime',_binary '','2024-01-16',NULL,NULL),(10,'Grad','College of Graduate School',_binary '','2024-02-08',NULL,NULL);
/*!40000 ALTER TABLE `collegesoffices` ENABLE KEYS */;
UNLOCK TABLES;

--
-- Table structure for table `employees`
--

DROP TABLE IF EXISTS `employees`;
/*!40101 SET @saved_cs_client     = @@character_set_client */;
/*!50503 SET character_set_client = utf8mb4 */;
CREATE TABLE `employees` (
  `EmpID` varchar(12) CHARACTER SET utf8mb4 COLLATE utf8mb4_unicode_ci NOT NULL,
  `Lastname` varchar(50) CHARACTER SET utf8mb4 COLLATE utf8mb4_unicode_ci NOT NULL,
  `Firstname` varchar(50) CHARACTER SET utf8mb4 COLLATE utf8mb4_unicode_ci NOT NULL,
  `Middlename` varchar(50) CHARACTER SET utf8mb4 COLLATE utf8mb4_unicode_ci DEFAULT NULL,
  `DOB` date DEFAULT NULL,
  `Email` varchar(50) CHARACTER SET utf8mb4 COLLATE utf8mb4_unicode_ci NOT NULL,
  `EmailLastUpdate` date NOT NULL,
  `DateHired` date DEFAULT NULL,
  `COID` int NOT NULL,
  `DeptCode` varchar(25) CHARACTER SET utf8mb4 COLLATE utf8mb4_unicode_ci DEFAULT NULL,
  `employeeCategory` varchar(15) CHARACTER SET utf8mb4 COLLATE utf8mb4_unicode_ci DEFAULT NULL,
  `isHeadDean` tinyint DEFAULT NULL,
  `CanReadAnswer` tinyint DEFAULT NULL,
  `CanProcessEvaluation` tinyint DEFAULT NULL,
  `created_at` date DEFAULT NULL,
  `updated_at` date DEFAULT NULL,
  `deleted_at` date DEFAULT NULL,
  PRIMARY KEY (`EmpID`),
  KEY `department_idx` (`DeptCode`),
  CONSTRAINT `department` FOREIGN KEY (`DeptCode`) REFERENCES `academicdepartment` (`DeptCode`) ON DELETE RESTRICT ON UPDATE CASCADE
) ENGINE=InnoDB DEFAULT CHARSET=utf8mb4 COLLATE=utf8mb4_unicode_ci;
/*!40101 SET character_set_client = @saved_cs_client */;

--
-- Dumping data for table `employees`
--

LOCK TABLES `employees` WRITE;
/*!40000 ALTER TABLE `employees` DISABLE KEYS */;
INSERT INTO `employees` VALUES ('A-001','ACANA','Aurelio ','Abuyo','1956-11-30','','0000-00-00','2022-07-04',9,'MarE','Faculty',0,0,0,'2024-03-23',NULL,NULL),('A-002','ADMIN','ADMIN','ADMIN','2024-01-22','1','0000-00-00','2024-01-11',5,'PERS','Non-Teaching',0,0,0,'2024-01-19',NULL,NULL),('A-003','AGUILAR','John','Dolar','1973-01-09','','0000-00-00','2016-09-16',5,'Acctg','Facilitator',0,0,0,'2024-03-24',NULL,NULL),('A-005','ANGAYEN','Delwin','Hilisan','1973-11-18','','0000-00-00','1990-08-01',5,'Acctg','Facilitator',0,0,0,'2024-03-25',NULL,NULL),('A-006','APITONG','Binny','Bastareche','1968-05-12','','0000-00-00','2017-03-07',5,'Acctg','Facilitator',0,0,0,'2024-03-26',NULL,NULL),('A-009','ARCO','Ma. Lourdes','Olvido','1960-02-22','','0000-00-00','2014-03-24',5,'Acctg','Facilitator',0,0,0,'2024-03-27',NULL,NULL),('A-015','ALBAÑA','Marvin Abelardo','Castillo','1977-08-31','','0000-00-00','1981-09-01',5,'Acctg','Facilitator',0,0,0,'2024-03-28',NULL,NULL),('A-017','ANTONANO','Essy Genebelle','Baldonado','1982-07-22','','0000-00-00','2018-11-05',8,'AcctgCy','Facilitator',0,0,0,'2024-03-29',NULL,NULL),('A-018','ALOVERA','Primitiva ','Bene','1949-02-14','','0000-00-00','2023-01-18',5,'ASC','Facilitator',0,0,0,'2024-03-30',NULL,NULL),('A-021','ARMADA','Triza Ellen','Plavio','1994-04-21','','0000-00-00','2023-07-24',8,'BusAdm','Facilitator',0,0,0,'2024-03-31',NULL,NULL),('A-026','ARENDAIN','Ma. Cecelia','Najarila','1988-02-01','','0000-00-00','2023-07-24',8,'BusAdm','Facilitator',0,0,0,'2024-04-01',NULL,NULL),('A-027','ANDARZA','Eddie Marie ','Fernandez','1990-11-17','','0000-00-00','2013-07-25',6,'SocSc','Faculty',0,0,0,'2024-04-02',NULL,NULL),('A-028','ARMADA','Cindy','Dema-ala','1992-11-24','','0000-00-00','2015-07-01',6,'LA','Faculty',0,0,0,'2024-04-03',NULL,NULL),('A-037','AMABA','Generose','Manong','1997-11-17','','0000-00-00','2017-06-01',6,'DOS','Faculty',0,0,0,'2024-04-04',NULL,NULL),('A-038','ALBA','Alvin','Pagayon','1991-11-02','','0000-00-00','2018-06-01',6,'SocSc','Faculty',0,0,0,'2024-04-05',NULL,NULL),('A-040','ACANA','Arian','Tamoy','1984-12-30','','0000-00-00','2019-06-01',6,'SocSc','Faculty',0,0,0,'2024-04-06',NULL,NULL),('A-041','ALMIRA','Chimelle','Piosca','1994-09-01','','0000-00-00','2023-08-09',6,'DOS','Faculty',0,0,0,'2024-04-07',NULL,NULL),('A-044','ALIBUTDAN','Angilie','Ponce','1992-11-30','','0000-00-00','2023-08-10',6,'LA','Faculty',0,0,0,'2024-04-08',NULL,NULL),('A-046','ALVAREZ','Marjorie','Matulac','1972-01-02','','0000-00-00','2023-08-30',6,'SocSc','Faculty',0,0,0,'2024-04-09',NULL,NULL),('A-055','ABOGADO','Ma. Liezl Joy','Dema-ala','1993-07-30','','0000-00-00','1979-06-01',6,'MATH','Faculty',0,0,0,'2024-04-13',NULL,NULL),('A-056','AMADA','Wedsea','Calbonero','1999-01-21','','0000-00-00','2010-06-25',6,'PE','Faculty',0,0,0,'2024-04-14',NULL,NULL),('A-058','ADRICULA','Shara','Pacardo','1998-08-24','','0000-00-00','1996-06-16',6,'SocSc','Faculty',0,0,0,'2024-04-15',NULL,NULL),('A-061','ANACAN','James Paul','Domingo','1998-04-17','','0000-00-00','2013-06-01',6,'LA','Faculty',0,0,0,'2024-04-16',NULL,NULL),('A-063','ARSULO','Raffy Melandro','Ignis','1987-06-21','','0000-00-00','2014-01-16',6,'PE','Faculty',0,0,0,'2024-04-17',NULL,NULL),('A-064','AMIDO','James Anthony','Venturanza','2000-09-24','','0000-00-00','2018-06-25',6,'DOS','Faculty',0,0,0,'2024-04-18',NULL,NULL),('A-065','ARDEÑA','Mae Ann','Batacoling','1996-10-15','','0000-00-00','2018-07-13',6,'PE','Faculty',0,0,0,'2024-04-19',NULL,NULL),('A-066','ALENTAJE','Lester','Montealto','1995-09-12','','0000-00-00','2012-09-13',6,'CasOff','Facilitator',0,0,0,'2024-04-20',NULL,NULL),('A-067','ANDUTAN','Ma. Soccoro','Mallorca','1968-06-23','','0000-00-00','2013-12-02',6,'DOS','Faculty',0,0,0,'2024-04-21',NULL,NULL),('A-069','ABUNYAWAN','Brianard','Bringuela','1999-05-09','','0000-00-00','2018-12-03',6,'SocSc','Faculty',0,0,0,'2024-04-23',NULL,NULL),('A-071','ARELLANO','Loraine','De Los Reyes','1995-08-20','','0000-00-00','2019-07-12',6,'DOS','Faculty',0,0,0,'2024-04-25',NULL,NULL),('A-072','ALENAJE','Rashid','Herrera','1993-09-18','','0000-00-00','1981-06-01',6,'SocSc','Faculty',0,0,0,'2024-04-26',NULL,NULL),('A-073','AGDALES','Vincent John','Bustos','2024-02-12','','0000-00-00','2013-06-01',6,'LA','Faculty',0,0,0,'2024-04-27',NULL,NULL),('B-001','BADRINA','Joanne','Gomez','1974-09-29','','0000-00-00','2021-06-21',6,'LA','Faculty',0,0,0,'2024-04-28',NULL,NULL),('B-002','BARZO','Aisha ','Urbano','1986-04-26','','0000-00-00','1983-07-14',6,'CasOff','Facilitator',0,0,0,'2024-04-29',NULL,NULL),('B-005','BANGERO','Ma. Yvonne ','Cosas','1956-06-12','','0000-00-00','2018-06-01',6,'LA','Faculty',0,0,0,'2024-04-30',NULL,NULL),('B-007','BEDAÑO','Noel','Peñaranda','1969-11-17','','0000-00-00','2018-06-01',6,'SocSc','Faculty',0,0,0,'2024-05-01',NULL,NULL),('B-008','BENEDICTO','Jomer ','Tongoy','1980-03-01','','0000-00-00','2018-06-01',6,'LA','Faculty',0,0,0,'2024-05-02',NULL,NULL),('B-012','BENOSA','Glicerio ','Dolor','1954-12-21','','0000-00-00','2023-10-04',6,'PE','Faculty',0,0,0,'2024-05-03',NULL,NULL),('B-016','BRASILEÑO','Jingle ','Sobrepiña','1972-12-04','','0000-00-00','2011-06-29',6,'SocSc','Faculty',0,0,0,'2024-05-04',NULL,NULL),('B-022','BAÑAS','Celestino ','Advincula','1952-01-28','','0000-00-00','2018-07-09',6,'DOS','Faculty',0,0,0,'2024-05-06',NULL,NULL),('B-023','BORROMEO','Julysix ','Peleña','1966-07-06','','0000-00-00','1982-06-01',6,'DOS','Faculty',0,0,0,'2024-05-07',NULL,NULL),('B-025','BELANDRES','Adones ','Tolentino','1987-12-03','','0000-00-00','2018-11-26',6,'SocSc','Faculty',0,0,0,'2024-05-08',NULL,NULL),('B-026','BERNARDINO','Joana','Malijan','1986-01-05','','0000-00-00','2023-10-04',6,'NoDept','Faculty',0,0,0,'2024-05-09',NULL,NULL),('B-027','BILAN','Iris ','Pillo','1980-08-23','','0000-00-00','2008-06-01',6,'LA','Faculty',0,0,0,'2024-05-10',NULL,NULL),('B-034','BALASOTO','Darcy ','Ito','1971-01-30','','0000-00-00','1990-06-01',6,'PE','Faculty',0,0,0,'2024-05-11',NULL,NULL),('B-040','BILLONID','Joswa','Gamot','1998-07-16','','0000-00-00','2012-06-01',6,'LA','Faculty',0,0,0,'2024-05-12',NULL,NULL),('B-048','BAYONA','Mariano Gregorio','Aguilar','1976-10-17','','0000-00-00','2014-06-18',6,'SocSc','Faculty',0,0,0,'2024-05-14',NULL,NULL),('B-054','BARREDO','Roby','Ogatis','1977-01-09','','0000-00-00','2023-10-09',6,'LA','Faculty',0,0,0,'2024-05-15',NULL,NULL),('B-056','BIACO','Medardo','De Tomas','1956-09-06','','0000-00-00','1975-06-01',6,'MATH','Faculty',0,0,0,'2024-05-16',NULL,NULL),('B-057','BOLIVAR ','Romeo ','Tanquerido','1960-03-16','','0000-00-00','2018-06-01',6,'DOS','Faculty',0,0,0,'2024-05-17',NULL,NULL),('B-060','BALSOMO','John Paul','Brillantes','1996-01-12','','0000-00-00','2019-06-01',6,'DOS','Faculty',0,0,0,'2024-05-18',NULL,NULL),('B-061','BASANES','Mark Anthony','Millan','1994-02-03','','0000-00-00','1991-06-01',6,'DOS','Faculty',0,0,0,'2024-05-19',NULL,NULL),('B-063','BLEGARIO','Lloyd','Laudato','1990-09-16','','0000-00-00','1992-12-16',6,'LA','Faculty',0,0,0,'2024-05-20',NULL,NULL),('B-064','BUENAVIA','Herna Mae ','Tuazon','1999-09-04','','0000-00-00','2017-06-29',6,'DOS','Faculty',0,0,0,'2024-05-21',NULL,NULL),('C-001','CABALUM','Ronnie','Monocay','1961-01-27','','0000-00-00','1988-06-01',4,'EE','Faculty',0,0,0,'2024-05-23',NULL,NULL),('C-001D','CABALUM','Ronnie','Monocay','1961-01-27','','0000-00-00','1988-06-01',4,NULL,'Non-Teaching',2,0,0,'2024-05-21',NULL,NULL),('C-005','CHIVA','Jose David','Casiple','1974-07-14','','0000-00-00','1979-11-29',6,'SocSc','Faculty',0,0,0,'2024-05-24',NULL,NULL),('C-011','CASQUEJO','Arnel ','Pedroso','1975-08-27','','0000-00-00','2012-06-01',6,'SocSc','Faculty',0,0,0,'2024-05-25',NULL,NULL),('C-013','CASUMPANG','Frankie Ray ','Olivo','1975-11-20','','0000-00-00','1987-06-01',6,'SocSc','Faculty',0,0,0,'2024-05-26',NULL,NULL),('C-018','CASIDO','Vicenta ','Cabalse','1988-04-05','','0000-00-00','2006-06-01',6,'NoDept','Faculty',0,0,0,'2024-05-27',NULL,NULL),('C-021','CLAR','Stella ','Rojo','1988-12-14','','0000-00-00','2023-08-22',6,'NoDept','Faculty',0,0,0,'2024-05-28',NULL,NULL),('C-023','CAPISTRANO','Vanessa','Alingasa','1984-07-01','','0000-00-00','2018-08-13',6,'DOS','Faculty',0,0,0,'2024-05-29',NULL,NULL),('C-029','CASPE','John Reynan','Valenzuela','1984-06-20','','0000-00-00','2011-03-17',6,'CasOff','Facilitator',0,0,0,'2024-05-30',NULL,NULL),('C-048','CASTAÑO','Tajimi Faith','Henderin','1996-05-03','','0000-00-00','1980-06-01',6,'MATH','Faculty',0,0,0,'2024-06-01',NULL,NULL),('C-049','COPIAS','Elvin','Burila','1994-02-23','','0000-00-00','2011-06-01',6,'PE','Faculty',0,0,0,'2024-06-02',NULL,NULL),('C-050','COBRADO','Levy','Cala-or','1980-07-02','','0000-00-00','2013-06-01',6,'NoDept','Faculty',0,0,0,'2024-06-03',NULL,NULL),('C-052','CASTAÑO','Aaron Joseph','Henderin','1997-12-30','','0000-00-00','2018-06-25',6,'LA','Faculty',0,0,0,'2024-06-04',NULL,NULL),('C-054','CONIZA','Jirlyn','Sumindol','1973-01-06','','0000-00-00','2023-06-16',6,'NoDept','Faculty',0,0,0,'2024-06-06',NULL,NULL),('C-055','CAPUSO','Achilles','Silvestre','1991-07-01','','0000-00-00','2012-07-16',6,'PE','Faculty',0,0,0,'2024-06-07',NULL,NULL),('C-058','CHAVEZ','Beauty Grace','Diaz','1982-06-07','','0000-00-00','2009-06-19',6,'DOS','Faculty',0,0,0,'2024-06-09',NULL,NULL),('C-059','CAMATO','Claire Jane','Supnet','1998-08-30','','0000-00-00','2018-08-01',6,'MATH','Faculty',0,0,0,'2024-06-10',NULL,NULL),('C-060','CENAL','Jirah Jay','Asdulo','1998-11-05','','0000-00-00','2023-08-09',6,'MATH','Faculty',0,0,0,'2024-06-11',NULL,NULL),('C-062','CARDIEL','Rizty Jane ','Deocares','1998-10-07','','0000-00-00','2012-11-05',8,'BusAdm','Faculty',0,0,0,'2024-06-12',NULL,NULL),('C-063','CORPUZ','Leo Laurenzhe JR','Lazara','1997-09-16','','0000-00-00','2023-06-20',8,'AcctgCy','Faculty',0,0,0,'2024-06-13',NULL,NULL),('C-064','CORNETA','Leemer Kurt ','Lozada','1997-05-20','','0000-00-00','2023-07-08',8,'BusAdm','Faculty',0,0,0,'2024-06-14',NULL,NULL),('C-065','CAPULSO','Joseph Wien','Delos Santos','1998-06-22','','0000-00-00','2014-06-01',8,'AcctgCy','Faculty',0,0,0,'2024-06-15',NULL,NULL),('C-066','CASTELLANO','Joseph ','Amador','1997-09-29','','0000-00-00','2014-12-09',8,'AcctgCy','Faculty',0,0,0,'2024-06-16',NULL,NULL),('C-067','CASTETE','Claudine','Navarro','1999-12-17','','0000-00-00','2023-05-24',8,'BusAdm','Faculty',0,0,0,'2024-06-17',NULL,NULL),('C-068','COQUILLA','Jayson Oliver Shayne','Alfornon','1997-11-17','','0000-00-00','2023-06-20',8,'BusAdm','Faculty',0,0,0,'2024-06-18',NULL,NULL),('C-069','CAPILEÑO','Helen','Hayag','1987-10-26','','0000-00-00','2023-08-22',8,'BusAdm','Faculty',0,0,0,'2024-06-19',NULL,NULL),('C-071','CASTOR','Irish','Tajala','1999-10-05','','0000-00-00','2021-01-15',8,'AcctgCy','Faculty',0,0,0,'2024-06-20',NULL,NULL),('C-072','CORDOVA','Neil John','','1997-05-17','','0000-00-00','1984-06-01',8,'AcctgCy','Faculty',0,0,0,'2024-06-21',NULL,NULL),('D-001','DADIVAS','Inocencio ','Jalipa','1949-06-22','','0000-00-00','1992-06-23',8,'BusAdm','Faculty',0,0,0,'2024-06-22',NULL,NULL),('D-002','DALAWIS','Arlene ','Tiolo','1956-08-09','','0000-00-00','1971-08-01',8,'AcctgCy','Faculty',0,0,0,'2024-06-23',NULL,NULL),('D-004','DAMASCO','Myrna ','Malaga','1976-04-20','','0000-00-00','2023-06-20',8,'BusAdm','Faculty',0,0,0,'2024-06-24',NULL,NULL),('D-005','DE LA CERNA','Sonia ','Salas','1946-12-12','','0000-00-00','2023-07-21',8,'BusAdm','Faculty',0,0,0,'2024-06-25',NULL,NULL),('D-006','DAZA','Evan ','Galeno','1970-04-11','','0000-00-00','2022-07-04',8,'BusAdm','Faculty',0,0,0,'2024-06-26',NULL,NULL),('D-009','DELFIN','Lucila ','Sotomil','1958-03-06','','0000-00-00','1997-06-25',8,'BusAdm','Faculty',0,0,0,'2024-06-28',NULL,NULL),('D-010','DEMATAIS','Grace Daphne ','Amargo','1976-09-18','','0000-00-00','2023-12-29',8,'BusAdm','Faculty',0,0,0,'2024-06-29',NULL,NULL),('D-018','DERLA','Ronald ','Debil','1988-03-11','','0000-00-00','2017-11-06',8,'BusAdm','Faculty',0,0,0,'2024-06-30',NULL,NULL),('D-025','DEVATA','Sweden ','Dacebar','1989-06-26','','0000-00-00','1979-06-01',8,'BusAdm','Faculty',0,0,0,'2024-07-01',NULL,NULL),('D-029','DE JOSE','Jude','Magbanua','1977-08-09','','0000-00-00','2013-12-02',8,'NoDept','Faculty',0,0,0,'2024-07-02',NULL,NULL),('D-033','DOMINGO','Chona ','Jayme','1982-04-02','','0000-00-00','2012-11-05',8,'BusAdm','Faculty',0,0,0,'2024-07-03',NULL,NULL),('D-036','DESTAO','Marianne','Losanta','1985-01-26','','0000-00-00','2020-08-17',8,'AcctgCy','Faculty',0,0,0,'2024-07-04',NULL,NULL),('D-046','DIGNADICE','Mary Florence','Cartagena','1982-07-18','','0000-00-00','2019-06-01',8,'BusAdm','Faculty',0,0,0,'2024-07-05',NULL,NULL),('D-049','DIGNADICE','Ryan','Opinion','1980-02-14','','0000-00-00','2023-12-29',8,'BusAdm','Faculty',0,0,0,'2024-07-06',NULL,NULL),('D-057','DELA CERNA','Christine ','Musong','1997-12-09','','0000-00-00','2018-11-03',4,'CE','Faculty',0,0,0,'2024-07-07',NULL,NULL),('D-059','DEMAYO','Joebert','Vargas','1995-01-26','','0000-00-00','2019-11-04',4,'CE','Faculty',0,0,0,'2024-07-08',NULL,NULL),('D-061','DOMINGO','Richard','Enoc','1983-02-15','','0000-00-00','2021-06-21',4,'CE','Faculty',0,0,0,'2024-07-09',NULL,NULL),('D-062','DIAZ','Pearly Mae','Maravillosa','1996-11-18','','0000-00-00','2023-06-20',4,'CE','Faculty',0,0,0,'2024-07-10',NULL,NULL),('D-063','DIMZON','Gil','Paclijan','1995-05-14','','0000-00-00','2023-06-20',4,'CE','Faculty',0,0,0,'2024-07-11',NULL,NULL),('D-064','DIAZ','Joanne Marie','Gaceres','1999-09-07','','0000-00-00','2023-08-17',4,'CE','Faculty',0,0,0,'2024-07-12',NULL,NULL),('E-002','ELIZARIO','Gerson ','Peleña','1960-07-16','','0000-00-00','2024-03-12',4,'CE','Faculty',0,0,0,'2024-07-13',NULL,NULL),('E-004','ERALDO','Gerry ','De La Cruz','1970-08-21','','0000-00-00','2012-07-10',4,'CE','Faculty',0,0,0,'2024-07-14',NULL,NULL),('E-007','ECHAVERIA','John Rizalde','Escobañez','1990-06-09','','0000-00-00','2015-07-04',4,'CE','Faculty',0,0,0,'2024-07-15',NULL,NULL),('E-010','ENCIO','Lucio ','Tato','1955-10-19','','0000-00-00','2018-06-01',4,'CE','Faculty',0,0,0,'2024-07-16',NULL,NULL),('E-011','ERMOSO, Jr.','Generoso','Sedantes','1987-11-03','','0000-00-00','2023-08-14',4,'CE','Faculty',0,0,0,'2024-07-17',NULL,NULL),('E-012','ELIVAREZ','Shiela Ann','Apruebo','1988-04-22','','0000-00-00','2018-06-01',4,'CE','Faculty',0,0,0,'2024-07-18',NULL,NULL),('E-020','ELUPRE','Mark Anthony','Dedase','1984-12-14','','0000-00-00','2023-06-20',4,'CE','Faculty',0,0,0,'2024-07-19',NULL,NULL),('E-022','ELFA','Jose Jr.','Esperida','1992-01-15','','0000-00-00','2022-07-04',4,'CE','Faculty',0,0,0,'2024-07-20',NULL,NULL),('E-023','ELLEZAR','Susan','Lapizar','1962-11-02','','0000-00-00','2022-07-04',4,'CE','Faculty',0,0,0,'2024-07-21',NULL,NULL),('E-024','ELLEZAR','Basilio','Estrañero','1961-05-20','','0000-00-00','2022-07-04',4,'CE','Faculty',0,0,0,'2024-07-22',NULL,NULL),('E-025','ESCUBRO','Kenyel','Capundan','1998-01-22','','0000-00-00','2023-01-16',4,'CE','Faculty',0,0,0,'2024-07-23',NULL,NULL),('E-029','ENTREGUENA','Alvin','Dunlao','1978-08-12','','0000-00-00','2018-03-02',4,'CE','Facilitator',0,0,0,'2024-07-24',NULL,NULL),('E-030','ELBANO','Bill Jhun','Operio','1994-04-08','','0000-00-00','2024-02-22',4,'CE','Faculty',0,0,0,'2024-07-25',NULL,NULL),('E-032','ELIGUE','Jumarri','Tandoc','2000-07-24','','0000-00-00','2017-02-28',4,'MIS','Faculty',0,0,0,'2024-07-26',NULL,NULL),('E-033','ELIFANE','Bethany Jane','Ga','2001-01-09','','0000-00-00','2024-02-26',4,'CE','Faculty',0,0,0,'2024-07-27',NULL,NULL),('E-034','ELKORDY','Mohamed Mogib','Panizales','2000-04-16','','0000-00-00','2015-09-07',4,'CE','Facilitator',0,0,0,'2024-07-28',NULL,NULL),('E-035','ESCASA','JJ Rose','Villarma','1999-06-03','','0000-00-00','2018-06-01',4,'CE','Faculty',0,0,0,'2024-07-29',NULL,NULL),('E-052','ESPINA','Mauricio II','Espenido','1980-06-05','','0000-00-00','2021-04-07',4,'CE','Facilitator',0,0,0,'2024-07-30',NULL,NULL),('F-001','FELIPRADA','Enrico ','Derla','1952-05-29','','0000-00-00','2024-01-22',4,'CE','Faculty',0,0,0,'2024-07-31',NULL,NULL),('F-003','FELIPRADA','Bella ','Tubilleja','1953-04-02','','0000-00-00','1976-06-01',4,'CE','Faculty',0,0,0,'2024-08-01',NULL,NULL),('F-008','FELIPRADA','Jose Maria Enrico ','Tubilleja','1976-12-08','','0000-00-00','2016-11-03',4,'CE','Faculty',0,0,0,'2024-08-02',NULL,NULL),('F-010','FERNANDEZ','Leanne Claire Marie ','Salas','1977-11-19','','0000-00-00','2024-02-22',4,'CE','Faculty',0,0,0,'2024-08-03',NULL,NULL),('F-015','FERNANDEZ','Lloyd ','Donesa','1978-09-03','','0000-00-00','2019-01-05',4,'CE','Faculty',0,0,0,'2024-08-04',NULL,NULL),('F-016','FUERTE','Gedivine ','Balino','1994-02-14','','0000-00-00','2023-01-16',4,'CE','Faculty',0,0,0,'2024-08-05',NULL,NULL),('F-020','FIRMALINO','Mark Joshua','Pingol','1995-03-08','','0000-00-00','2015-06-01',4,'CE','Faculty',0,0,0,'2024-08-06',NULL,NULL),('F-029','FERNANDEZ','Marissa','Yanez','1971-10-29','','0000-00-00','2017-06-01',4,'CE','Faculty',0,0,0,'2024-08-07',NULL,NULL),('F-030','FORMACION','Cienna ','Garcia','1996-08-26','','0000-00-00','2018-11-03',4,'CE','Faculty',0,0,0,'2024-08-08',NULL,NULL),('F-031','FLAGA','Roy Anthony','Legada','1990-02-26','','0000-00-00','2020-08-17',4,'CE','Faculty',0,0,0,'2024-08-09',NULL,NULL),('F-033','FANDIÑOLA','Reynaldo','Fajarillo','1972-12-22','','0000-00-00','2024-01-03',4,'CE','Faculty',0,0,0,'2024-08-11',NULL,NULL),('F-034','FAILABAN','Gleedin Mae','Jurado','1992-09-20','','0000-00-00','2023-05-24',4,'CE','Faculty',0,0,0,'2024-08-13',NULL,NULL),('F-035','FUENTES','John Dexter','Aposaga','1995-03-28','','0000-00-00','2001-06-13',4,'CE','Faculty',0,0,0,'2024-08-15',NULL,NULL),('F-037','FLORES','Andro Geron','Boleche','1997-08-13','','0000-00-00','2021-01-15',4,'CE','Faculty',0,0,0,'2024-08-16',NULL,NULL),('F-039','FERRER','Reign Dearle','Gaylan','2000-03-18','','0000-00-00','2015-11-03',4,'CE','Faculty',0,0,0,'2024-08-17',NULL,NULL),('F-040','FRANCISCO','Rouela Mae','Pueyo','1991-05-24','','0000-00-00','2021-01-15',4,'CE','Faculty',0,0,0,'2024-08-18',NULL,NULL),('G-001','GALLEGO','Raymond ','Cabaluna','1970-03-15','','0000-00-00','2022-07-04',4,'CE','Faculty',0,0,0,'2024-08-19',NULL,NULL),('G-002','GARGANERA','Ma. Lourney ','Divino','1967-10-12','','0000-00-00','1978-11-01',4,'CE','Faculty',0,0,0,'2024-08-20',NULL,NULL),('G-009','GARACHICO','Leo ','Tagamolila','1958-01-13','','0000-00-00','2018-06-01',4,'CE','Faculty',0,0,0,'2024-08-21',NULL,NULL),('G-010','GOLILAO','Teodorico Jr. ','Espinosa','1965-12-20','','0000-00-00','2023-08-10',4,'CE','Faculty',0,0,0,'2024-08-22',NULL,NULL),('G-022','GEPULLA','Jan Louie ','Base','1984-01-09','','0000-00-00','2023-08-15',4,'CE','Faculty',0,0,0,'2024-08-23',NULL,NULL),('G-024','MECITAS','Yule Hanzel ','Gallofin','1991-02-27','','0000-00-00','2020-08-17',4,'CE','Faculty',0,0,0,'2024-08-24',NULL,NULL),('G-029','GOLILAO','Ramwel','Espinosa','1981-01-02','','0000-00-00','2022-07-04',4,'CE','Faculty',0,0,0,'2024-08-25',NULL,NULL),('G-030','GUIDES','Mark Glen','Cajilig','1986-09-01','','0000-00-00','2022-05-17',6,'Chem','Facilitator',0,0,0,'2024-08-26',NULL,NULL),('G-031','GIL','Melvin','Ferrariz','1995-09-18','','0000-00-00','1990-07-01',9,'MarE','Faculty',0,0,0,'2024-08-27',NULL,NULL),('G-036','GALLEGO','Jofe Ann','Laolao','1997-12-02','','0000-00-00','2002-06-17',9,'MarE','Faculty',0,0,0,'2024-08-29',NULL,NULL),('G-041','GONZALES','Edwin ','Talidong','1968-04-01','','0000-00-00','2012-07-09',9,'MarE','Faculty',0,0,0,'2024-08-30',NULL,NULL),('G-042','GUADAÑA','Rosemarie','Buncag','1966-10-21','','0000-00-00','2015-11-03',9,'MarE','Faculty',0,0,0,'2024-08-31',NULL,NULL),('G-044','GARACHICO','J. Erwin','Somblingo','1996-11-16','','0000-00-00','1975-06-01',9,'MarE','Faculty',0,0,0,'2024-09-01',NULL,NULL),('G-046','GALAS','Joneil','Aunzo','1998-08-13','','0000-00-00','2009-06-01',9,'MarE','Faculty',0,0,0,'2024-09-02',NULL,NULL),('G-048','GUIDES','Joy','Confesor','1994-03-30','','0000-00-00','2022-07-04',9,'MarE','Faculty',0,0,0,'2024-09-03',NULL,NULL),('G-049','GARCIA','Lora','Pelaez','1984-12-13','','0000-00-00','2018-11-12',9,'MarE','Faculty',0,0,0,'2024-09-04',NULL,NULL),('G-052','GALLENTES','Maricar','Oladio','1995-12-20','','0000-00-00','2022-07-04',9,'MarE','Faculty',0,0,0,'2024-09-05',NULL,NULL),('G-053','GA','Ana Luna','Gallo','1997-06-23','','0000-00-00','2016-11-03',9,'MarE','Faculty',0,0,0,'2024-09-06',NULL,NULL),('G-054','GUEVARA','Glaiza','Quiñon','1985-05-03','','0000-00-00','2023-09-06',9,'MarE','Faculty',0,0,0,'2024-09-07',NULL,NULL),('G-055','Gange','Renerio','Efondo','1965-05-10','','0000-00-00','2023-09-26',9,'MarE','Faculty',0,0,0,'2024-09-08',NULL,NULL),('G-056','GONZALES','Rene','Talidong','1983-10-07','','0000-00-00','2013-06-01',9,'MarE','Faculty',0,0,0,'2024-09-09',NULL,NULL),('G-057','GARCIA','Raymond','Bucquial','1983-08-19','','0000-00-00','1979-08-01',9,'MarE','Faculty',0,0,0,'2024-09-10',NULL,NULL),('G-058','GUARIN','Melinda','Nadela','1993-02-07','','0000-00-00','2013-06-01',9,'MarE','Faculty',0,0,0,'2024-09-11',NULL,NULL),('G-060','GABAWA','Lea','Marcon','1985-10-04','','0000-00-00','2014-02-01',9,'MarE','Faculty',0,0,0,'2024-09-13',NULL,NULL),('G-061','GULMATICO','Alexa Mae','Capilatique','1999-08-19','','0000-00-00','2019-06-01',9,'MarE','Faculty',0,0,0,'2024-09-14',NULL,NULL),('G-063','GABAWA','Denmark','Ydemne','1985-05-19','','0000-00-00','1997-07-09',4,'CompE','Faculty',0,0,0,'2024-09-16',NULL,NULL),('G-064','GUEVARRA','Erly','Cadiao','1959-01-19','','0000-00-00','2018-06-01',4,'CompE','Faculty',0,0,0,'2024-09-17',NULL,NULL),('G-065','Guides','Mark Glen','Cajilig','2023-12-14','','0000-00-00','2023-11-15',4,'CompE','Faculty',1,0,0,'2024-04-02',NULL,NULL),('G035','GUANCO','Renee John','Dominguez','1981-10-30','','0000-00-00','2012-07-09',9,'MarE','Faculty',0,0,0,'2024-08-28',NULL,NULL),('H-003','HORTILLOSA','Edgar M.','Montelijao','1968-09-21','','0000-00-00','2023-09-22',4,'CompE','Faculty',0,0,0,'2024-09-18',NULL,NULL),('H-007','HORNOZ','Lea Fel','Gimoto','1996-03-01','','0000-00-00','2023-12-02',4,'CompE','Faculty',0,0,0,'2024-09-19',NULL,NULL),('H-009','HORMIGOSO','Anjello','Yanguas','1988-09-24','','0000-00-00','2012-07-02',4,'CompE','Faculty',0,0,0,'2024-09-20',NULL,NULL),('H-010','HILASQUE','Ella Marie ','Sotomil','1987-11-27','','0000-00-00','2012-07-02',4,'CompE','Faculty',0,0,0,'2024-09-21',NULL,NULL),('H-011','HABAÑA','Jesrelle Vhon','Garque','1994-06-18','','0000-00-00','2015-06-22',4,'CompE','Faculty',0,0,0,'2024-09-22',NULL,NULL),('J-005','JAPITANA','Ana Fia','Sabidalas','1988-07-30','','0000-00-00','2000-06-08',4,'CompE','Faculty',0,0,0,'2024-09-23',NULL,NULL),('J-006','JARDELEZA','Nilo J.','Jalando-on','1953-04-13','','0000-00-00','1998-09-16',4,'CompE','Facilitator',0,0,0,'2024-09-24',NULL,NULL),('J-007','JARDINIANO','Ramon ','Sobredilla','1957-03-01','','0000-00-00','1998-11-25',4,'CompE','Faculty',0,0,0,'2024-09-25',NULL,NULL),('J-008','JAYONA','Joaquin Jr. ','Valderrama','1971-05-09','','0000-00-00','1999-06-15',4,'CompE','Faculty',0,0,0,'2024-09-26',NULL,NULL),('J-009','JARDIOLIN','Melanie ','Villamucho','1961-06-05','','0000-00-00','1999-06-01',4,'CompE','Faculty',0,0,0,'2024-09-27',NULL,NULL),('J-012','JOTES','Rios Tita ','Estorque','1953-02-13','','0000-00-00','1986-01-16',5,'Compt','Facilitator',0,0,0,'2024-09-28',NULL,NULL),('J-016','JARDELEZA','Joyce','Perez','1988-11-29','','0000-00-00','2020-12-23',5,'Compt','Facilitator',0,0,0,'2024-09-29',NULL,NULL),('J-019','JARDELEZA','Jasmine Garet','Perez','1996-04-26','','0000-00-00','1980-06-01',4,'EE','Faculty',0,0,0,'2024-09-30',NULL,NULL),('J-020','JUANEZA','Robert','Pacursa','1955-07-08','','0000-00-00','2018-07-02',4,'EE','Facilitator',0,0,0,'2024-10-01',NULL,NULL),('J-021','JADERA','Jude Reyben','Geroy','1999-12-08','','0000-00-00','2020-08-17',4,'EE','Faculty',0,0,0,'2024-10-02',NULL,NULL),('J-022','JALECO','Aian Jr.','Caldo','2000-12-29','','0000-00-00','2021-11-17',4,'EE','Faculty',0,0,0,'2024-10-03',NULL,NULL),('L-001','Fernandez','Leanne','Salas',NULL,'1','0000-00-00',NULL,5,'PERS','Non-Teaching',NULL,NULL,NULL,'2024-03-22',NULL,NULL),('L-003','LAMPARERO','Jose Marie ','Vales','1964-10-10','','0000-00-00','1999-06-16',4,'EE','Faculty',0,0,0,'2024-10-04',NULL,NULL),('L-005','LAURETA','Almer','Asoy','1987-01-26','','0000-00-00','2017-11-06',4,'CompE','Faculty',0,0,0,'2024-10-05',NULL,NULL),('L-005f','LAURETA','Almer ','Asoy','1987-01-26','','0000-00-00','2023-09-06',4,'EE','Facilitator',0,0,0,'2024-10-12',NULL,NULL),('L-009','LICERA','Mary Margaret ','Valentin','1984-04-18','','0000-00-00','2018-06-01',4,'EE','Faculty',0,0,0,'2024-10-06',NULL,NULL),('L-012','LINDONG','Aldren ','Mandadero','1976-11-09','','0000-00-00','2023-02-01',4,'EE','Faculty',0,0,0,'2024-10-07',NULL,NULL),('L-016','LOPEZ','Felicidad','Villagracia','1950-12-18','','0000-00-00','2023-07-20',4,'EE','Faculty',0,0,0,'2024-10-08',NULL,NULL),('L-023','LOZADA','Wilson','Valencia','1951-02-09','','0000-00-00','2023-09-01',4,'EE','Facilitator',0,0,0,'2024-10-09',NULL,NULL),('L-024','LAYSON','Zenaida ','Segura','1961-05-07','','0000-00-00','2022-07-22',4,'EE','Faculty',0,0,0,'2024-10-10',NULL,NULL),('L-025','LEGASPI','Nora P','Pula','1957-06-18','','0000-00-00','2023-08-10',4,'EE','Faculty',0,0,0,'2024-10-11',NULL,NULL),('L-027','LALLEN','Ma. Josefa ','Gasataya','1970-01-14','','0000-00-00','2022-09-15',4,'EE','Faculty',0,0,0,'2024-10-13',NULL,NULL),('L-028','LENCIOCO','Rubie ','Clavel','1985-02-14','','0000-00-00','2017-06-30',4,'EE','Faculty',0,0,0,'2024-10-14',NULL,NULL),('L-035','LENAUGO','Dan Philip ','Jasmin','1991-12-30','','0000-00-00','2023-06-20',4,'EE','Faculty',0,0,0,'2024-10-15',NULL,NULL),('L-037','LAGNASON','Jocel ','Caño','1988-11-28','','0000-00-00','2014-07-10',4,'EE','Faculty',0,0,0,'2024-10-16',NULL,NULL),('L-038','LACTUPO','Ana Mae','Aron','1982-11-05','','0000-00-00','2013-07-25',4,'EE','Faculty',0,0,0,'2024-10-17',NULL,NULL),('L-041','LOTERONO,Jr.','Juanito','Lapizar','1954-07-10','','0000-00-00','2023-08-02',4,'EE','Faculty',0,0,0,'2024-10-18',NULL,NULL),('L-051','LUNA','Ann Janeth','Caloy','1995-07-14','','0000-00-00','2018-07-02',10,'Grad','Facilitator',0,0,0,'2024-10-19',NULL,NULL),('L-052','LIMSIACO','Julius','Maguliman','1983-07-10','','0000-00-00','2023-09-27',10,'Grad','Faculty',0,0,0,'2024-10-20',NULL,NULL),('L-054','LACANILAO','Siren Sarah','Grate','1996-01-20','','0000-00-00','2023-09-22',10,'Grad','Faculty',0,0,0,'2024-10-21',NULL,NULL),('L-058','LABISCASE','Ma. Victoria ','Baylon','1984-02-05','','0000-00-00','2017-06-13',6,'HRM','Facilitator',0,0,0,'2024-10-22',NULL,NULL),('L-059','LACSON','Johnyde','Cari','1997-05-15','','0000-00-00','2017-09-16',6,'HRM','Facilitator',0,0,0,'2024-10-23',NULL,NULL),('L-060','LAURENTE','Christy ','Berco','1955-10-21','','0000-00-00','2014-06-16',4,'IT','Faculty',0,0,0,'2024-10-24',NULL,NULL),('L-061','LECCIO','Cyril','Lara','1999-09-18','','0000-00-00','2009-07-04',4,'IT','Faculty',0,0,0,'2024-10-25',NULL,NULL),('L-062','LUGO','Joseph Ivan','Pagharion','1998-08-18','','0000-00-00','2012-06-01',4,'IT','Faculty',0,0,0,'2024-10-26',NULL,NULL),('L-063','LOPEZ','Michael ','Lopez','1981-09-10','','0000-00-00','2023-08-31',4,'IT','Faculty',0,0,0,'2024-10-27',NULL,NULL),('L-064','LABO','Athella Mae','Peñalosa','2000-02-11','','0000-00-00','2023-07-28',4,'IT','Faculty',0,0,0,'2024-10-28',NULL,NULL),('L-065','LEGADA','John Keannu ','Aposaga','2000-09-02','','0000-00-00','2017-06-29',4,'IT','Faculty',0,0,0,'2024-10-29',NULL,NULL),('L-066','LOMUGDANG','Ree-Ann','Arao','1994-08-15','','0000-00-00','2021-06-21',4,'IT','Faculty',0,0,0,'2024-10-30',NULL,NULL),('M-012','MASCULINO','Ma. Victoria ','Olivares','1961-01-29','','0000-00-00','2016-06-08',4,'IT','Facilitator',0,0,0,'2024-11-01',NULL,NULL),('M-015','MIRALLES','Eulogio','Escucha','1969-12-01','','0000-00-00','2019-06-25',4,'IT','Faculty',0,0,0,'2024-11-02',NULL,NULL),('M-017','MOLEÑO','Rosalinda ','Balgos','1952-02-24','','0000-00-00','2022-07-01',4,'IT','Faculty',0,0,0,'2024-11-03',NULL,NULL),('M-024','MONTE','Michael Joseph','Poblacion','1985-07-19','','0000-00-00','2014-06-01',4,'IT','Faculty',0,0,0,'2024-11-04',NULL,NULL),('M-026','MECITAS','Jose Arnel Jr.','Camanian','1994-02-25','','0000-00-00','2023-07-20',4,'IT','Faculty',0,0,0,'2024-11-05',NULL,NULL),('M-031','MONEVA','Cindy Michele','Mata','1988-10-07','','0000-00-00','2015-06-19',9,'MarE','Facilitator',0,0,0,'2024-11-06',NULL,NULL),('M-033','MORALES','Antonio','Estante','1954-10-16','','0000-00-00','2022-03-02',9,'MarE','Facilitator',0,0,0,'2024-11-07',NULL,NULL),('M-038','MAMON','Rhyxy Anthony','Gajo','1994-05-03','','0000-00-00','2022-07-19',9,'MarE','Facilitator',0,0,0,'2024-11-08',NULL,NULL),('M-040','MENDOZA','Rodolfo','Barnido','1991-06-17','','0000-00-00','2023-09-19',9,'MarE','Facilitator',0,0,0,'2024-11-09',NULL,NULL),('M-043','MONTECALVO','Regina ','Dolendo','1962-08-22','','0000-00-00','2013-06-18',9,'MarE','Facilitator',0,0,0,'2024-11-10',NULL,NULL),('M-046','MAHILUM','Quiem Bryan','Panes','1997-10-12','','0000-00-00','1978-06-19',10,'Grad','Faculty',0,0,0,'2024-11-11',NULL,NULL),('M-047','MELENDRES','Ervin John','Demadara','1994-07-02','','0000-00-00','1998-06-17',10,'Grad','Faculty',0,0,0,'2024-11-12',NULL,NULL),('M-048','MAJOMETANO','Kenneth','Tanlogan','1997-10-28','','0000-00-00','2020-08-17',4,'ME','Faculty',0,0,0,'2024-11-13',NULL,NULL),('M-051','MARTIR','Conrado','Gallo','1961-06-06','','0000-00-00','1992-01-17',4,'ME','Faculty',0,0,0,'2024-11-15',NULL,NULL),('M-052','MEMORANDO','Analen','Entreguena','1978-11-21','','0000-00-00','1993-11-03',4,'ME','Facilitator',0,0,0,'2024-11-16',NULL,NULL),('M-053','MACURO','Quinnie','Aldabon','1999-08-22','','0000-00-00','2023-08-10',4,'ME','Faculty',0,0,0,'2024-11-17',NULL,NULL),('M-054','MIRALLES','Pearl Angelie','Magno','1998-12-28','','0000-00-00','2018-06-01',4,'ME','Faculty',0,0,0,'2024-11-18',NULL,NULL),('N-001','NAPUD','Emily Delta ','Apilando','1970-07-28','','0000-00-00','2012-07-10',4,'ME','Faculty',0,0,0,'2024-11-20',NULL,NULL),('N-002','NAPUD','Russ Allen ','Bazar','1976-04-01','','0000-00-00','2021-01-15',4,'ME','Faculty',0,0,0,'2024-11-21',NULL,NULL),('N-004','NELLAS','Cecilia ','Lamig','1961-10-31','','0000-00-00','2023-08-10',4,'ME','Faculty',0,0,0,'2024-11-22',NULL,NULL),('N-005','NGIPEN','Rohna ','Jales','1977-11-30','','0000-00-00','2023-01-09',4,'ME','Facilitator',0,0,0,'2024-11-23',NULL,NULL),('N-008','NARTE','Arnold','Montederamos','1977-05-01','','0000-00-00','2018-06-01',4,'ME','Faculty',0,0,0,'2024-11-24',NULL,NULL),('N-018','NISMAL','John Marc','Selerio','1995-11-14','','0000-00-00','2023-08-04',4,'ME ','Faculty',0,0,0,'2024-11-25',NULL,NULL),('N-020','NEQUINTO','Maydelyn Joy','Bastian','1996-05-05','','0000-00-00','2023-12-06',5,'MIS','Facilitator',0,0,0,'2024-11-26',NULL,NULL),('O-002','ORTEGA','Josephine','Sapico','1967-08-21','','0000-00-00','2003-11-03',5,'LIB','Facilitator',0,0,0,'2024-11-28',NULL,NULL),('O-003','ORENSE','Roniben','Miravalles','1951-06-11','','0000-00-00','2023-09-26',5,'LIB','',0,0,0,'2024-11-29',NULL,NULL),('O-006','ORTEGA','Joylyn','Gamarcha','1991-10-02','','0000-00-00','2018-04-02',5,'LIB','Facilitator',0,0,0,'2024-11-30',NULL,NULL),('O-007','OMAMBAC','Theresa','Zaballero','1997-04-18','','0000-00-00','2012-11-07',5,'LIB','Facilitator',0,0,0,'2024-12-01',NULL,NULL),('O-009','OBINA','April Joy','Arca','1999-04-01','','0000-00-00','2008-07-21',5,'NoDept','Facilitator',0,0,0,'2024-12-02',NULL,NULL),('O-010','OJALDON','Jheazza Magne','Malificiar','1998-08-14','','0000-00-00','1993-08-05',5,'NoDept','Facilitator',0,0,0,'2024-12-03',NULL,NULL),('O-011','OLAIRA','Reginalyn','Olap','1997-07-06','','0000-00-00','2010-07-01',5,'NoDept','Facilitator',0,0,0,'2024-12-04',NULL,NULL),('O-012','OÑATES','Reynante','De Los Reyes','1997-11-21','','0000-00-00','2020-02-20',5,'NoDept','Facilitator',0,0,0,'2024-12-05',NULL,NULL),('O-013','MALTI','Cristina','Castillo','1950-12-12','','0000-00-00','2022-01-27',5,'NoDept','Facilitator',0,0,0,'2024-12-06',NULL,NULL),('O-014','ORTEGA','Nilo','Bunog','1961-07-01','','0000-00-00','1992-12-16',5,'NoDept','Facilitator',0,0,0,'2024-12-07',NULL,NULL),('P-004','PADOR','Ma. Carmen ','Salas','1962-07-18','','0000-00-00','2003-10-16',5,'NoDept','Facilitator',0,0,0,'2024-12-08',NULL,NULL),('P-007','PASPE','Sergio Jr. ','Gutierrez','1955-03-09','','0000-00-00','1996-07-02',5,'NoDept','Facilitator',0,0,0,'2024-12-10',NULL,NULL),('P-010','PAMPLONA','Armen ','Serofia','1954-06-10','','0000-00-00','2023-06-14',5,'NoDept','Facilitator',0,0,0,'2024-12-11',NULL,NULL),('P-015','PADERNILLA','Andie','Palma','1986-01-18','','0000-00-00','2009-11-16',5,'NoDept','Facilitator',0,0,0,'2024-12-12',NULL,NULL),('P-023','PINEDA','Ma. Theresa ','Roco','1969-06-11','','0000-00-00','2014-03-01',5,'NoDept','Facilitator',0,0,0,'2024-12-13',NULL,NULL),('P-024','POLUTAN','Rolando ','Basid','1961-11-18','','0000-00-00','2016-08-02',5,'NoDept','Facilitator',0,0,0,'2024-12-14',NULL,NULL),('P-026','PULMONES','Lorna ','Tiangson','1961-01-07','','0000-00-00','2017-09-18',5,'NoDept','Facilitator',0,0,0,'2024-12-15',NULL,NULL),('P-029','PAHILA','Catalino','Dondiego','1951-01-08','','0000-00-00','2019-09-02',5,'NoDept','Facilitator',0,0,0,'2024-12-16',NULL,NULL),('P-033','PAID','Dorothy Ann ','Roxas','1983-07-26','','0000-00-00','1993-11-03',5,'NoDept','Facilitator',0,0,0,'2024-12-17',NULL,NULL),('P-035','PUNSARAN','Rachel ','Hinorga','1994-09-13','','0000-00-00','2022-12-15',5,'NoDept','Facilitator',0,0,0,'2024-12-18',NULL,NULL),('P-040','PULMONES','Loney ','Farillon','1985-01-11','','0000-00-00','2023-07-24',5,'MIS','Facilitator',0,0,0,'2024-12-19',NULL,NULL),('P-044','PAHITAMOS','Alberto','Jurilla','1961-11-12','','0000-00-00','1975-06-01',5,'NoDept','Facilitator',0,0,0,'2024-12-20',NULL,NULL),('P-045','PADOR','Maria Aurelia Estela','Legaspi','1953-12-29','','0000-00-00','1999-07-09',5,'NoDept','Facilitator',0,0,0,'2024-12-21',NULL,NULL),('P-052','PAGATPAT','Rey Angelo','Calma','1992-04-23','','0000-00-00','2014-10-01',5,'NoDept','Facilitator',0,0,0,'2024-12-22',NULL,NULL),('P-054','PALOMO','Jennifer','Enarsao','1995-03-27','','0000-00-00','2021-01-18',5,'NoDept','Facilitator',0,0,0,'2024-12-23',NULL,NULL),('P-057','PIROTE','Ramsam','Serono','1956-06-26','','0000-00-00','1988-06-23',5,'NoDept','Facilitator',0,0,0,'2024-12-24',NULL,NULL),('P-059','PARIN','Alvin Henry','Javita','1983-12-14','','0000-00-00','2013-11-14',5,'NoDept','Facilitator',0,0,0,'2024-12-25',NULL,NULL),('P-060','PADOR','Nicol Ian','Salas','1999-01-28','','0000-00-00','2017-11-15',5,'NoDept','Facilitator',0,0,0,'2024-12-26',NULL,NULL),('P-064','PAMPLIEGA','Joylene Mae','Amoto','1998-07-23','','0000-00-00','2018-06-13',5,'NoDept','Facilitator',0,0,0,'2024-12-27',NULL,NULL),('P-065','PALENCIA','Ray Ann Grace','Agnes','1993-07-06','','0000-00-00','2019-01-24',5,'NoDept','Facilitator',0,0,0,'2024-12-28',NULL,NULL),('P-066','PADILLA','Tatiana Lisa Marie','Barzal','1987-06-25','','0000-00-00','2019-04-10',5,'NoDept','Facilitator',0,0,0,'2024-12-29',NULL,NULL),('P-067','PADOR','Philip Sheehan','Salas','1991-07-10','','0000-00-00','2021-10-30',5,'NoDept','Facilitator',0,0,0,'2024-12-30',NULL,NULL),('P-068','PACLIBAR','Narbie Joy','Lovedorial','1998-09-02','','0000-00-00','2022-04-22',5,'NoDept','Facilitator',0,0,0,'2024-12-31',NULL,NULL),('P-069','PROVIDO','Alexa Mae','Benedicto','1972-09-11','','0000-00-00','2023-06-07',5,'NoDept','Facilitator',0,0,0,'2025-01-01',NULL,NULL),('P-070','PAHILAGAO','Jessica','Jaleco','1999-10-18','','0000-00-00','2018-02-16',5,'NoDept','Facilitator',0,0,0,'2025-01-02',NULL,NULL),('P-071','POLUTAN','John Lee','Fantilaga','1998-02-04','','0000-00-00','1994-07-16',5,'NoDept','Facilitator',0,0,0,'2025-01-03',NULL,NULL),('P-072','PALMA','Blademier','Garcera','1984-07-27','','0000-00-00','2002-03-15',5,'NoDept','Facilitator',0,0,0,'2025-01-04',NULL,NULL),('P-073','PANIZA','Lorenz Mae','Sulpico','1998-12-29','','0000-00-00','2011-06-14',5,'NoDept','Facilitator',0,0,0,'2025-01-05',NULL,NULL),('P-074','PIAD','Bernie','F.','1982-09-17','','0000-00-00','2017-10-02',5,'NoDept','Facilitator',0,0,0,'2025-01-07',NULL,NULL),('Q-002','QUEME','Ronna Mae','Cabrito','1995-07-17','','0000-00-00','2019-11-01',5,'NoDept','Facilitator',0,0,0,'2025-01-08',NULL,NULL),('Q-004','QUINTIA','Jan Jan','Panilla','1989-12-05','','0000-00-00','2008-02-01',5,'NoDept','Facilitator',0,0,0,'2025-01-09',NULL,NULL),('R-004','ROMERO','Edelberto ','Racimo','1963-09-09','','0000-00-00','2020-12-14',5,'NoDept','Facilitator',0,0,0,'2025-01-10',NULL,NULL),('R-006','ROXAS','Numidas ','Juario','1955-10-06','','0000-00-00','2018-10-16',5,'NoDept','Facilitator',0,0,0,'2025-01-11',NULL,NULL),('R-012','ROSALES','Ramona','Jopillo','1957-06-20','','0000-00-00','2023-06-14',5,'NoDept','Facilitator',0,0,0,'2025-01-12',NULL,NULL),('R-016','RIOFRIR','Jeylourd','Prendon','1989-12-22','','0000-00-00','2023-10-14',5,'NoDept','Facilitator',0,0,0,'2025-01-13',NULL,NULL),('R-018','ROBLES','Bea Monique','Sorilla','1998-05-23','','0000-00-00','1997-09-01',5,'NoDept','Facilitator',0,0,0,'2025-01-14',NULL,NULL),('R-019','RABUSA','Cindy','Escobar','1989-04-27','','0000-00-00','1983-06-01',5,'NoDept','Faculty',0,0,0,'2025-01-15',NULL,NULL),('R-020','ROXAS','Noemi','Juario','1987-10-30','','0000-00-00','1983-06-01',5,'NoDept','Facilitator',0,0,0,'2025-01-16',NULL,NULL),('S-001','SALAS','Marjorie ','Firmalino','1950-07-02','','0000-00-00','1995-09-16',5,'NoDept','Facilitator',0,0,0,'2025-01-17',NULL,NULL),('S-005','SALAS','Richard Kenneth III','Firmalino','1974-02-02','','0000-00-00','2017-08-24',5,'NoDept','Facilitator',0,0,0,'2025-01-18',NULL,NULL),('S-009','SERMONIA','Lilia ','Depalobos','1959-08-16','','0000-00-00','2017-11-09',5,'NoDept','Facilitator',0,0,0,'2025-01-19',NULL,NULL),('S-011','De la Cruz','Ruby Kriszelle ','Servano','1988-09-30','','0000-00-00','2022-04-22',5,'NoDept','Facilitator',0,0,0,'2025-01-20',NULL,NULL),('S-014','SUÑER','Roderick ','Doromal','1982-06-04','','0000-00-00','2023-07-03',5,'NoDept','Facilitator',0,0,0,'2025-01-21',NULL,NULL),('S-015','SONGCUYA','Teodolfo Jr.','Quidato','1959-02-07','','0000-00-00','2023-06-16',5,'NoDept','Facilitator',0,0,0,'2025-01-22',NULL,NULL),('S-017','SOTOMIL','Helen','Gaduyon','1956-01-29','','0000-00-00','2024-03-13',5,'NoDept','Faculty',0,0,0,'2025-01-23',NULL,NULL),('S-018','SOTOMIL ','Ninfa ','Sua','1958-11-19','','0000-00-00','2022-07-21',5,'NoDept','Facilitator',0,0,0,'2025-01-24',NULL,NULL),('S-019','SUBONG','Ryan ','Amar','1977-10-27','','0000-00-00','2023-10-02',5,'NoDept','Facilitator',0,0,0,'2025-01-25',NULL,NULL),('S-020','SOLLEZA','Helen ','Togonon','1950-09-06','','0000-00-00','1972-11-01',5,'NoDept','Facilitator',0,0,0,'2025-01-26',NULL,NULL),('S-021','SUPRESENCIA','Steve ','Asistido','1980-01-29','','0000-00-00','1999-11-04',5,'NoDept','Facilitator',0,0,0,'2025-01-27',NULL,NULL),('S-023','SUIZO','Kristel Mae ','Fenis','1990-06-03','','0000-00-00','1978-08-01',5,'NoDept','Facilitator',0,0,0,'2025-01-28',NULL,NULL),('S-026','SOQUERA','Cathy ','Tamoy','1984-12-20','','0000-00-00','2011-11-01',5,'NoDept','Facilitator',0,0,0,'2025-01-29',NULL,NULL),('S-028','SOTARIDONA','Rey','Franco','1974-08-19','','0000-00-00','2015-05-26',5,'NoDept','Facilitator',0,0,0,'2025-01-30',NULL,NULL),('S-034','SOBREVEGA','Rochelle Grace ','Aspera','1993-01-25','','0000-00-00','2008-12-01',5,'NoDept','Facilitator',0,0,0,'2025-01-31',NULL,NULL),('S-035','SALAZAR','Oscar III ','Javier','1979-10-04','','0000-00-00','2014-03-12',5,'NoDept','Facilitator',0,0,0,'2025-02-01',NULL,NULL),('S-036','SIANSON','Jovelyn ','Felarca','1992-09-08','','0000-00-00','2020-09-07',5,'NoDept','Facilitator',0,0,0,'2025-02-02',NULL,NULL),('S-041','SALAS','Shierra ','Olaira','1989-01-27','','0000-00-00','2022-03-08',5,'NoDept','Facilitator',0,0,0,'2025-02-03',NULL,NULL),('S-045','SAMSON','Medard ','Jamora','1977-07-24','','0000-00-00','2017-10-03',5,'NoDept','Facilitator',0,0,0,'2025-02-04',NULL,NULL),('S-049','SEMENIEGO','Brian','Ligan','1988-12-27','','0000-00-00','2019-07-23',5,'NoDept','Facilitator',0,0,0,'2025-02-05',NULL,NULL),('S-050','SINA-ON','Jeany','Dipus','1985-06-10','','0000-00-00','1992-09-01',5,'NoDept','Facilitator',0,0,0,'2025-02-06',NULL,NULL),('S-053','SULMACA','Samuel','Gumban','1975-08-13','','0000-00-00','2011-06-16',5,'NoDept','Facilitator',0,0,0,'2025-02-07',NULL,NULL),('S-056','SOBREPEÑA','Mandy Ysmael','Tan','1991-08-09','','0000-00-00','2004-09-09',4,'EE','Faculty',1,0,0,'2025-02-08',NULL,NULL),('S-057','SODOYSODOY','Irene','Jaen','1995-10-19','','0000-00-00','2023-06-02',5,'PERS','Facilitator',0,0,0,'2025-02-09',NULL,NULL),('S-059','SORILLA','Ephraim','Sobredo','1940-04-26','','0000-00-00','2019-06-25',5,'PERS','Facilitator',0,0,0,'2025-02-10',NULL,NULL),('S-060','SOBREPEÑA','Jesuna ','Pendon','1988-08-21','','0000-00-00','2020-07-30',5,'PERS','Facilitator',0,0,0,'2025-02-11',NULL,NULL),('S-064','SALAYA','Thea Lyn','Dela Torre','1997-10-24','','0000-00-00','2019-07-22',5,'PERS','Facilitator',0,0,0,'2025-02-12',NULL,NULL),('S-065','SIONOSA','Mark John ','Ybarzabal','1993-09-22','','0000-00-00','2010-04-16',5,'PRES','',0,0,0,'2025-02-13',NULL,NULL),('S-067','SALVILLA','Joy','Vito','1977-10-12','','0000-00-00','2015-05-05',5,'PRES','Facilitator',0,0,0,'2025-02-14',NULL,NULL),('S-069','SALES','Jay','Cabalfin','1997-05-23','','0000-00-00','1993-08-25',5,'Regs','Facilitator',0,0,0,'2025-02-15',NULL,NULL),('S-071','SIRAY','Reylene','Rodriguez','1993-09-19','','0000-00-00','2018-03-01',5,'Regs','Facilitator',0,0,0,'2025-02-16',NULL,NULL),('S-072','SALUDES','Jason','Macna','1998-10-15','','0000-00-00','2023-10-25',5,'Regs','Facilitator',0,0,0,'2025-02-17',NULL,NULL),('S-073','SOMPIA','Godfrey','Emboltorio','1995-12-07','','0000-00-00','1994-02-01',5,'Regs','Facilitator',0,0,0,'2025-02-18',NULL,NULL),('S-074','SOLOMON','Miriam','Chavez','1997-12-22','','0000-00-00','2024-02-15',5,'Regs','Facilitator',0,0,0,'2025-02-19',NULL,NULL),('S-075','SILVOSA','Jelyn','Malinao','2000-01-12','','0000-00-00','2024-02-13',5,'Regs','Facilitator',0,0,0,'2025-02-20',NULL,NULL),('S-077','SALES','Ginalyn','Sabando','1996-03-15','','0000-00-00','2012-06-01',5,'Regs','Facilitator',0,0,0,'2025-02-21',NULL,NULL),('S-078','SALAPANTAN','Coleen','Talite','1998-05-27','','0000-00-00','2013-06-01',5,'Regs','Facilitator',0,0,0,'2025-02-22',NULL,NULL),('S-079','SERVIDAD','Jomel','Nacita','1999-07-20','','0000-00-00','2018-12-05',5,'LIB','Facilitator',0,0,0,'2025-02-23',NULL,NULL),('S-080','SALAS','Lovely Joy','Bobadilla','2000-12-11','','0000-00-00','2013-11-15',5,'LIB','Facilitator',0,0,0,'2025-02-24',NULL,NULL),('S-081','SUMIDO','Evan ','Camot','1977-11-25','','0000-00-00','2023-09-13',5,'LIB','Facilitator',0,0,0,'2025-02-25',NULL,NULL),('T-001','TALLADOR','Marilou ','Javier','1956-06-28','','0000-00-00','2023-10-16',5,'LIB','Facilitator',0,0,0,'2025-02-26',NULL,NULL),('T-007','TADIFA','John ','Buenconsejo','1973-06-30','','0000-00-00','2018-06-25',7,'SHS','Faculty',0,0,0,'2025-02-27',NULL,NULL),('T-010','TADIAQUE','Ryan ','Tabasa','1986-01-14','','0000-00-00','2018-06-25',7,'SHS','Faculty',0,0,0,'2025-02-28',NULL,NULL),('T-011','TAMAYO','Joel ','Doromas','1984-12-04','','0000-00-00','2020-08-17',7,'SHS','Faculty',0,0,0,'2025-03-01',NULL,NULL),('T-012','TUBURAN','Kiahrel Jane','Camaymayan','1992-04-06','','0000-00-00','2022-07-04',7,'SHS','Faculty',0,0,0,'2025-03-02',NULL,NULL),('T-015','TIGBAWAN','Precy ','Lerio','1985-03-16','','0000-00-00','2002-06-17',7,'SHS','Faculty',0,0,0,'2025-03-03',NULL,NULL),('T-018','TAMSON','Remy ','Gange','1960-12-27','','0000-00-00','2023-08-22',7,'SHS','Faculty',0,0,0,'2025-03-04',NULL,NULL),('T-021','TRIÑAGAN','Albert','Tronsal','1995-06-07','','0000-00-00','2018-06-25',7,'SHS','Faculty',0,0,0,'2025-03-05',NULL,NULL),('T-027','TOMADO','Joel, Sr.','Anima','1958-06-28','','0000-00-00','2018-09-03',7,'SHS','Faculty',0,0,0,'2025-03-06',NULL,NULL),('T-030','TALENTO','Norberto','Cabanero','1976-06-06','','0000-00-00','2023-09-26',7,'SHS','Faculty',0,0,0,'2025-03-07',NULL,NULL),('T-034','TUAREZ','Juan De Cruz','Baldomero','1952-11-24','','0000-00-00','2023-11-03',7,'SHS','Facilitator',0,0,0,'2025-03-08',NULL,NULL),('T-035','TAGUDIN','Janiel','Porras','1991-05-02','','0000-00-00','2018-07-09',7,'SHS','Faculty',0,0,0,'2025-03-09',NULL,NULL),('T-036','TINAMBUNAN','Mark Aries','Barcelona','1994-03-24','','0000-00-00','2023-08-01',7,'SHS','Facilitator',0,0,0,'2025-03-10',NULL,NULL),('T-037','TAGULABONG','Mary Grace','Magbanua','1999-09-08','','0000-00-00','2022-08-01',7,'SHS','Faculty',0,0,0,'2025-03-11',NULL,NULL),('T-038','TURANO','John Arthur','Elen','1997-03-09','','0000-00-00','2018-11-07',7,'SHS','Faculty',0,0,0,'2025-03-12',NULL,NULL),('T-039','TAGADUAR','Vincent Danyl','Calisang','1994-04-22','','0000-00-00','2019-06-01',7,'SHS','Faculty',0,0,0,'2025-03-13',NULL,NULL),('T-040','TIANERO','Francisco','Juanillo','1982-01-16','','0000-00-00','2023-08-01',7,'SHS','',0,0,0,'2025-03-14',NULL,NULL),('V-001','VALENCIA','John Arnel ','Diolazo','1966-06-14','','0000-00-00','2009-07-01',7,'SHS','Faculty',0,0,0,'2025-03-15',NULL,NULL),('V-002','VALENZUELA','Jacqui Lou ','Baguios','1980-12-17','','0000-00-00','2000-06-08',7,'SHS','Faculty',0,0,0,'2025-03-16',NULL,NULL),('V-008','VILLARIAS','Jethon','Carreon','1993-08-01','','0000-00-00','2006-05-16',7,'SHS','Faculty',0,0,0,'2025-03-17',NULL,NULL),('V-009','VALE','Cristina','Ambita','1982-11-11','','0000-00-00','2019-06-01',7,'SHS','Faculty',0,0,0,'2025-03-18',NULL,NULL),('V-010','VALENCIA','Czeskha Cyrris Ghia','','1999-01-28','','0000-00-00','2023-08-22',7,'SHS','Faculty',0,0,0,'2025-03-19',NULL,NULL),('V-011','VEGIL','Wilma Mae','Penaredondo','1997-11-09','','0000-00-00','2018-06-25',7,'SHS','Faculty',0,0,0,'2025-03-20',NULL,NULL),('V-012','VALENZUELA','Denmark','Garnica','1997-12-15','','0000-00-00','2019-06-01',7,'SHS','Faculty',0,0,0,'2025-03-21',NULL,NULL),('V-013','VILLEGAS','Arwin','Ferbin','1997-08-05','','0000-00-00','2019-06-25',7,'SHS','Faculty',0,0,0,'2025-03-22',NULL,NULL),('V-014','VILLAESTER','Charlie','Bodegas','1998-11-19','','0000-00-00','2022-08-01',7,'SHS','Faculty',0,0,0,'2025-03-23',NULL,NULL),('Y-001','YOO','Pamela ','Ng','1983-09-16','','0000-00-00','2017-06-01',7,'SHS','Faculty',0,0,0,'2025-03-24',NULL,NULL),('Y-002','YEE','Anthony ','Doctolero','1983-10-29','','0000-00-00','2019-03-19',5,'SIO','Facilitator',0,0,0,'2025-03-25',NULL,NULL),('Z-001','ZAMORA','Henry','Grecia','1954-12-23','','0000-00-00','2020-11-19',5,'Treas','Facilitator',0,0,0,'2025-03-26',NULL,NULL);
/*!40000 ALTER TABLE `employees` ENABLE KEYS */;
UNLOCK TABLES;

--
-- Table structure for table `evalallsectionavgd`
--

DROP TABLE IF EXISTS `evalallsectionavgd`;
/*!40101 SET @saved_cs_client     = @@character_set_client */;
/*!50503 SET character_set_client = utf8mb4 */;
CREATE TABLE `evalallsectionavgd` (
  `EvalAllSecAvgDID` int NOT NULL AUTO_INCREMENT,
  `EvalAllSecAvgHID` int NOT NULL DEFAULT '0',
  `QID` int NOT NULL DEFAULT '0',
  `AvgRate` decimal(10,2) NOT NULL DEFAULT '0.00',
  `created_at` date DEFAULT NULL,
  `updated_at` date DEFAULT NULL,
  `deleted_at` date DEFAULT NULL,
  PRIMARY KEY (`EvalAllSecAvgDID`),
  KEY `FK__EvalAllSectionAvgH` (`EvalAllSecAvgHID`),
  KEY `qid4_idx` (`QID`),
  CONSTRAINT `FK__EvalAllSectionAvgH` FOREIGN KEY (`EvalAllSecAvgHID`) REFERENCES `evalallsectionavgh` (`EvalAllSecAvgHID`) ON UPDATE CASCADE,
  CONSTRAINT `qid4` FOREIGN KEY (`QID`) REFERENCES `questions` (`QID`) ON DELETE RESTRICT ON UPDATE CASCADE
) ENGINE=InnoDB AUTO_INCREMENT=81 DEFAULT CHARSET=utf8mb4 COLLATE=utf8mb4_0900_ai_ci;
/*!40101 SET character_set_client = @saved_cs_client */;

--
-- Dumping data for table `evalallsectionavgd`
--

LOCK TABLES `evalallsectionavgd` WRITE;
/*!40000 ALTER TABLE `evalallsectionavgd` DISABLE KEYS */;
INSERT INTO `evalallsectionavgd` VALUES (65,168,26,2.08,'2024-05-21','2024-05-21',NULL),(66,168,27,2.17,'2024-05-21','2024-05-21',NULL),(67,168,28,2.08,'2024-05-21','2024-05-21',NULL),(68,168,29,1.83,'2024-05-21','2024-05-21',NULL),(69,168,30,1.92,'2024-05-21','2024-05-21',NULL),(70,168,31,2.25,'2024-05-21','2024-05-21',NULL),(71,168,32,2.25,'2024-05-21','2024-05-21',NULL),(72,168,33,2.08,'2024-05-21','2024-05-21',NULL),(73,168,34,2.33,'2024-05-21','2024-05-21',NULL),(74,168,35,2.17,'2024-05-21','2024-05-21',NULL),(75,168,36,2.17,'2024-05-21','2024-05-21',NULL),(76,168,37,2.33,'2024-05-21','2024-05-21',NULL),(77,168,38,2.00,'2024-05-21','2024-05-21',NULL),(78,168,39,2.25,'2024-05-21','2024-05-21',NULL),(79,168,40,2.17,'2024-05-21','2024-05-21',NULL),(80,168,41,2.17,'2024-05-21','2024-05-21',NULL);
/*!40000 ALTER TABLE `evalallsectionavgd` ENABLE KEYS */;
UNLOCK TABLES;

--
-- Table structure for table `evalallsectionavgh`
--

DROP TABLE IF EXISTS `evalallsectionavgh`;
/*!40101 SET @saved_cs_client     = @@character_set_client */;
/*!50503 SET character_set_client = utf8mb4 */;
CREATE TABLE `evalallsectionavgh` (
  `EvalAllSecAvgHID` int NOT NULL AUTO_INCREMENT,
  `EmpID` varchar(12) CHARACTER SET utf8mb4 COLLATE utf8mb4_unicode_ci NOT NULL,
  `TotalAvg` decimal(10,2) NOT NULL,
  `ProcessedBy` varchar(12) CHARACTER SET utf8mb4 COLLATE utf8mb4_0900_ai_ci NOT NULL,
  `created_at` date DEFAULT NULL,
  `updated_at` date DEFAULT NULL,
  `deleted_at` date DEFAULT NULL,
  `semester` varchar(25) CHARACTER SET utf8mb4 COLLATE utf8mb4_0900_ai_ci DEFAULT NULL,
  `SchoolYearFrom` mediumint DEFAULT NULL,
  `SchoolYearTo` mediumint DEFAULT NULL,
  PRIMARY KEY (`EvalAllSecAvgHID`),
  KEY `empid3_idx` (`EmpID`),
  CONSTRAINT `empid3` FOREIGN KEY (`EmpID`) REFERENCES `employees` (`EmpID`) ON DELETE RESTRICT ON UPDATE CASCADE
) ENGINE=InnoDB AUTO_INCREMENT=169 DEFAULT CHARSET=utf8mb4 COLLATE=utf8mb4_0900_ai_ci;
/*!40101 SET character_set_client = @saved_cs_client */;

--
-- Dumping data for table `evalallsectionavgh`
--

LOCK TABLES `evalallsectionavgh` WRITE;
/*!40000 ALTER TABLE `evalallsectionavgh` DISABLE KEYS */;
INSERT INTO `evalallsectionavgh` VALUES (168,'L-005',2.14,'ADMIN A. ADM','2024-05-21','2024-05-21',NULL,'2nd Semester',2023,2024);
/*!40000 ALTER TABLE `evalallsectionavgh` ENABLE KEYS */;
UNLOCK TABLES;

--
-- Table structure for table `evalanswer`
--

DROP TABLE IF EXISTS `evalanswer`;
/*!40101 SET @saved_cs_client     = @@character_set_client */;
/*!50503 SET character_set_client = utf8mb4 */;
CREATE TABLE `evalanswer` (
  `EvalAns` int NOT NULL AUTO_INCREMENT,
  `EvalID` int NOT NULL,
  `QGID` int NOT NULL,
  `QID` int NOT NULL,
  `EvalAndStudentToken` varchar(100) CHARACTER SET utf8mb4 COLLATE utf8mb4_unicode_ci NOT NULL,
  `IsNumericalAnswer` bit(1) DEFAULT NULL,
  `RateGiven` decimal(11,2) NOT NULL DEFAULT '0.00',
  `FreeformAnswer` text CHARACTER SET utf8mb4 COLLATE utf8mb4_unicode_ci,
  `created_at` date DEFAULT NULL,
  `updated_at` date DEFAULT NULL,
  `deleted_at` date DEFAULT NULL,
  PRIMARY KEY (`EvalAns`),
  KEY `EvalAnswer_ibfk_1` (`QGID`),
  KEY `EvalAnswer_ibfk_3` (`QID`) /*!80000 INVISIBLE */,
  KEY `FK_EvalAnswer_Evaluations` (`EvalID`),
  KEY `evaltoken` (`EvalAndStudentToken`),
  CONSTRAINT `EvalAnswer_ibfk_1` FOREIGN KEY (`QGID`) REFERENCES `questiongroups` (`QGID`),
  CONSTRAINT `EvalAnswer_ibfk_3` FOREIGN KEY (`QID`) REFERENCES `questions` (`QID`),
  CONSTRAINT `FK_EvalAnswer_Evaluations` FOREIGN KEY (`EvalID`) REFERENCES `evaluations` (`EvalID`)
) ENGINE=InnoDB AUTO_INCREMENT=453 DEFAULT CHARSET=utf8mb4 COLLATE=utf8mb4_unicode_ci;
/*!40101 SET character_set_client = @saved_cs_client */;

--
-- Dumping data for table `evalanswer`
--

LOCK TABLES `evalanswer` WRITE;
/*!40000 ALTER TABLE `evalanswer` DISABLE KEYS */;
INSERT INTO `evalanswer` VALUES (1,3354,10,26,'bJgN-Uw3Z',_binary '',1.00,NULL,'2024-04-21',NULL,NULL),(2,3354,10,27,'bJgN-Uw3Z',_binary '',2.00,NULL,'2024-04-21',NULL,NULL),(3,3354,10,28,'bJgN-Uw3Z',_binary '',3.00,NULL,'2024-04-21',NULL,NULL),(4,3354,10,29,'bJgN-Uw3Z',_binary '',2.00,NULL,'2024-04-21',NULL,NULL),(5,3354,10,30,'bJgN-Uw3Z',_binary '',1.00,NULL,'2024-04-21',NULL,NULL),(6,3354,10,31,'bJgN-Uw3Z',_binary '',2.00,NULL,'2024-04-21',NULL,NULL),(7,3354,10,32,'bJgN-Uw3Z',_binary '',3.00,NULL,'2024-04-21',NULL,NULL),(8,3354,10,33,'bJgN-Uw3Z',_binary '',2.00,NULL,'2024-04-21',NULL,NULL),(9,3354,10,34,'bJgN-Uw3Z',_binary '',1.00,NULL,'2024-04-21',NULL,NULL),(10,3354,10,35,'bJgN-Uw3Z',_binary '',2.00,NULL,'2024-04-21',NULL,NULL),(11,3354,10,36,'bJgN-Uw3Z',_binary '',3.00,NULL,'2024-04-21',NULL,NULL),(12,3354,10,37,'bJgN-Uw3Z',_binary '',2.00,NULL,'2024-04-21',NULL,NULL),(13,3354,10,38,'bJgN-Uw3Z',_binary '',1.00,NULL,'2024-04-21',NULL,NULL),(14,3354,10,39,'bJgN-Uw3Z',_binary '',2.00,NULL,'2024-04-21',NULL,NULL),(15,3354,10,40,'bJgN-Uw3Z',_binary '',3.00,NULL,'2024-04-21',NULL,NULL),(16,3354,10,41,'bJgN-Uw3Z',_binary '',2.00,NULL,'2024-04-21',NULL,NULL),(17,3354,10,42,'bJgN-Uw3Z',_binary '\0',0.00,'','2024-04-21',NULL,NULL),(18,3354,10,43,'bJgN-Uw3Z',_binary '\0',0.00,'','2024-04-21',NULL,NULL),(19,3354,10,44,'bJgN-Uw3Z',_binary '\0',0.00,'','2024-04-21',NULL,NULL),(20,3354,10,26,'bJgN-zgr8',_binary '',1.00,NULL,'2024-04-21',NULL,NULL),(21,3354,10,27,'bJgN-zgr8',_binary '',1.00,NULL,'2024-04-21',NULL,NULL),(22,3354,10,28,'bJgN-zgr8',_binary '',1.00,NULL,'2024-04-21',NULL,NULL),(23,3354,10,29,'bJgN-zgr8',_binary '',2.00,NULL,'2024-04-21',NULL,NULL),(24,3354,10,30,'bJgN-zgr8',_binary '',2.00,NULL,'2024-04-21',NULL,NULL),(25,3354,10,31,'bJgN-zgr8',_binary '',2.00,NULL,'2024-04-21',NULL,NULL),(26,3354,10,32,'bJgN-zgr8',_binary '',3.00,NULL,'2024-04-21',NULL,NULL),(27,3354,10,33,'bJgN-zgr8',_binary '',3.00,NULL,'2024-04-21',NULL,NULL),(28,3354,10,34,'bJgN-zgr8',_binary '',3.00,NULL,'2024-04-21',NULL,NULL),(29,3354,10,35,'bJgN-zgr8',_binary '',1.00,NULL,'2024-04-21',NULL,NULL),(30,3354,10,36,'bJgN-zgr8',_binary '',1.00,NULL,'2024-04-21',NULL,NULL),(31,3354,10,37,'bJgN-zgr8',_binary '',1.00,NULL,'2024-04-21',NULL,NULL),(32,3354,10,38,'bJgN-zgr8',_binary '',2.00,NULL,'2024-04-21',NULL,NULL),(33,3354,10,39,'bJgN-zgr8',_binary '',2.00,NULL,'2024-04-21',NULL,NULL),(34,3354,10,40,'bJgN-zgr8',_binary '',2.00,NULL,'2024-04-21',NULL,NULL),(35,3354,10,41,'bJgN-zgr8',_binary '',3.00,NULL,'2024-04-21',NULL,NULL),(36,3354,10,42,'bJgN-zgr8',_binary '\0',0.00,'','2024-04-21',NULL,NULL),(37,3354,10,43,'bJgN-zgr8',_binary '\0',0.00,'','2024-04-21',NULL,NULL),(38,3354,10,44,'bJgN-zgr8',_binary '\0',0.00,'','2024-04-21',NULL,NULL),(39,3354,10,26,'bJgN-wfpp',_binary '',1.00,NULL,'2024-04-21',NULL,NULL),(40,3354,10,27,'bJgN-wfpp',_binary '',2.00,NULL,'2024-04-21',NULL,NULL),(41,3354,10,28,'bJgN-wfpp',_binary '',3.00,NULL,'2024-04-21',NULL,NULL),(42,3354,10,29,'bJgN-wfpp',_binary '',1.00,NULL,'2024-04-21',NULL,NULL),(43,3354,10,30,'bJgN-wfpp',_binary '',2.00,NULL,'2024-04-21',NULL,NULL),(44,3354,10,31,'bJgN-wfpp',_binary '',3.00,NULL,'2024-04-21',NULL,NULL),(45,3354,10,32,'bJgN-wfpp',_binary '',1.00,NULL,'2024-04-21',NULL,NULL),(46,3354,10,33,'bJgN-wfpp',_binary '',2.00,NULL,'2024-04-21',NULL,NULL),(47,3354,10,34,'bJgN-wfpp',_binary '',3.00,NULL,'2024-04-21',NULL,NULL),(48,3354,10,35,'bJgN-wfpp',_binary '',1.00,NULL,'2024-04-21',NULL,NULL),(49,3354,10,36,'bJgN-wfpp',_binary '',2.00,NULL,'2024-04-21',NULL,NULL),(50,3354,10,37,'bJgN-wfpp',_binary '',3.00,NULL,'2024-04-21',NULL,NULL),(51,3354,10,38,'bJgN-wfpp',_binary '',1.00,NULL,'2024-04-21',NULL,NULL),(52,3354,10,39,'bJgN-wfpp',_binary '',2.00,NULL,'2024-04-21',NULL,NULL),(53,3354,10,40,'bJgN-wfpp',_binary '',3.00,NULL,'2024-04-21',NULL,NULL),(54,3354,10,41,'bJgN-wfpp',_binary '',1.00,NULL,'2024-04-21',NULL,NULL),(55,3354,10,42,'bJgN-wfpp',_binary '\0',0.00,'','2024-04-21',NULL,NULL),(56,3354,10,43,'bJgN-wfpp',_binary '\0',0.00,'','2024-04-21',NULL,NULL),(57,3354,10,44,'bJgN-wfpp',_binary '\0',0.00,'','2024-04-21',NULL,NULL),(58,3356,10,26,'sKfg-CaxC',_binary '',3.00,NULL,'2024-04-21',NULL,NULL),(59,3356,10,27,'sKfg-CaxC',_binary '',2.00,NULL,'2024-04-21',NULL,NULL),(60,3356,10,28,'sKfg-CaxC',_binary '',1.00,NULL,'2024-04-21',NULL,NULL),(61,3356,10,29,'sKfg-CaxC',_binary '',1.00,NULL,'2024-04-21',NULL,NULL),(62,3356,10,30,'sKfg-CaxC',_binary '',2.00,NULL,'2024-04-21',NULL,NULL),(63,3356,10,31,'sKfg-CaxC',_binary '',3.00,NULL,'2024-04-21',NULL,NULL),(64,3356,10,32,'sKfg-CaxC',_binary '',3.00,NULL,'2024-04-21',NULL,NULL),(65,3356,10,33,'sKfg-CaxC',_binary '',2.00,NULL,'2024-04-21',NULL,NULL),(66,3356,10,34,'sKfg-CaxC',_binary '',1.00,NULL,'2024-04-21',NULL,NULL),(67,3356,10,35,'sKfg-CaxC',_binary '',1.00,NULL,'2024-04-21',NULL,NULL),(68,3356,10,36,'sKfg-CaxC',_binary '',2.00,NULL,'2024-04-21',NULL,NULL),(69,3356,10,37,'sKfg-CaxC',_binary '',3.00,NULL,'2024-04-21',NULL,NULL),(70,3356,10,38,'sKfg-CaxC',_binary '',3.00,NULL,'2024-04-21',NULL,NULL),(71,3356,10,39,'sKfg-CaxC',_binary '',2.00,NULL,'2024-04-21',NULL,NULL),(72,3356,10,40,'sKfg-CaxC',_binary '',1.00,NULL,'2024-04-21',NULL,NULL),(73,3356,10,41,'sKfg-CaxC',_binary '',1.00,NULL,'2024-04-21',NULL,NULL),(74,3356,10,42,'sKfg-CaxC',_binary '\0',0.00,'','2024-04-21',NULL,NULL),(75,3356,10,43,'sKfg-CaxC',_binary '\0',0.00,'','2024-04-21',NULL,NULL),(76,3356,10,44,'sKfg-CaxC',_binary '\0',0.00,'','2024-04-21',NULL,NULL),(77,3356,10,26,'sKfg-RZyr',_binary '',2.00,NULL,'2024-04-21',NULL,NULL),(78,3356,10,27,'sKfg-RZyr',_binary '',2.00,NULL,'2024-04-21',NULL,NULL),(79,3356,10,28,'sKfg-RZyr',_binary '',2.00,NULL,'2024-04-21',NULL,NULL),(80,3356,10,29,'sKfg-RZyr',_binary '',1.00,NULL,'2024-04-21',NULL,NULL),(81,3356,10,30,'sKfg-RZyr',_binary '',1.00,NULL,'2024-04-21',NULL,NULL),(82,3356,10,31,'sKfg-RZyr',_binary '',1.00,NULL,'2024-04-21',NULL,NULL),(83,3356,10,32,'sKfg-RZyr',_binary '',3.00,NULL,'2024-04-21',NULL,NULL),(84,3356,10,33,'sKfg-RZyr',_binary '',3.00,NULL,'2024-04-21',NULL,NULL),(85,3356,10,34,'sKfg-RZyr',_binary '',3.00,NULL,'2024-04-21',NULL,NULL),(86,3356,10,35,'sKfg-RZyr',_binary '',2.00,NULL,'2024-04-21',NULL,NULL),(87,3356,10,36,'sKfg-RZyr',_binary '',2.00,NULL,'2024-04-21',NULL,NULL),(88,3356,10,37,'sKfg-RZyr',_binary '',2.00,NULL,'2024-04-21',NULL,NULL),(89,3356,10,38,'sKfg-RZyr',_binary '',1.00,NULL,'2024-04-21',NULL,NULL),(90,3356,10,39,'sKfg-RZyr',_binary '',1.00,NULL,'2024-04-21',NULL,NULL),(91,3356,10,40,'sKfg-RZyr',_binary '',1.00,NULL,'2024-04-21',NULL,NULL),(92,3356,10,41,'sKfg-RZyr',_binary '',3.00,NULL,'2024-04-21',NULL,NULL),(93,3356,10,42,'sKfg-RZyr',_binary '\0',0.00,'','2024-04-21',NULL,NULL),(94,3356,10,43,'sKfg-RZyr',_binary '\0',0.00,'','2024-04-21',NULL,NULL),(95,3356,10,44,'sKfg-RZyr',_binary '\0',0.00,'','2024-04-21',NULL,NULL),(96,3356,10,26,'sKfg-SIMl',_binary '',1.00,NULL,'2024-04-21',NULL,NULL),(97,3356,10,27,'sKfg-SIMl',_binary '',1.00,NULL,'2024-04-21',NULL,NULL),(98,3356,10,28,'sKfg-SIMl',_binary '',1.00,NULL,'2024-04-21',NULL,NULL),(99,3356,10,29,'sKfg-SIMl',_binary '',2.00,NULL,'2024-04-21',NULL,NULL),(100,3356,10,30,'sKfg-SIMl',_binary '',2.00,NULL,'2024-04-21',NULL,NULL),(101,3356,10,31,'sKfg-SIMl',_binary '',2.00,NULL,'2024-04-21',NULL,NULL),(102,3356,10,32,'sKfg-SIMl',_binary '',1.00,NULL,'2024-04-21',NULL,NULL),(103,3356,10,33,'sKfg-SIMl',_binary '',1.00,NULL,'2024-04-21',NULL,NULL),(104,3356,10,34,'sKfg-SIMl',_binary '',3.00,NULL,'2024-04-21',NULL,NULL),(105,3356,10,35,'sKfg-SIMl',_binary '',3.00,NULL,'2024-04-21',NULL,NULL),(106,3356,10,36,'sKfg-SIMl',_binary '',1.00,NULL,'2024-04-21',NULL,NULL),(107,3356,10,37,'sKfg-SIMl',_binary '',1.00,NULL,'2024-04-21',NULL,NULL),(108,3356,10,38,'sKfg-SIMl',_binary '',1.00,NULL,'2024-04-21',NULL,NULL),(109,3356,10,39,'sKfg-SIMl',_binary '',2.00,NULL,'2024-04-21',NULL,NULL),(110,3356,10,40,'sKfg-SIMl',_binary '',2.00,NULL,'2024-04-21',NULL,NULL),(111,3356,10,41,'sKfg-SIMl',_binary '',2.00,NULL,'2024-04-21',NULL,NULL),(112,3356,10,42,'sKfg-SIMl',_binary '\0',0.00,'','2024-04-21',NULL,NULL),(113,3356,10,43,'sKfg-SIMl',_binary '\0',0.00,'','2024-04-21',NULL,NULL),(114,3356,10,44,'sKfg-SIMl',_binary '\0',0.00,'','2024-04-21',NULL,NULL),(115,3357,10,26,'3NFp-sSt5',_binary '',2.00,NULL,'2024-04-21',NULL,NULL),(116,3357,10,27,'3NFp-sSt5',_binary '',2.00,NULL,'2024-04-21',NULL,NULL),(117,3357,10,28,'3NFp-sSt5',_binary '',1.00,NULL,'2024-04-21',NULL,NULL),(118,3357,10,29,'3NFp-sSt5',_binary '',1.00,NULL,'2024-04-21',NULL,NULL),(119,3357,10,30,'3NFp-sSt5',_binary '',2.00,NULL,'2024-04-21',NULL,NULL),(120,3357,10,31,'3NFp-sSt5',_binary '',3.00,NULL,'2024-04-21',NULL,NULL),(121,3357,10,32,'3NFp-sSt5',_binary '',2.00,NULL,'2024-04-21',NULL,NULL),(122,3357,10,33,'3NFp-sSt5',_binary '',1.00,NULL,'2024-04-21',NULL,NULL),(123,3357,10,34,'3NFp-sSt5',_binary '',1.00,NULL,'2024-04-21',NULL,NULL),(124,3357,10,35,'3NFp-sSt5',_binary '',2.00,NULL,'2024-04-21',NULL,NULL),(125,3357,10,36,'3NFp-sSt5',_binary '',2.00,NULL,'2024-04-21',NULL,NULL),(126,3357,10,37,'3NFp-sSt5',_binary '',3.00,NULL,'2024-04-21',NULL,NULL),(127,3357,10,38,'3NFp-sSt5',_binary '',2.00,NULL,'2024-04-21',NULL,NULL),(128,3357,10,39,'3NFp-sSt5',_binary '',2.00,NULL,'2024-04-21',NULL,NULL),(129,3357,10,40,'3NFp-sSt5',_binary '',1.00,NULL,'2024-04-21',NULL,NULL),(130,3357,10,41,'3NFp-sSt5',_binary '',1.00,NULL,'2024-04-21',NULL,NULL),(131,3357,10,42,'3NFp-sSt5',_binary '\0',0.00,'','2024-04-21',NULL,NULL),(132,3357,10,43,'3NFp-sSt5',_binary '\0',0.00,'','2024-04-21',NULL,NULL),(133,3357,10,44,'3NFp-sSt5',_binary '\0',0.00,'','2024-04-21',NULL,NULL),(134,3357,10,26,'3NFp-Su3z',_binary '',3.00,NULL,'2024-04-21',NULL,NULL),(135,3357,10,27,'3NFp-Su3z',_binary '',3.00,NULL,'2024-04-21',NULL,NULL),(136,3357,10,28,'3NFp-Su3z',_binary '',2.00,NULL,'2024-04-21',NULL,NULL),(137,3357,10,29,'3NFp-Su3z',_binary '',2.00,NULL,'2024-04-21',NULL,NULL),(138,3357,10,30,'3NFp-Su3z',_binary '',1.00,NULL,'2024-04-21',NULL,NULL),(139,3357,10,31,'3NFp-Su3z',_binary '',1.00,NULL,'2024-04-21',NULL,NULL),(140,3357,10,32,'3NFp-Su3z',_binary '',1.00,NULL,'2024-04-21',NULL,NULL),(141,3357,10,33,'3NFp-Su3z',_binary '',1.00,NULL,'2024-04-21',NULL,NULL),(142,3357,10,34,'3NFp-Su3z',_binary '',3.00,NULL,'2024-04-21',NULL,NULL),(143,3357,10,35,'3NFp-Su3z',_binary '',3.00,NULL,'2024-04-21',NULL,NULL),(144,3357,10,36,'3NFp-Su3z',_binary '',2.00,NULL,'2024-04-21',NULL,NULL),(145,3357,10,37,'3NFp-Su3z',_binary '',2.00,NULL,'2024-04-21',NULL,NULL),(146,3357,10,38,'3NFp-Su3z',_binary '',2.00,NULL,'2024-04-21',NULL,NULL),(147,3357,10,39,'3NFp-Su3z',_binary '',2.00,NULL,'2024-04-21',NULL,NULL),(148,3357,10,40,'3NFp-Su3z',_binary '',1.00,NULL,'2024-04-21',NULL,NULL),(149,3357,10,41,'3NFp-Su3z',_binary '',1.00,NULL,'2024-04-21',NULL,NULL),(150,3357,10,42,'3NFp-Su3z',_binary '\0',0.00,'','2024-04-21',NULL,NULL),(151,3357,10,43,'3NFp-Su3z',_binary '\0',0.00,'','2024-04-21',NULL,NULL),(152,3357,10,44,'3NFp-Su3z',_binary '\0',0.00,'','2024-04-21',NULL,NULL),(153,3357,10,26,'3NFp-ZNIB',_binary '',2.00,NULL,'2024-04-21',NULL,NULL),(154,3357,10,27,'3NFp-ZNIB',_binary '',2.00,NULL,'2024-04-21',NULL,NULL),(155,3357,10,28,'3NFp-ZNIB',_binary '',2.00,NULL,'2024-04-21',NULL,NULL),(156,3357,10,29,'3NFp-ZNIB',_binary '',1.00,NULL,'2024-04-21',NULL,NULL),(157,3357,10,30,'3NFp-ZNIB',_binary '',1.00,NULL,'2024-04-21',NULL,NULL),(158,3357,10,31,'3NFp-ZNIB',_binary '',1.00,NULL,'2024-04-21',NULL,NULL),(159,3357,10,32,'3NFp-ZNIB',_binary '',1.00,NULL,'2024-04-21',NULL,NULL),(160,3357,10,33,'3NFp-ZNIB',_binary '',1.00,NULL,'2024-04-21',NULL,NULL),(161,3357,10,34,'3NFp-ZNIB',_binary '',1.00,NULL,'2024-04-21',NULL,NULL),(162,3357,10,35,'3NFp-ZNIB',_binary '',2.00,NULL,'2024-04-21',NULL,NULL),(163,3357,10,36,'3NFp-ZNIB',_binary '',2.00,NULL,'2024-04-21',NULL,NULL),(164,3357,10,37,'3NFp-ZNIB',_binary '',2.00,NULL,'2024-04-21',NULL,NULL),(165,3357,10,38,'3NFp-ZNIB',_binary '',2.00,NULL,'2024-04-21',NULL,NULL),(166,3357,10,39,'3NFp-ZNIB',_binary '',3.00,NULL,'2024-04-21',NULL,NULL),(167,3357,10,40,'3NFp-ZNIB',_binary '',3.00,NULL,'2024-04-21',NULL,NULL),(168,3357,10,41,'3NFp-ZNIB',_binary '',3.00,NULL,'2024-04-21',NULL,NULL),(169,3357,10,42,'3NFp-ZNIB',_binary '\0',0.00,'','2024-04-21',NULL,NULL),(170,3357,10,43,'3NFp-ZNIB',_binary '\0',0.00,'','2024-04-21',NULL,NULL),(171,3357,10,44,'3NFp-ZNIB',_binary '\0',0.00,'','2024-04-21',NULL,NULL),(172,4477,11,48,'9RetTP',_binary '',2.00,NULL,'2024-04-21',NULL,NULL),(173,4477,11,49,'9RetTP',_binary '',2.00,NULL,'2024-04-21',NULL,NULL),(174,4477,11,50,'9RetTP',_binary '',2.00,NULL,'2024-04-21',NULL,NULL),(175,4477,11,51,'9RetTP',_binary '',3.00,NULL,'2024-04-21',NULL,NULL),(176,4477,11,52,'9RetTP',_binary '',2.00,NULL,'2024-04-21',NULL,NULL),(177,4477,11,53,'9RetTP',_binary '',2.00,NULL,'2024-04-21',NULL,NULL),(178,4477,11,54,'9RetTP',_binary '',2.00,NULL,'2024-04-21',NULL,NULL),(179,4477,11,55,'9RetTP',_binary '',1.00,NULL,'2024-04-21',NULL,NULL),(180,4477,11,56,'9RetTP',_binary '',2.00,NULL,'2024-04-21',NULL,NULL),(181,4477,11,57,'9RetTP',_binary '',2.00,NULL,'2024-04-21',NULL,NULL),(182,4477,11,58,'9RetTP',_binary '',2.00,NULL,'2024-04-21',NULL,NULL),(183,4477,11,59,'9RetTP',_binary '',2.00,NULL,'2024-04-21',NULL,NULL),(184,4477,11,60,'9RetTP',_binary '',2.00,NULL,'2024-04-21',NULL,NULL),(185,4477,11,61,'9RetTP',_binary '',3.00,NULL,'2024-04-21',NULL,NULL),(186,4477,11,62,'9RetTP',_binary '',1.00,NULL,'2024-04-21',NULL,NULL),(187,4477,11,63,'9RetTP',_binary '',2.00,NULL,'2024-04-21',NULL,NULL),(188,4477,11,64,'9RetTP',_binary '',2.00,NULL,'2024-04-21',NULL,NULL),(189,4477,11,65,'9RetTP',_binary '',2.00,NULL,'2024-04-21',NULL,NULL),(190,4477,11,66,'9RetTP',_binary '',2.00,NULL,'2024-04-21',NULL,NULL),(191,4477,11,67,'9RetTP',_binary '',2.00,NULL,'2024-04-21',NULL,NULL),(192,4477,11,68,'9RetTP',_binary '',1.00,NULL,'2024-04-21',NULL,NULL),(193,4477,11,69,'9RetTP',_binary '',2.00,NULL,'2024-04-21',NULL,NULL),(194,4477,11,70,'9RetTP',_binary '',1.00,NULL,'2024-04-21',NULL,NULL),(195,4477,11,71,'9RetTP',_binary '',3.00,NULL,'2024-04-21',NULL,NULL),(196,4477,11,72,'9RetTP',_binary '',2.00,NULL,'2024-04-21',NULL,NULL),(197,4477,11,73,'9RetTP',_binary '',2.00,NULL,'2024-04-21',NULL,NULL),(198,4477,11,74,'9RetTP',_binary '',2.00,NULL,'2024-04-21',NULL,NULL),(199,4477,11,75,'9RetTP',_binary '',2.00,NULL,'2024-04-21',NULL,NULL),(200,4477,11,76,'9RetTP',_binary '',2.00,NULL,'2024-04-21',NULL,NULL),(201,4477,11,77,'9RetTP',_binary '',2.00,NULL,'2024-04-21',NULL,NULL),(202,4015,10,26,'qv9X-SIMl',_binary '',1.00,NULL,'2024-04-25',NULL,NULL),(203,4015,10,27,'qv9X-SIMl',_binary '',2.00,NULL,'2024-04-25',NULL,NULL),(204,4015,10,28,'qv9X-SIMl',_binary '',2.00,NULL,'2024-04-25',NULL,NULL),(205,4015,10,29,'qv9X-SIMl',_binary '',3.00,NULL,'2024-04-25',NULL,NULL),(206,4015,10,30,'qv9X-SIMl',_binary '',3.00,NULL,'2024-04-25',NULL,NULL),(207,4015,10,31,'qv9X-SIMl',_binary '',3.00,NULL,'2024-04-25',NULL,NULL),(208,4015,10,32,'qv9X-SIMl',_binary '',3.00,NULL,'2024-04-25',NULL,NULL),(209,4015,10,33,'qv9X-SIMl',_binary '',3.00,NULL,'2024-04-25',NULL,NULL),(210,4015,10,34,'qv9X-SIMl',_binary '',3.00,NULL,'2024-04-25',NULL,NULL),(211,4015,10,35,'qv9X-SIMl',_binary '',3.00,NULL,'2024-04-25',NULL,NULL),(212,4015,10,36,'qv9X-SIMl',_binary '',3.00,NULL,'2024-04-25',NULL,NULL),(213,4015,10,37,'qv9X-SIMl',_binary '',3.00,NULL,'2024-04-25',NULL,NULL),(214,4015,10,38,'qv9X-SIMl',_binary '',3.00,NULL,'2024-04-25',NULL,NULL),(215,4015,10,39,'qv9X-SIMl',_binary '',3.00,NULL,'2024-04-25',NULL,NULL),(216,4015,10,40,'qv9X-SIMl',_binary '',3.00,NULL,'2024-04-25',NULL,NULL),(217,4015,10,41,'qv9X-SIMl',_binary '',3.00,NULL,'2024-04-25',NULL,NULL),(218,4015,10,42,'qv9X-SIMl',_binary '\0',0.00,'','2024-04-25',NULL,NULL),(219,4015,10,43,'qv9X-SIMl',_binary '\0',0.00,'','2024-04-25',NULL,NULL),(220,4015,10,44,'qv9X-SIMl',_binary '\0',0.00,'','2024-04-25',NULL,NULL),(221,4015,10,26,'qv9X-sSt5',_binary '',1.00,NULL,'2024-04-25',NULL,NULL),(222,4015,10,27,'qv9X-sSt5',_binary '',2.00,NULL,'2024-04-25',NULL,NULL),(223,4015,10,28,'qv9X-sSt5',_binary '',4.00,NULL,'2024-04-25',NULL,NULL),(224,4015,10,29,'qv9X-sSt5',_binary '',2.00,NULL,'2024-04-25',NULL,NULL),(225,4015,10,30,'qv9X-sSt5',_binary '',2.00,NULL,'2024-04-25',NULL,NULL),(226,4015,10,31,'qv9X-sSt5',_binary '',2.00,NULL,'2024-04-25',NULL,NULL),(227,4015,10,32,'qv9X-sSt5',_binary '',2.00,NULL,'2024-04-25',NULL,NULL),(228,4015,10,33,'qv9X-sSt5',_binary '',2.00,NULL,'2024-04-25',NULL,NULL),(229,4015,10,34,'qv9X-sSt5',_binary '',2.00,NULL,'2024-04-25',NULL,NULL),(230,4015,10,35,'qv9X-sSt5',_binary '',2.00,NULL,'2024-04-25',NULL,NULL),(231,4015,10,36,'qv9X-sSt5',_binary '',2.00,NULL,'2024-04-25',NULL,NULL),(232,4015,10,37,'qv9X-sSt5',_binary '',2.00,NULL,'2024-04-25',NULL,NULL),(233,4015,10,38,'qv9X-sSt5',_binary '',2.00,NULL,'2024-04-25',NULL,NULL),(234,4015,10,39,'qv9X-sSt5',_binary '',2.00,NULL,'2024-04-25',NULL,NULL),(235,4015,10,40,'qv9X-sSt5',_binary '',2.00,NULL,'2024-04-25',NULL,NULL),(236,4015,10,41,'qv9X-sSt5',_binary '',2.00,NULL,'2024-04-25',NULL,NULL),(237,4015,10,42,'qv9X-sSt5',_binary '\0',0.00,'','2024-04-25',NULL,NULL),(238,4015,10,43,'qv9X-sSt5',_binary '\0',0.00,'','2024-04-25',NULL,NULL),(239,4015,10,44,'qv9X-sSt5',_binary '\0',0.00,'','2024-04-25',NULL,NULL),(240,4015,10,26,'qv9X-kGXu',_binary '',1.00,NULL,'2024-04-25',NULL,NULL),(241,4015,10,27,'qv9X-kGXu',_binary '',2.00,NULL,'2024-04-25',NULL,NULL),(242,4015,10,28,'qv9X-kGXu',_binary '',3.00,NULL,'2024-04-25',NULL,NULL),(243,4015,10,29,'qv9X-kGXu',_binary '',3.00,NULL,'2024-04-25',NULL,NULL),(244,4015,10,30,'qv9X-kGXu',_binary '',2.00,NULL,'2024-04-25',NULL,NULL),(245,4015,10,31,'qv9X-kGXu',_binary '',2.00,NULL,'2024-04-25',NULL,NULL),(246,4015,10,32,'qv9X-kGXu',_binary '',2.00,NULL,'2024-04-25',NULL,NULL),(247,4015,10,33,'qv9X-kGXu',_binary '',2.00,NULL,'2024-04-25',NULL,NULL),(248,4015,10,34,'qv9X-kGXu',_binary '',2.00,NULL,'2024-04-25',NULL,NULL),(249,4015,10,35,'qv9X-kGXu',_binary '',2.00,NULL,'2024-04-25',NULL,NULL),(250,4015,10,36,'qv9X-kGXu',_binary '',2.00,NULL,'2024-04-25',NULL,NULL),(251,4015,10,37,'qv9X-kGXu',_binary '',2.00,NULL,'2024-04-25',NULL,NULL),(252,4015,10,38,'qv9X-kGXu',_binary '',2.00,NULL,'2024-04-25',NULL,NULL),(253,4015,10,39,'qv9X-kGXu',_binary '',2.00,NULL,'2024-04-25',NULL,NULL),(254,4015,10,40,'qv9X-kGXu',_binary '',2.00,NULL,'2024-04-25',NULL,NULL),(255,4015,10,41,'qv9X-kGXu',_binary '',2.00,NULL,'2024-04-25',NULL,NULL),(256,4015,10,42,'qv9X-kGXu',_binary '\0',0.00,'','2024-04-25',NULL,NULL),(257,4015,10,43,'qv9X-kGXu',_binary '\0',0.00,'','2024-04-25',NULL,NULL),(258,4015,10,44,'qv9X-kGXu',_binary '\0',0.00,'','2024-04-25',NULL,NULL),(259,4015,10,26,'qv9X-DlFt',_binary '',2.00,NULL,'2024-04-25',NULL,NULL),(260,4015,10,27,'qv9X-DlFt',_binary '',1.00,NULL,'2024-04-25',NULL,NULL),(261,4015,10,28,'qv9X-DlFt',_binary '',2.00,NULL,'2024-04-25',NULL,NULL),(262,4015,10,29,'qv9X-DlFt',_binary '',2.00,NULL,'2024-04-25',NULL,NULL),(263,4015,10,30,'qv9X-DlFt',_binary '',2.00,NULL,'2024-04-25',NULL,NULL),(264,4015,10,31,'qv9X-DlFt',_binary '',2.00,NULL,'2024-04-25',NULL,NULL),(265,4015,10,32,'qv9X-DlFt',_binary '',2.00,NULL,'2024-04-25',NULL,NULL),(266,4015,10,33,'qv9X-DlFt',_binary '',2.00,NULL,'2024-04-25',NULL,NULL),(267,4015,10,34,'qv9X-DlFt',_binary '',2.00,NULL,'2024-04-25',NULL,NULL),(268,4015,10,35,'qv9X-DlFt',_binary '',2.00,NULL,'2024-04-25',NULL,NULL),(269,4015,10,36,'qv9X-DlFt',_binary '',3.00,NULL,'2024-04-25',NULL,NULL),(270,4015,10,37,'qv9X-DlFt',_binary '',3.00,NULL,'2024-04-25',NULL,NULL),(271,4015,10,38,'qv9X-DlFt',_binary '',3.00,NULL,'2024-04-25',NULL,NULL),(272,4015,10,39,'qv9X-DlFt',_binary '',3.00,NULL,'2024-04-25',NULL,NULL),(273,4015,10,40,'qv9X-DlFt',_binary '',3.00,NULL,'2024-04-25',NULL,NULL),(274,4015,10,41,'qv9X-DlFt',_binary '',3.00,NULL,'2024-04-25',NULL,NULL),(275,4015,10,42,'qv9X-DlFt',_binary '\0',0.00,'','2024-04-25',NULL,NULL),(276,4015,10,43,'qv9X-DlFt',_binary '\0',0.00,'','2024-04-25',NULL,NULL),(277,4015,10,44,'qv9X-DlFt',_binary '\0',0.00,'','2024-04-25',NULL,NULL),(278,4015,10,26,'qv9X-DlFt',_binary '',2.00,NULL,'2024-04-25',NULL,NULL),(279,4015,10,27,'qv9X-DlFt',_binary '',1.00,NULL,'2024-04-25',NULL,NULL),(280,4015,10,28,'qv9X-DlFt',_binary '',2.00,NULL,'2024-04-25',NULL,NULL),(281,4015,10,29,'qv9X-DlFt',_binary '',2.00,NULL,'2024-04-25',NULL,NULL),(282,4015,10,30,'qv9X-DlFt',_binary '',2.00,NULL,'2024-04-25',NULL,NULL),(283,4015,10,31,'qv9X-DlFt',_binary '',2.00,NULL,'2024-04-25',NULL,NULL),(284,4015,10,32,'qv9X-DlFt',_binary '',2.00,NULL,'2024-04-25',NULL,NULL),(285,4015,10,33,'qv9X-DlFt',_binary '',2.00,NULL,'2024-04-25',NULL,NULL),(286,4015,10,34,'qv9X-DlFt',_binary '',2.00,NULL,'2024-04-25',NULL,NULL),(287,4015,10,35,'qv9X-DlFt',_binary '',2.00,NULL,'2024-04-25',NULL,NULL),(288,4015,10,36,'qv9X-DlFt',_binary '',3.00,NULL,'2024-04-25',NULL,NULL),(289,4015,10,37,'qv9X-DlFt',_binary '',3.00,NULL,'2024-04-25',NULL,NULL),(290,4015,10,38,'qv9X-DlFt',_binary '',3.00,NULL,'2024-04-25',NULL,NULL),(291,4015,10,39,'qv9X-DlFt',_binary '',3.00,NULL,'2024-04-25',NULL,NULL),(292,4015,10,40,'qv9X-DlFt',_binary '',3.00,NULL,'2024-04-25',NULL,NULL),(293,4015,10,41,'qv9X-DlFt',_binary '',3.00,NULL,'2024-04-25',NULL,NULL),(294,4015,10,42,'qv9X-DlFt',_binary '\0',0.00,'','2024-04-25',NULL,NULL),(295,4015,10,43,'qv9X-DlFt',_binary '\0',0.00,'','2024-04-25',NULL,NULL),(296,4015,10,44,'qv9X-DlFt',_binary '\0',0.00,'','2024-04-25',NULL,NULL),(297,4015,10,26,'qv9X-g5HU',_binary '',1.00,NULL,'2024-04-25',NULL,NULL),(298,4015,10,27,'qv9X-g5HU',_binary '',1.00,NULL,'2024-04-25',NULL,NULL),(299,4015,10,28,'qv9X-g5HU',_binary '',2.00,NULL,'2024-04-25',NULL,NULL),(300,4015,10,29,'qv9X-g5HU',_binary '',3.00,NULL,'2024-04-25',NULL,NULL),(301,4015,10,30,'qv9X-g5HU',_binary '',2.00,NULL,'2024-04-25',NULL,NULL),(302,4015,10,31,'qv9X-g5HU',_binary '',3.00,NULL,'2024-04-25',NULL,NULL),(303,4015,10,32,'qv9X-g5HU',_binary '',3.00,NULL,'2024-04-25',NULL,NULL),(304,4015,10,33,'qv9X-g5HU',_binary '',3.00,NULL,'2024-04-25',NULL,NULL),(305,4015,10,34,'qv9X-g5HU',_binary '',3.00,NULL,'2024-04-25',NULL,NULL),(306,4015,10,35,'qv9X-g5HU',_binary '',2.00,NULL,'2024-04-25',NULL,NULL),(307,4015,10,36,'qv9X-g5HU',_binary '',2.00,NULL,'2024-04-25',NULL,NULL),(308,4015,10,37,'qv9X-g5HU',_binary '',2.00,NULL,'2024-04-25',NULL,NULL),(309,4015,10,38,'qv9X-g5HU',_binary '',2.00,NULL,'2024-04-25',NULL,NULL),(310,4015,10,39,'qv9X-g5HU',_binary '',2.00,NULL,'2024-04-25',NULL,NULL),(311,4015,10,40,'qv9X-g5HU',_binary '',2.00,NULL,'2024-04-25',NULL,NULL),(312,4015,10,41,'qv9X-g5HU',_binary '',2.00,NULL,'2024-04-25',NULL,NULL),(313,4015,10,42,'qv9X-g5HU',_binary '\0',0.00,'','2024-04-25',NULL,NULL),(314,4015,10,43,'qv9X-g5HU',_binary '\0',0.00,'','2024-04-25',NULL,NULL),(315,4015,10,44,'qv9X-g5HU',_binary '\0',0.00,'','2024-04-25',NULL,NULL),(316,4015,10,26,'qv9X-xf8b',_binary '',2.00,NULL,'2024-04-25',NULL,NULL),(317,4015,10,27,'qv9X-xf8b',_binary '',1.00,NULL,'2024-04-25',NULL,NULL),(318,4015,10,28,'qv9X-xf8b',_binary '',2.00,NULL,'2024-04-25',NULL,NULL),(319,4015,10,29,'qv9X-xf8b',_binary '',2.00,NULL,'2024-04-25',NULL,NULL),(320,4015,10,30,'qv9X-xf8b',_binary '',2.00,NULL,'2024-04-25',NULL,NULL),(321,4015,10,31,'qv9X-xf8b',_binary '',2.00,NULL,'2024-04-25',NULL,NULL),(322,4015,10,32,'qv9X-xf8b',_binary '',2.00,NULL,'2024-04-25',NULL,NULL),(323,4015,10,33,'qv9X-xf8b',_binary '',2.00,NULL,'2024-04-25',NULL,NULL),(324,4015,10,34,'qv9X-xf8b',_binary '',2.00,NULL,'2024-04-25',NULL,NULL),(325,4015,10,35,'qv9X-xf8b',_binary '',2.00,NULL,'2024-04-25',NULL,NULL),(326,4015,10,36,'qv9X-xf8b',_binary '',3.00,NULL,'2024-04-25',NULL,NULL),(327,4015,10,37,'qv9X-xf8b',_binary '',3.00,NULL,'2024-04-25',NULL,NULL),(328,4015,10,38,'qv9X-xf8b',_binary '',3.00,NULL,'2024-04-25',NULL,NULL),(329,4015,10,39,'qv9X-xf8b',_binary '',3.00,NULL,'2024-04-25',NULL,NULL),(330,4015,10,40,'qv9X-xf8b',_binary '',3.00,NULL,'2024-04-25',NULL,NULL),(331,4015,10,41,'qv9X-xf8b',_binary '',3.00,NULL,'2024-04-25',NULL,NULL),(332,4015,10,42,'qv9X-xf8b',_binary '\0',0.00,'','2024-04-25',NULL,NULL),(333,4015,10,43,'qv9X-xf8b',_binary '\0',0.00,'','2024-04-25',NULL,NULL),(334,4015,10,44,'qv9X-xf8b',_binary '\0',0.00,'','2024-04-25',NULL,NULL),(335,4015,10,26,'qv9X-pmRh',_binary '',1.00,NULL,'2024-04-25',NULL,NULL),(336,4015,10,27,'qv9X-pmRh',_binary '',2.00,NULL,'2024-04-25',NULL,NULL),(337,4015,10,28,'qv9X-pmRh',_binary '',2.00,NULL,'2024-04-25',NULL,NULL),(338,4015,10,29,'qv9X-pmRh',_binary '',1.00,NULL,'2024-04-25',NULL,NULL),(339,4015,10,30,'qv9X-pmRh',_binary '',2.00,NULL,'2024-04-25',NULL,NULL),(340,4015,10,31,'qv9X-pmRh',_binary '',2.00,NULL,'2024-04-25',NULL,NULL),(341,4015,10,32,'qv9X-pmRh',_binary '',2.00,NULL,'2024-04-25',NULL,NULL),(342,4015,10,33,'qv9X-pmRh',_binary '',1.00,NULL,'2024-04-25',NULL,NULL),(343,4015,10,34,'qv9X-pmRh',_binary '',2.00,NULL,'2024-04-25',NULL,NULL),(344,4015,10,35,'qv9X-pmRh',_binary '',2.00,NULL,'2024-04-25',NULL,NULL),(345,4015,10,36,'qv9X-pmRh',_binary '',1.00,NULL,'2024-04-25',NULL,NULL),(346,4015,10,37,'qv9X-pmRh',_binary '',2.00,NULL,'2024-04-25',NULL,NULL),(347,4015,10,38,'qv9X-pmRh',_binary '',2.00,NULL,'2024-04-25',NULL,NULL),(348,4015,10,39,'qv9X-pmRh',_binary '',2.00,NULL,'2024-04-25',NULL,NULL),(349,4015,10,40,'qv9X-pmRh',_binary '',2.00,NULL,'2024-04-25',NULL,NULL),(350,4015,10,41,'qv9X-pmRh',_binary '',2.00,NULL,'2024-04-25',NULL,NULL),(351,4015,10,42,'qv9X-pmRh',_binary '\0',0.00,'','2024-04-25',NULL,NULL),(352,4015,10,43,'qv9X-pmRh',_binary '\0',0.00,'','2024-04-25',NULL,NULL),(353,4015,10,44,'qv9X-pmRh',_binary '\0',0.00,'','2024-04-25',NULL,NULL),(354,4015,10,26,'qv9X-Rxrn',_binary '',1.00,NULL,'2024-04-25',NULL,NULL),(355,4015,10,27,'qv9X-Rxrn',_binary '',2.00,NULL,'2024-04-25',NULL,NULL),(356,4015,10,28,'qv9X-Rxrn',_binary '',2.00,NULL,'2024-04-25',NULL,NULL),(357,4015,10,29,'qv9X-Rxrn',_binary '',2.00,NULL,'2024-04-25',NULL,NULL),(358,4015,10,30,'qv9X-Rxrn',_binary '',2.00,NULL,'2024-04-25',NULL,NULL),(359,4015,10,31,'qv9X-Rxrn',_binary '',2.00,NULL,'2024-04-25',NULL,NULL),(360,4015,10,32,'qv9X-Rxrn',_binary '',2.00,NULL,'2024-04-25',NULL,NULL),(361,4015,10,33,'qv9X-Rxrn',_binary '',2.00,NULL,'2024-04-25',NULL,NULL),(362,4015,10,34,'qv9X-Rxrn',_binary '',1.00,NULL,'2024-04-25',NULL,NULL),(363,4015,10,35,'qv9X-Rxrn',_binary '',1.00,NULL,'2024-04-25',NULL,NULL),(364,4015,10,36,'qv9X-Rxrn',_binary '',2.00,NULL,'2024-04-25',NULL,NULL),(365,4015,10,37,'qv9X-Rxrn',_binary '',2.00,NULL,'2024-04-25',NULL,NULL),(366,4015,10,38,'qv9X-Rxrn',_binary '',1.00,NULL,'2024-04-25',NULL,NULL),(367,4015,10,39,'qv9X-Rxrn',_binary '',1.00,NULL,'2024-04-25',NULL,NULL),(368,4015,10,40,'qv9X-Rxrn',_binary '',2.00,NULL,'2024-04-25',NULL,NULL),(369,4015,10,41,'qv9X-Rxrn',_binary '',2.00,NULL,'2024-04-25',NULL,NULL),(370,4015,10,42,'qv9X-Rxrn',_binary '\0',0.00,'','2024-04-25',NULL,NULL),(371,4015,10,43,'qv9X-Rxrn',_binary '\0',0.00,'','2024-04-25',NULL,NULL),(372,4015,10,44,'qv9X-Rxrn',_binary '\0',0.00,'','2024-04-25',NULL,NULL),(373,4015,10,26,'qv9X-0bzZ',_binary '',2.00,NULL,'2024-04-25',NULL,NULL),(374,4015,10,27,'qv9X-0bzZ',_binary '',2.00,NULL,'2024-04-25',NULL,NULL),(375,4015,10,28,'qv9X-0bzZ',_binary '',3.00,NULL,'2024-04-25',NULL,NULL),(376,4015,10,29,'qv9X-0bzZ',_binary '',3.00,NULL,'2024-04-25',NULL,NULL),(377,4015,10,30,'qv9X-0bzZ',_binary '',2.00,NULL,'2024-04-25',NULL,NULL),(378,4015,10,31,'qv9X-0bzZ',_binary '',2.00,NULL,'2024-04-25',NULL,NULL),(379,4015,10,32,'qv9X-0bzZ',_binary '',2.00,NULL,'2024-04-25',NULL,NULL),(380,4015,10,33,'qv9X-0bzZ',_binary '',1.00,NULL,'2024-04-25',NULL,NULL),(381,4015,10,34,'qv9X-0bzZ',_binary '',1.00,NULL,'2024-04-25',NULL,NULL),(382,4015,10,35,'qv9X-0bzZ',_binary '',2.00,NULL,'2024-04-25',NULL,NULL),(383,4015,10,36,'qv9X-0bzZ',_binary '',2.00,NULL,'2024-04-25',NULL,NULL),(384,4015,10,37,'qv9X-0bzZ',_binary '',2.00,NULL,'2024-04-25',NULL,NULL),(385,4015,10,38,'qv9X-0bzZ',_binary '',2.00,NULL,'2024-04-25',NULL,NULL),(386,4015,10,39,'qv9X-0bzZ',_binary '',2.00,NULL,'2024-04-25',NULL,NULL),(387,4015,10,40,'qv9X-0bzZ',_binary '',2.00,NULL,'2024-04-25',NULL,NULL),(388,4015,10,41,'qv9X-0bzZ',_binary '',2.00,NULL,'2024-04-25',NULL,NULL),(389,4015,10,42,'qv9X-0bzZ',_binary '\0',0.00,'','2024-04-25',NULL,NULL),(390,4015,10,43,'qv9X-0bzZ',_binary '\0',0.00,'','2024-04-25',NULL,NULL),(391,4015,10,44,'qv9X-0bzZ',_binary '\0',0.00,'','2024-04-25',NULL,NULL),(392,4015,10,26,'qv9X-aMGe',_binary '',1.00,NULL,'2024-04-25',NULL,NULL),(393,4015,10,27,'qv9X-aMGe',_binary '',2.00,NULL,'2024-04-25',NULL,NULL),(394,4015,10,28,'qv9X-aMGe',_binary '',2.00,NULL,'2024-04-25',NULL,NULL),(395,4015,10,29,'qv9X-aMGe',_binary '',2.00,NULL,'2024-04-25',NULL,NULL),(396,4015,10,30,'qv9X-aMGe',_binary '',2.00,NULL,'2024-04-25',NULL,NULL),(397,4015,10,31,'qv9X-aMGe',_binary '',2.00,NULL,'2024-04-25',NULL,NULL),(398,4015,10,32,'qv9X-aMGe',_binary '',2.00,NULL,'2024-04-25',NULL,NULL),(399,4015,10,33,'qv9X-aMGe',_binary '',2.00,NULL,'2024-04-25',NULL,NULL),(400,4015,10,34,'qv9X-aMGe',_binary '',2.00,NULL,'2024-04-25',NULL,NULL),(401,4015,10,35,'qv9X-aMGe',_binary '',3.00,NULL,'2024-04-25',NULL,NULL),(402,4015,10,36,'qv9X-aMGe',_binary '',3.00,NULL,'2024-04-25',NULL,NULL),(403,4015,10,37,'qv9X-aMGe',_binary '',3.00,NULL,'2024-04-25',NULL,NULL),(404,4015,10,38,'qv9X-aMGe',_binary '',2.00,NULL,'2024-04-25',NULL,NULL),(405,4015,10,39,'qv9X-aMGe',_binary '',2.00,NULL,'2024-04-25',NULL,NULL),(406,4015,10,40,'qv9X-aMGe',_binary '',2.00,NULL,'2024-04-25',NULL,NULL),(407,4015,10,41,'qv9X-aMGe',_binary '',2.00,NULL,'2024-04-25',NULL,NULL),(408,4015,10,42,'qv9X-aMGe',_binary '\0',0.00,'','2024-04-25',NULL,NULL),(409,4015,10,43,'qv9X-aMGe',_binary '\0',0.00,'','2024-04-25',NULL,NULL),(410,4015,10,44,'qv9X-aMGe',_binary '\0',0.00,'','2024-04-25',NULL,NULL),(411,4015,10,26,'qv9X-ExTe',_binary '',2.00,NULL,'2024-04-25',NULL,NULL),(412,4015,10,27,'qv9X-ExTe',_binary '',2.00,NULL,'2024-04-25',NULL,NULL),(413,4015,10,28,'qv9X-ExTe',_binary '',2.00,NULL,'2024-04-25',NULL,NULL),(414,4015,10,29,'qv9X-ExTe',_binary '',2.00,NULL,'2024-04-25',NULL,NULL),(415,4015,10,30,'qv9X-ExTe',_binary '',1.00,NULL,'2024-04-25',NULL,NULL),(416,4015,10,31,'qv9X-ExTe',_binary '',1.00,NULL,'2024-04-25',NULL,NULL),(417,4015,10,32,'qv9X-ExTe',_binary '',1.00,NULL,'2024-04-25',NULL,NULL),(418,4015,10,33,'qv9X-ExTe',_binary '',2.00,NULL,'2024-04-25',NULL,NULL),(419,4015,10,34,'qv9X-ExTe',_binary '',2.00,NULL,'2024-04-25',NULL,NULL),(420,4015,10,35,'qv9X-ExTe',_binary '',2.00,NULL,'2024-04-25',NULL,NULL),(421,4015,10,36,'qv9X-ExTe',_binary '',2.00,NULL,'2024-04-25',NULL,NULL),(422,4015,10,37,'qv9X-ExTe',_binary '',2.00,NULL,'2024-04-25',NULL,NULL),(423,4015,10,38,'qv9X-ExTe',_binary '',1.00,NULL,'2024-04-25',NULL,NULL),(424,4015,10,39,'qv9X-ExTe',_binary '',2.00,NULL,'2024-04-25',NULL,NULL),(425,4015,10,40,'qv9X-ExTe',_binary '',2.00,NULL,'2024-04-25',NULL,NULL),(426,4015,10,41,'qv9X-ExTe',_binary '',2.00,NULL,'2024-04-25',NULL,NULL),(427,4015,10,42,'qv9X-ExTe',_binary '\0',0.00,'','2024-04-25',NULL,NULL),(428,4015,10,43,'qv9X-ExTe',_binary '\0',0.00,'','2024-04-25',NULL,NULL),(429,4015,10,44,'qv9X-ExTe',_binary '\0',0.00,'','2024-04-25',NULL,NULL),(430,4015,10,26,'qv9X-HqIO',_binary '',2.00,NULL,'2024-04-25',NULL,NULL),(431,4015,10,27,'qv9X-HqIO',_binary '',2.00,NULL,'2024-04-25',NULL,NULL),(432,4015,10,28,'qv9X-HqIO',_binary '',2.00,NULL,'2024-04-25',NULL,NULL),(433,4015,10,29,'qv9X-HqIO',_binary '',2.00,NULL,'2024-04-25',NULL,NULL),(434,4015,10,30,'qv9X-HqIO',_binary '',2.00,NULL,'2024-04-25',NULL,NULL),(435,4015,10,31,'qv9X-HqIO',_binary '',1.00,NULL,'2024-04-25',NULL,NULL),(436,4015,10,32,'qv9X-HqIO',_binary '',2.00,NULL,'2024-04-25',NULL,NULL),(437,4015,10,33,'qv9X-HqIO',_binary '',1.00,NULL,'2024-04-25',NULL,NULL),(438,4015,10,34,'qv9X-HqIO',_binary '',1.00,NULL,'2024-04-25',NULL,NULL),(439,4015,10,35,'qv9X-HqIO',_binary '',2.00,NULL,'2024-04-25',NULL,NULL),(440,4015,10,36,'qv9X-HqIO',_binary '',1.00,NULL,'2024-04-25',NULL,NULL),(441,4015,10,37,'qv9X-HqIO',_binary '',1.00,NULL,'2024-04-25',NULL,NULL),(442,4015,10,38,'qv9X-HqIO',_binary '',1.00,NULL,'2024-04-25',NULL,NULL),(443,4015,10,39,'qv9X-HqIO',_binary '',2.00,NULL,'2024-04-25',NULL,NULL),(444,4015,10,40,'qv9X-HqIO',_binary '',1.00,NULL,'2024-04-25',NULL,NULL),(445,4015,10,41,'qv9X-HqIO',_binary '',1.00,NULL,'2024-04-25',NULL,NULL),(446,4015,10,42,'qv9X-HqIO',_binary '\0',0.00,'','2024-04-25',NULL,NULL),(447,4015,10,43,'qv9X-HqIO',_binary '\0',0.00,'','2024-04-25',NULL,NULL),(448,4015,10,44,'qv9X-HqIO',_binary '\0',0.00,'','2024-04-25',NULL,NULL),(449,3354,10,26,'bJgN-lNtv',_binary '',2.00,NULL,'2024-05-21',NULL,'2024-05-21'),(450,3354,10,27,'bJgN-lNtv',_binary '',3.00,NULL,'2024-05-21',NULL,'2024-05-21'),(451,3354,10,28,'bJgN-lNtv',_binary '',2.00,NULL,'2024-05-21',NULL,'2024-05-21'),(452,3354,10,29,'bJgN-lNtv',_binary '',3.00,NULL,'2024-05-21',NULL,'2024-05-21');
/*!40000 ALTER TABLE `evalanswer` ENABLE KEYS */;
UNLOCK TABLES;

--
-- Table structure for table `evalavgfinalrate`
--

DROP TABLE IF EXISTS `evalavgfinalrate`;
/*!40101 SET @saved_cs_client     = @@character_set_client */;
/*!50503 SET character_set_client = utf8mb4 */;
CREATE TABLE `evalavgfinalrate` (
  `EvalAvgFinalRateID` int NOT NULL AUTO_INCREMENT,
  `EmpID` varchar(12) CHARACTER SET utf8mb4 COLLATE utf8mb4_unicode_ci NOT NULL,
  `StudentAvgRate` decimal(10,2) NOT NULL DEFAULT '0.00',
  `DeptHeadDeanAvgRate` decimal(10,2) DEFAULT '0.00',
  `FinalAvgRate` decimal(10,2) NOT NULL DEFAULT '0.00',
  `created_at` date DEFAULT NULL,
  `updated_at` date DEFAULT NULL,
  `deleted_at` date DEFAULT NULL,
  `semester` varchar(25) CHARACTER SET utf8mb4 COLLATE utf8mb4_0900_ai_ci DEFAULT NULL,
  `SchoolYearFrom` mediumint DEFAULT NULL,
  `SchoolyearTo` mediumint DEFAULT NULL,
  PRIMARY KEY (`EvalAvgFinalRateID`),
  KEY `emp_id4_idx` (`EmpID`),
  CONSTRAINT `emp_id4` FOREIGN KEY (`EmpID`) REFERENCES `employees` (`EmpID`) ON DELETE RESTRICT ON UPDATE CASCADE
) ENGINE=InnoDB AUTO_INCREMENT=5 DEFAULT CHARSET=utf8mb4 COLLATE=utf8mb4_0900_ai_ci;
/*!40101 SET character_set_client = @saved_cs_client */;

--
-- Dumping data for table `evalavgfinalrate`
--

LOCK TABLES `evalavgfinalrate` WRITE;
/*!40000 ALTER TABLE `evalavgfinalrate` DISABLE KEYS */;
INSERT INTO `evalavgfinalrate` VALUES (4,'L-005',2.14,1.97,2.09,'2024-05-21',NULL,NULL,'2nd Semester',2023,2024);
/*!40000 ALTER TABLE `evalavgfinalrate` ENABLE KEYS */;
UNLOCK TABLES;

--
-- Table structure for table `evalavgperquestionpersecd`
--

DROP TABLE IF EXISTS `evalavgperquestionpersecd`;
/*!40101 SET @saved_cs_client     = @@character_set_client */;
/*!50503 SET character_set_client = utf8mb4 */;
CREATE TABLE `evalavgperquestionpersecd` (
  `EvalAvgPerQDID` int NOT NULL AUTO_INCREMENT,
  `EvalAvgPerQHID` int NOT NULL,
  `QID` int NOT NULL,
  `AvgRate` decimal(10,2) NOT NULL DEFAULT '0.00',
  `created_at` date DEFAULT NULL,
  `updated_at` date DEFAULT NULL,
  `deleted_at` date DEFAULT NULL,
  PRIMARY KEY (`EvalAvgPerQDID`) USING BTREE,
  KEY `FK_EvalAvgPerQuestionD_EvalAvgPerQuestionH` (`EvalAvgPerQHID`),
  KEY `qid_idx` (`QID`),
  CONSTRAINT `FK_EvalAvgPerQuestionD_EvalAvgPerQuestionH` FOREIGN KEY (`EvalAvgPerQHID`) REFERENCES `evalavgperquestionpersech` (`EvalAvgPerQHID`) ON UPDATE CASCADE,
  CONSTRAINT `qid` FOREIGN KEY (`QID`) REFERENCES `questions` (`QID`) ON DELETE RESTRICT ON UPDATE CASCADE
) ENGINE=InnoDB AUTO_INCREMENT=255 DEFAULT CHARSET=utf8mb4 COLLATE=utf8mb4_unicode_ci;
/*!40101 SET character_set_client = @saved_cs_client */;

--
-- Dumping data for table `evalavgperquestionpersecd`
--

LOCK TABLES `evalavgperquestionpersecd` WRITE;
/*!40000 ALTER TABLE `evalavgperquestionpersecd` DISABLE KEYS */;
INSERT INTO `evalavgperquestionpersecd` VALUES (1,277,48,2.00,'2024-04-21',NULL,NULL),(2,277,49,2.00,'2024-04-21',NULL,NULL),(3,277,50,2.00,'2024-04-21',NULL,NULL),(4,277,51,3.00,'2024-04-21',NULL,NULL),(5,277,52,2.00,'2024-04-21',NULL,NULL),(6,277,53,2.00,'2024-04-21',NULL,NULL),(7,277,54,2.00,'2024-04-21',NULL,NULL),(8,277,55,1.00,'2024-04-21',NULL,NULL),(9,277,56,2.00,'2024-04-21',NULL,NULL),(10,277,57,2.00,'2024-04-21',NULL,NULL),(11,277,58,2.00,'2024-04-21',NULL,NULL),(12,277,59,2.00,'2024-04-21',NULL,NULL),(13,277,60,2.00,'2024-04-21',NULL,NULL),(14,277,61,3.00,'2024-04-21',NULL,NULL),(15,277,62,1.00,'2024-04-21',NULL,NULL),(16,277,63,2.00,'2024-04-21',NULL,NULL),(17,277,64,2.00,'2024-04-21',NULL,NULL),(18,277,65,2.00,'2024-04-21',NULL,NULL),(19,277,66,2.00,'2024-04-21',NULL,NULL),(20,277,67,2.00,'2024-04-21',NULL,NULL),(21,277,68,1.00,'2024-04-21',NULL,NULL),(22,277,69,2.00,'2024-04-21',NULL,NULL),(23,277,70,1.00,'2024-04-21',NULL,NULL),(24,277,71,3.00,'2024-04-21',NULL,NULL),(25,277,72,2.00,'2024-04-21',NULL,NULL),(26,277,73,2.00,'2024-04-21',NULL,NULL),(27,277,74,2.00,'2024-04-21',NULL,NULL),(28,277,75,2.00,'2024-04-21',NULL,NULL),(29,277,76,2.00,'2024-04-21',NULL,NULL),(30,277,77,2.00,'2024-04-21',NULL,NULL),(191,290,26,2.99,'2024-05-21',NULL,NULL),(192,290,27,2.99,'2024-05-21',NULL,NULL),(193,290,28,2.99,'2024-05-21',NULL,NULL),(194,290,29,2.99,'2024-05-21',NULL,NULL),(195,290,30,2.99,'2024-05-21',NULL,NULL),(196,290,31,2.99,'2024-05-21',NULL,NULL),(197,290,32,2.99,'2024-05-21',NULL,NULL),(198,290,33,2.99,'2024-05-21',NULL,NULL),(199,290,34,2.99,'2024-05-21',NULL,NULL),(200,290,35,2.99,'2024-05-21',NULL,NULL),(201,290,36,2.99,'2024-05-21',NULL,NULL),(202,290,37,2.99,'2024-05-21',NULL,NULL),(203,290,38,2.99,'2024-05-21',NULL,NULL),(204,290,39,2.99,'2024-05-21',NULL,NULL),(205,290,40,2.99,'2024-05-21',NULL,NULL),(206,290,41,2.99,'2024-05-21',NULL,NULL),(207,291,26,1.00,'2024-05-21',NULL,NULL),(208,291,27,1.67,'2024-05-21',NULL,NULL),(209,291,28,2.33,'2024-05-21',NULL,NULL),(210,291,29,1.67,'2024-05-21',NULL,NULL),(211,291,30,1.67,'2024-05-21',NULL,NULL),(212,291,31,2.33,'2024-05-21',NULL,NULL),(213,291,32,2.33,'2024-05-21',NULL,NULL),(214,291,33,2.33,'2024-05-21',NULL,NULL),(215,291,34,2.33,'2024-05-21',NULL,NULL),(216,291,35,1.33,'2024-05-21',NULL,NULL),(217,291,36,2.00,'2024-05-21',NULL,NULL),(218,291,37,2.00,'2024-05-21',NULL,NULL),(219,291,38,1.33,'2024-05-21',NULL,NULL),(220,291,39,2.00,'2024-05-21',NULL,NULL),(221,291,40,2.67,'2024-05-21',NULL,NULL),(222,291,41,2.00,'2024-05-21',NULL,NULL),(223,292,26,2.00,'2024-05-21',NULL,NULL),(224,292,27,1.67,'2024-05-21',NULL,NULL),(225,292,28,1.33,'2024-05-21',NULL,NULL),(226,292,29,1.33,'2024-05-21',NULL,NULL),(227,292,30,1.67,'2024-05-21',NULL,NULL),(228,292,31,2.00,'2024-05-21',NULL,NULL),(229,292,32,2.33,'2024-05-21',NULL,NULL),(230,292,33,2.00,'2024-05-21',NULL,NULL),(231,292,34,2.33,'2024-05-21',NULL,NULL),(232,292,35,2.00,'2024-05-21',NULL,NULL),(233,292,36,1.67,'2024-05-21',NULL,NULL),(234,292,37,2.00,'2024-05-21',NULL,NULL),(235,292,38,1.67,'2024-05-21',NULL,NULL),(236,292,39,1.67,'2024-05-21',NULL,NULL),(237,292,40,1.33,'2024-05-21',NULL,NULL),(238,292,41,2.00,'2024-05-21',NULL,NULL),(239,293,26,2.33,'2024-05-21',NULL,NULL),(240,293,27,2.33,'2024-05-21',NULL,NULL),(241,293,28,1.67,'2024-05-21',NULL,NULL),(242,293,29,1.33,'2024-05-21',NULL,NULL),(243,293,30,1.33,'2024-05-21',NULL,NULL),(244,293,31,1.67,'2024-05-21',NULL,NULL),(245,293,32,1.33,'2024-05-21',NULL,NULL),(246,293,33,1.00,'2024-05-21',NULL,NULL),(247,293,34,1.67,'2024-05-21',NULL,NULL),(248,293,35,2.33,'2024-05-21',NULL,NULL),(249,293,36,2.00,'2024-05-21',NULL,NULL),(250,293,37,2.33,'2024-05-21',NULL,NULL),(251,293,38,2.00,'2024-05-21',NULL,NULL),(252,293,39,2.33,'2024-05-21',NULL,NULL),(253,293,40,1.67,'2024-05-21',NULL,NULL),(254,293,41,1.67,'2024-05-21',NULL,NULL);
/*!40000 ALTER TABLE `evalavgperquestionpersecd` ENABLE KEYS */;
UNLOCK TABLES;

--
-- Table structure for table `evalavgperquestionpersech`
--

DROP TABLE IF EXISTS `evalavgperquestionpersech`;
/*!40101 SET @saved_cs_client     = @@character_set_client */;
/*!50503 SET character_set_client = utf8mb4 */;
CREATE TABLE `evalavgperquestionpersech` (
  `EvalAvgPerQHID` int NOT NULL AUTO_INCREMENT,
  `EvalID` int NOT NULL,
  `QGID` int NOT NULL,
  `EmpID` varchar(12) CHARACTER SET utf8mb4 COLLATE utf8mb4_unicode_ci NOT NULL,
  `TotalAvg` decimal(10,2) NOT NULL DEFAULT '0.00',
  `RatedByStudent` bit(1) NOT NULL DEFAULT b'1',
  `ProcessedBy` varchar(12) CHARACTER SET utf8mb4 COLLATE utf8mb4_0900_ai_ci DEFAULT NULL,
  `created_at` date DEFAULT NULL,
  `updated_at` date DEFAULT NULL,
  `deleted_at` date DEFAULT NULL,
  PRIMARY KEY (`EvalAvgPerQHID`) USING BTREE,
  KEY `evaluation_id_idx` (`EvalID`),
  KEY `qg_idx` (`QGID`),
  KEY `emp_id2_idx` (`EmpID`),
  CONSTRAINT `emp_id2` FOREIGN KEY (`EmpID`) REFERENCES `employees` (`EmpID`) ON DELETE RESTRICT ON UPDATE CASCADE,
  CONSTRAINT `evaluation_id` FOREIGN KEY (`EvalID`) REFERENCES `evaluations` (`EvalID`) ON DELETE RESTRICT ON UPDATE CASCADE,
  CONSTRAINT `qg` FOREIGN KEY (`QGID`) REFERENCES `questiongroups` (`QGID`) ON DELETE RESTRICT ON UPDATE CASCADE
) ENGINE=InnoDB AUTO_INCREMENT=294 DEFAULT CHARSET=utf8mb4 COLLATE=utf8mb4_0900_ai_ci;
/*!40101 SET character_set_client = @saved_cs_client */;

--
-- Dumping data for table `evalavgperquestionpersech`
--

LOCK TABLES `evalavgperquestionpersech` WRITE;
/*!40000 ALTER TABLE `evalavgperquestionpersech` DISABLE KEYS */;
INSERT INTO `evalavgperquestionpersech` VALUES (277,4477,11,'L-005',1.97,_binary '','Mark Glen C.','2024-04-21','2024-04-21',NULL),(290,3355,10,'L-005',2.99,_binary '','ADMIN A. ADM','2024-05-21','2024-05-21',NULL),(291,3354,10,'L-005',1.94,_binary '','ADMIN A. ADM','2024-05-21','2024-05-21',NULL),(292,3356,10,'L-005',1.81,_binary '','ADMIN A. ADM','2024-05-21','2024-05-21',NULL),(293,3357,10,'L-005',1.81,_binary '','ADMIN A. ADM','2024-05-21','2024-05-21',NULL);
/*!40000 ALTER TABLE `evalavgperquestionpersech` ENABLE KEYS */;
UNLOCK TABLES;

--
-- Table structure for table `evallog`
--

DROP TABLE IF EXISTS `evallog`;
/*!40101 SET @saved_cs_client     = @@character_set_client */;
/*!50503 SET character_set_client = utf8mb4 */;
CREATE TABLE `evallog` (
  `LogID` int NOT NULL AUTO_INCREMENT,
  `EvalID` int NOT NULL DEFAULT '0',
  `QGID` int NOT NULL DEFAULT '0',
  `EvalAndStudentToken` varchar(100) CHARACTER SET utf8mb4 COLLATE utf8mb4_0900_ai_ci NOT NULL DEFAULT '0',
  `EvalIsOpen` bit(1) NOT NULL DEFAULT b'1',
  `created_at` date DEFAULT NULL,
  `updated_at` date DEFAULT NULL,
  `deleted_at` date DEFAULT NULL,
  PRIMARY KEY (`LogID`),
  KEY `eval_idx` (`EvalID`),
  KEY `qgroup_idx` (`QGID`),
  CONSTRAINT `eval` FOREIGN KEY (`EvalID`) REFERENCES `evaluations` (`EvalID`) ON DELETE RESTRICT ON UPDATE CASCADE,
  CONSTRAINT `qgroup` FOREIGN KEY (`QGID`) REFERENCES `questiongroups` (`QGID`) ON DELETE RESTRICT ON UPDATE CASCADE
) ENGINE=InnoDB AUTO_INCREMENT=24 DEFAULT CHARSET=utf8mb4 COLLATE=utf8mb4_0900_ai_ci;
/*!40101 SET character_set_client = @saved_cs_client */;

--
-- Dumping data for table `evallog`
--

LOCK TABLES `evallog` WRITE;
/*!40000 ALTER TABLE `evallog` DISABLE KEYS */;
INSERT INTO `evallog` VALUES (1,3354,10,'bJgN-Uw3Z',_binary '\0','2024-04-21','2024-04-21',NULL),(2,3354,10,'bJgN-zgr8',_binary '\0','2024-04-21','2024-04-21',NULL),(3,3354,10,'bJgN-wfpp',_binary '\0','2024-04-21','2024-04-21',NULL),(4,3356,10,'sKfg-CaxC',_binary '\0','2024-04-21','2024-04-21',NULL),(5,3356,10,'sKfg-RZyr',_binary '\0','2024-04-21','2024-04-21',NULL),(6,3356,10,'sKfg-SIMl',_binary '\0','2024-04-21','2024-04-21',NULL),(7,3357,10,'3NFp-sSt5',_binary '\0','2024-04-21','2024-04-21',NULL),(8,3357,10,'3NFp-Su3z',_binary '\0','2024-04-21','2024-04-21',NULL),(9,3357,10,'3NFp-ZNIB',_binary '\0','2024-04-21','2024-04-21',NULL),(10,4015,10,'qv9X-SIMl',_binary '\0','2024-04-25','2024-04-25',NULL),(11,4015,10,'qv9X-sSt5',_binary '\0','2024-04-25','2024-04-25',NULL),(12,4015,10,'qv9X-kGXu',_binary '\0','2024-04-25','2024-04-25',NULL),(13,4015,10,'qv9X-DlFt',_binary '\0','2024-04-25','2024-04-25',NULL),(14,4015,10,'qv9X-DlFt',_binary '\0','2024-04-25','2024-04-25',NULL),(15,4015,10,'qv9X-g5HU',_binary '\0','2024-04-25','2024-04-25',NULL),(16,4015,10,'qv9X-xf8b',_binary '\0','2024-04-25','2024-04-25',NULL),(17,4015,10,'qv9X-pmRh',_binary '\0','2024-04-25','2024-04-25',NULL),(18,4015,10,'qv9X-Rxrn',_binary '\0','2024-04-25','2024-04-25',NULL),(19,4015,10,'qv9X-0bzZ',_binary '\0','2024-04-25','2024-04-25',NULL),(20,4015,10,'qv9X-aMGe',_binary '\0','2024-04-25','2024-04-25',NULL),(21,4015,10,'qv9X-ExTe',_binary '\0','2024-04-25','2024-04-25',NULL),(22,4015,10,'qv9X-HqIO',_binary '\0','2024-04-25','2024-04-25',NULL),(23,3354,10,'bJgN-lNtv',_binary '','2024-05-21',NULL,NULL);
/*!40000 ALTER TABLE `evallog` ENABLE KEYS */;
UNLOCK TABLES;

--
-- Table structure for table `evaluations`
--

DROP TABLE IF EXISTS `evaluations`;
/*!40101 SET @saved_cs_client     = @@character_set_client */;
/*!50503 SET character_set_client = utf8mb4 */;
CREATE TABLE `evaluations` (
  `EvalID` int NOT NULL AUTO_INCREMENT,
  `GeneratedToken` varchar(10) CHARACTER SET utf8mb4 COLLATE utf8mb4_unicode_ci DEFAULT NULL,
  `FacilitatorID` varchar(12) CHARACTER SET utf8mb4 COLLATE utf8mb4_unicode_ci DEFAULT NULL,
  `EmpIDToEvaluate` varchar(12) CHARACTER SET utf8mb4 COLLATE utf8mb4_unicode_ci DEFAULT NULL,
  `DeptCode` varchar(25) CHARACTER SET utf8mb4 COLLATE utf8mb4_unicode_ci NOT NULL,
  `Semester` varchar(25) CHARACTER SET utf8mb4 COLLATE utf8mb4_unicode_ci NOT NULL,
  `SchoolYearFrom` mediumint NOT NULL,
  `SchoolYearTo` mediumint NOT NULL,
  `SectionCode` varchar(50) CHARACTER SET utf8mb4 COLLATE utf8mb4_unicode_ci DEFAULT NULL,
  `CourseCode` varchar(15) CHARACTER SET utf8mb4 COLLATE utf8mb4_unicode_ci DEFAULT NULL,
  `CourseDescription` varchar(150) CHARACTER SET utf8mb4 COLLATE utf8mb4_unicode_ci DEFAULT NULL,
  `Schedule` varchar(50) CHARACTER SET utf8mb4 COLLATE utf8mb4_unicode_ci DEFAULT NULL,
  `BldgRoom` varchar(50) CHARACTER SET utf8mb4 COLLATE utf8mb4_unicode_ci DEFAULT NULL,
  `Evaluator` varchar(50) CHARACTER SET utf8mb4 COLLATE utf8mb4_unicode_ci DEFAULT '' COMMENT 'STUDENT or HEAD',
  `TotalEvaluator` int DEFAULT NULL,
  `ParticipantsCount` int DEFAULT NULL,
  `QGID` int DEFAULT NULL,
  `FinalRating` decimal(11,2) DEFAULT NULL COMMENT 'Ave per specific section',
  `created_at` date DEFAULT NULL,
  `updated_at` date DEFAULT NULL,
  `deleted_at` date DEFAULT NULL,
  `EvalStatus` tinyint(1) DEFAULT NULL COMMENT '0 = newly created and student cant answer, 1 = trigger by faci and student could answer, 2 = done evaluation or closed',
  PRIMARY KEY (`EvalID`),
  KEY `FacilitatorID` (`FacilitatorID`),
  KEY `EmpIDToEvaluate` (`EmpIDToEvaluate`),
  KEY `QGID` (`QGID`),
  CONSTRAINT `Evaluations_ibfk_1` FOREIGN KEY (`FacilitatorID`) REFERENCES `employees` (`EmpID`),
  CONSTRAINT `Evaluations_ibfk_2` FOREIGN KEY (`EmpIDToEvaluate`) REFERENCES `employees` (`EmpID`),
  CONSTRAINT `Evaluations_ibfk_4` FOREIGN KEY (`QGID`) REFERENCES `questiongroups` (`QGID`)
) ENGINE=InnoDB AUTO_INCREMENT=4479 DEFAULT CHARSET=utf8mb4 COLLATE=utf8mb4_unicode_ci;
/*!40101 SET character_set_client = @saved_cs_client */;

--
-- Dumping data for table `evaluations`
--

LOCK TABLES `evaluations` WRITE;
/*!40000 ALTER TABLE `evaluations` DISABLE KEYS */;
INSERT INTO `evaluations` VALUES (3354,'bJgN','L-005f','L-005','CompE','2nd Semester',2023,2024,'421EP1','CpE 421','CpE Practice and Design 2','1-4 T TH','Micro lab','Students',3,3,10,1.94,NULL,'2024-05-21',NULL,2),(3355,'yJHL','L-005f','L-005','CompE','2nd Semester',2023,2024,'422EP1','CpE 422','Seminars and Fieldtrips','9-12 Fri','CB-23','Students',3,0,10,2.99,NULL,'2024-05-21',NULL,3),(3356,'sKfg','L-005f','L-005','CompE','2nd Semester',2023,2024,'423EP1','CpE 423','Computer Networks and Security','9-12 Wed/ 1-4 WED','Micro Lab/Cb-25','Students',3,3,10,1.81,NULL,'2024-05-21',NULL,2),(3357,'3NFp','L-005f','L-005','CompE','2nd Semester',2023,2024,'BOSEP1','BOSH 1','Basic Occupational Health and Safety','5:30-8:30 Tue','CB-21','Students',3,3,10,1.81,NULL,'2024-05-21',NULL,2),(3358,NULL,NULL,NULL,'CompE','2nd Semester',2023,2024,'TEKEP1','Techno 1','Technopreneurship','7-10 Sat','R-2 rts','Students',6,0,10,NULL,NULL,'2024-04-02',NULL,NULL),(3359,NULL,NULL,NULL,'CompE','2nd Semester',2023,2024,'EGAEP1','EMgt 1','Engineering Management','1-4 Fri','CB-23','Students',24,0,NULL,NULL,NULL,NULL,NULL,NULL),(3360,NULL,NULL,NULL,'CompE','2nd Semester',2023,2024,'321EP1','CpE 321','Feedback and Control Systems','4:30-7:30 Fri','CB23','Students',40,0,NULL,NULL,NULL,NULL,NULL,NULL),(3361,NULL,NULL,NULL,'CompE','2nd Semester',2023,2024,'322EP1','CpE 322','Methods of Research','1-3 Wed','CB-25','Students',17,0,NULL,NULL,NULL,NULL,NULL,NULL),(3362,NULL,NULL,NULL,'CompE','2nd Semester',2023,2024,'323EP1','CpE 323','Computer Engineering Drafting and Design','1-4 Mon','Micro Lab','Students',20,0,NULL,NULL,NULL,NULL,NULL,NULL),(3363,NULL,NULL,NULL,'CompE','2nd Semester',2023,2024,'324EP1','CpE 324','Introduction to HDL','9-12/1-4 Thursday','Micro Lab/CB-23','Students',18,0,NULL,NULL,NULL,NULL,NULL,NULL),(3364,NULL,NULL,NULL,'CompE','2nd Semester',2023,2024,'325EP1','CpE 325','CpE Laws and Professional Practice','10-12 Wed','CB-23','Students',23,0,NULL,NULL,NULL,NULL,NULL,NULL),(3365,NULL,NULL,NULL,'CompE','2nd Semester',2023,2024,'326EP1','CpE 326 ','Microprocessors','9-12 / 1-4 Tuesday','Micro Lab/CB-23','Students',17,0,NULL,NULL,NULL,NULL,NULL,NULL),(3366,NULL,NULL,NULL,'CompE','2nd Semester',2023,2024,'327EP1','CpE 327','Discrete Mathematics ','4:30-6:00 T Th','CB-25','Students',19,0,NULL,NULL,NULL,NULL,NULL,NULL),(3367,NULL,NULL,NULL,'CompE','2nd Semester',2023,2024,'CGELEC2','Cog Elect 2','Cognate/Elective Course 2','10-12 Fri/1-4 Fri','CB-25/CB-14','Students',19,0,NULL,NULL,NULL,NULL,NULL,NULL),(3368,NULL,NULL,NULL,'CompE','2nd Semester',2023,2024,'221EP1','CpE 221','Software Design','8-10am MWF','CB-14','Students',41,0,NULL,NULL,NULL,NULL,NULL,NULL),(3369,NULL,NULL,NULL,'CompE','2nd Semester',2023,2024,'222EP1','CpE 222','Fundamentals of Electronic Circuits','6-8 TTh/10-12Sat','EE Lab/R-2','Students',16,0,NULL,NULL,NULL,NULL,NULL,NULL),(3370,NULL,NULL,NULL,'CompE','2nd Semester',2023,2024,'MTE5EP1','Math E5','Engineering Data Analysis','11-12 MWF','CB-21','Students',42,0,NULL,NULL,NULL,NULL,NULL,NULL),(3371,NULL,NULL,NULL,'CompE','2nd Semester',2023,2024,'223EP1','CpE 223','Java Programming ','3-5 Mon/1-4 Tue','CB-21/CB-14','Students',47,0,NULL,NULL,NULL,NULL,NULL,NULL),(3372,NULL,NULL,NULL,'CompE','2nd Semester',2023,2024,'SS5EP1','SS 5','Life and Works of Rizal','7-8:30am TTh','R-221','Students',41,0,NULL,NULL,NULL,NULL,NULL,NULL),(3373,NULL,NULL,NULL,'CompE','2nd Semester',2023,2024,'HM3EP1','HUM 3','Art Appreciation','8:30-10 TTh','R-221','Students',42,0,NULL,NULL,NULL,NULL,NULL,NULL),(3374,NULL,NULL,NULL,'CompE','2nd Semester',2023,2024,'ECAEP1','Econ 1','Engineering Economics','1-4 Wed','CB-23','Students',43,0,NULL,NULL,NULL,NULL,NULL,NULL),(3375,NULL,NULL,NULL,'CompE','2nd Semester',2023,2024,'PE4EP1','PE 4','Physical Education 4','1-3 Mon','SGS-B','Students',38,0,NULL,NULL,NULL,NULL,NULL,NULL),(3376,NULL,NULL,NULL,'CompE','2nd Semester',2023,2024,'121EP1','CpE 121','Object Oriented Programming ','9-12 T Th','CB-14','Students',41,0,NULL,NULL,NULL,NULL,NULL,NULL),(3377,NULL,NULL,NULL,'CompE','2nd Semester',2023,2024,'MTE2EP1','Math E2','Calculus 2','4-5 MWF','R-208','Students',40,0,NULL,NULL,NULL,NULL,NULL,NULL),(3378,NULL,NULL,NULL,'CompE','2nd Semester',2023,2024,'PH1EP1','Phys E1','Physics for Enginneers','1-3 MWF','Phys Lab 2','Students',39,0,NULL,NULL,NULL,NULL,NULL,NULL),(3379,NULL,NULL,NULL,'CompE','2nd Semester',2023,2024,'MT1EP1','Math 1','Mathematics in the Modern World ','4:30-6:00 T Th','R-207','Students',40,0,NULL,NULL,NULL,NULL,NULL,NULL),(3380,NULL,NULL,NULL,'CompE','2nd Semester',2023,2024,'EN2EP1','Engl 2','Introduction to Literature','5-6 MWF','R-2','Students',50,0,NULL,NULL,NULL,NULL,NULL,NULL),(3381,NULL,NULL,NULL,'CompE','2nd Semester',2023,2024,'EN3EP1','Engl 3','Technical Communication','2:30-4:00 T Th','R-221','Students',48,0,NULL,NULL,NULL,NULL,NULL,NULL),(3382,NULL,NULL,NULL,'CompE','2nd Semester',2023,2024,'SS3EP1','SS 3','Understanding the Self','1-2:30 T Th','R-221','Students',47,0,NULL,NULL,NULL,NULL,NULL,NULL),(3383,NULL,NULL,NULL,'CompE','2nd Semester',2023,2024,'PE2EP1','PATHFIT 2','Exercise-based Fitness Activities','8-10 Fri','SGS-B','Students',48,0,NULL,NULL,NULL,NULL,NULL,NULL),(3384,NULL,NULL,NULL,'CompE','2nd Semester',2023,2024,'121EP2','CpE 121','Object Oriented Programming ','10-12 MWF','CB-14','Students',26,0,NULL,NULL,NULL,NULL,NULL,NULL),(3385,NULL,NULL,NULL,'CompE','2nd Semester',2023,2024,'MT1EP2','Math 1','Mathematics in the Modern World ','8:30-10  T Th','R-2 SciBldg','Students',34,0,NULL,NULL,NULL,NULL,NULL,NULL),(3386,NULL,NULL,NULL,'CompE','2nd Semester',2023,2024,'PE2EP2','PATHFIT 2','Exercise-based Fitness Activities','1-3 Fri','SGS-B','Students',36,0,NULL,NULL,NULL,NULL,NULL,NULL),(3387,NULL,NULL,NULL,'EE','2nd Semester',2023,2024,'MTE2EE1','Math E2','Calculus 2','2-3 MWF','207','Students',32,0,NULL,NULL,NULL,NULL,NULL,NULL),(3388,NULL,NULL,NULL,'EE','2nd Semester',2023,2024,'PH1EE1','PHYS E1','Physics for Engineers','3-5 MWF','Phys Lab 2','Students',29,0,NULL,NULL,NULL,NULL,NULL,NULL),(3389,NULL,NULL,NULL,'EE','2nd Semester',2023,2024,'KCP7EE1','Comp 7','Computer Fundamentals and Programming ','7-10am Wed','310','Students',44,0,NULL,NULL,NULL,NULL,NULL,NULL),(3390,NULL,NULL,NULL,'EE','2nd Semester',2023,2024,'EN2EE1','Engl 2','Introduction to Literature','1-2 MWF','221','Students',51,0,NULL,NULL,NULL,NULL,NULL,NULL),(3391,NULL,NULL,NULL,'EE','2nd Semester',2023,2024,'EN3EE1','Engl 3','Technical Communication','1-2:30 TTh','304','Students',47,0,NULL,NULL,NULL,NULL,NULL,NULL),(3392,NULL,NULL,NULL,'EE','2nd Semester',2023,2024,'SS3EE1','SS 3','Understanding the Self','4-5:30 TTh','222','Students',51,0,NULL,NULL,NULL,NULL,NULL,NULL),(3393,NULL,NULL,NULL,'EE','2nd Semester',2023,2024,'SS5EE1','SS 5','Life and Works of Rizal','5-6 MWF','222','Students',51,0,NULL,NULL,NULL,NULL,NULL,NULL),(3394,NULL,NULL,NULL,'EE','2nd Semester',2023,2024,'MT1EE1','Math 1','Mathematics of the Modern World','2:30-4 TTh','207','Students',49,0,NULL,NULL,NULL,NULL,NULL,NULL),(3395,NULL,NULL,NULL,'EE','2nd Semester',2023,2024,'PE2EE1','PATHFIT 2','Exercise-based Fitness Activities','8-10am Tue','SGS-B','Students',49,0,NULL,NULL,NULL,NULL,NULL,NULL),(3396,NULL,NULL,NULL,'EE','2nd Semester',2023,2024,'MTE2EE2','Math E2','Calculus 2','4-5 MWF','207','Students',37,0,NULL,NULL,NULL,NULL,NULL,NULL),(3397,NULL,NULL,NULL,'EE','2nd Semester',2023,2024,'PH1EE2','PHYS E1','Physics for Engineers','5-7 MWF','Phys Lab 2','Students',35,0,NULL,NULL,NULL,NULL,NULL,NULL),(3398,NULL,NULL,NULL,'EE','2nd Semester',2023,2024,'KCP7EE2','Comp 7','Computer Fundamentals and Programming ','1-4 Mon','310','Students',48,0,NULL,NULL,NULL,NULL,NULL,NULL),(3399,NULL,NULL,NULL,'EE','2nd Semester',2023,2024,'EN2EE2','Engl 2','Introduction to Literature','9-10 MWF','221','Students',50,0,NULL,NULL,NULL,NULL,NULL,NULL),(3400,NULL,NULL,NULL,'EE','2nd Semester',2023,2024,'EN3EE2','Engl 3','Technical Communication','7-8:30am TTh','214','Students',46,0,NULL,NULL,NULL,NULL,NULL,NULL),(3401,NULL,NULL,NULL,'EE','2nd Semester',2023,2024,'SS3EE2','SS 3','Understanding the Self','11-12nn MWF','222','Students',49,0,NULL,NULL,NULL,NULL,NULL,NULL),(3402,NULL,NULL,NULL,'EE','2nd Semester',2023,2024,'SS5EE2','SS 5','Life and Works of Rizal','10-11am MWF','222','Students',50,0,NULL,NULL,NULL,NULL,NULL,NULL),(3403,NULL,NULL,NULL,'EE','2nd Semester',2023,2024,'MT1EE2','Math 1','Mathematics of the Modern World','8:30-10am TTh','207','Students',50,0,NULL,NULL,NULL,NULL,NULL,NULL),(3404,NULL,NULL,NULL,'EE','2nd Semester',2023,2024,'PE2EE2','PATHFIT 2','Exercise-based Fitness Activities','1-3 Tue','SGS-B','Students',48,0,NULL,NULL,NULL,NULL,NULL,NULL),(3405,NULL,NULL,NULL,'EE','2nd Semester',2023,2024,'MTE2EE3','Math E2','Calculus 2','5-6 MWF','207','Students',34,0,NULL,NULL,NULL,NULL,NULL,NULL),(3406,NULL,NULL,NULL,'EE','2nd Semester',2023,2024,'PH1EE3','PHYS E1','Physics for Engineers','4-7pm TTh','Phys Lab 2','Students',0,0,NULL,NULL,NULL,NULL,NULL,NULL),(3407,NULL,NULL,NULL,'EE','2nd Semester',2023,2024,'KCP7EE3','Comp 7','Computer Fundamentals and Programming ','1-4 Tues','310','Students',49,0,NULL,NULL,NULL,NULL,NULL,NULL),(3408,NULL,NULL,NULL,'EE','2nd Semester',2023,2024,'EN2EE3','Engl 2','Introduction to Literature','10-11am MWF','221','Students',50,0,NULL,NULL,NULL,NULL,NULL,NULL),(3409,NULL,NULL,NULL,'EE','2nd Semester',2023,2024,'EN3EE3','Engl 3','Technical Communication','11-12nn MWF','221','Students',50,0,NULL,NULL,NULL,NULL,NULL,NULL),(3410,NULL,NULL,NULL,'EE','2nd Semester',2023,2024,'SS3EE3','SS 3','Understanding the Self','4-5 MWF','222','Students',49,0,NULL,NULL,NULL,NULL,NULL,NULL),(3411,NULL,NULL,NULL,'EE','2nd Semester',2023,2024,'SS5EE3','SS 5','Life and Works of Rizal','3-4 MWF','222','Students',49,0,NULL,NULL,NULL,NULL,NULL,NULL),(3412,NULL,NULL,NULL,'EE','2nd Semester',2023,2024,'MT1EE3','Math 1','Mathematics of the Modern World','1-2 MWF','207','Students',49,0,NULL,NULL,NULL,NULL,NULL,NULL),(3413,NULL,NULL,NULL,'EE','2nd Semester',2023,2024,'PE2EE3','PATHFIT 2','Exercise-based Fitness Activities','8-10am Fri','SGS-A','Students',50,0,NULL,NULL,NULL,NULL,NULL,NULL),(3414,NULL,NULL,NULL,'ME','2nd Semester',2023,2024,'MT1EM1','Math 1','Mathematics in the Modern World','3-4 MWF ','R-304','Students',41,0,NULL,NULL,NULL,NULL,NULL,NULL),(3415,NULL,NULL,NULL,'ME','2nd Semester',2023,2024,'MTE2EM1','Math E 2','Calculus 2','7-8:30am TTH','R-208','Students',33,0,NULL,NULL,NULL,NULL,NULL,NULL),(3416,NULL,NULL,NULL,'ME','2nd Semester',2023,2024,'PH1EM1','Phys E 1','Physics for Engineers','9-12 TTH','R-Phys Lab 2','Students',31,0,NULL,NULL,NULL,NULL,NULL,NULL),(3417,NULL,NULL,NULL,'ME','2nd Semester',2023,2024,'HM3EM1','Hum 3','Art Appreciation','2:30-4 TTH','R-304','Students',45,0,NULL,NULL,NULL,NULL,NULL,NULL),(3418,NULL,NULL,NULL,'ME','2nd Semester',2023,2024,'SS3EM1','SS 3','Understanding the Self ','2-3 MWF','R-222','Students',49,0,NULL,NULL,NULL,NULL,NULL,NULL),(3419,NULL,NULL,NULL,'ME','2nd Semester',2023,2024,'SS5EM1','SS 5','Life and Works of Rizal','1-2 MWF','R-222','Students',49,0,NULL,NULL,NULL,NULL,NULL,NULL),(3420,NULL,NULL,NULL,'ME','2nd Semester',2023,2024,'PE2EM1','PATHFIT 2','Exercise-based Fitness Activities','8-10 MON','R-SGS-B','Students',50,0,NULL,NULL,NULL,NULL,NULL,NULL),(3421,NULL,NULL,NULL,'ME','2nd Semester',2023,2024,'EN2EM1','Engl 2','Introduction of Literature','4-5:30 TTH','R-214','Students',50,0,NULL,NULL,NULL,NULL,NULL,NULL),(3422,NULL,NULL,NULL,'ME','2nd Semester',2023,2024,'MT1EM2','Math 1','Mathematics in the Modern World','10-11 MWF','R-214','Students',47,0,NULL,NULL,NULL,NULL,NULL,NULL),(3423,NULL,NULL,NULL,'ME','2nd Semester',2023,2024,'MTE2EM2','Math E 2','Calculus 2','1-2  MWF','R-208','Students',39,0,NULL,NULL,NULL,NULL,NULL,NULL),(3424,NULL,NULL,NULL,'ME','2nd Semester',2023,2024,'PH1EM2','Phys E 1','Physics for Engineers','1-4 TTH','R-Phys Lab 2','Students',31,0,NULL,NULL,NULL,NULL,NULL,NULL),(3425,NULL,NULL,NULL,'ME','2nd Semester',2023,2024,'HM3EM2','Hum 3','Art Appreciation','8:30-10 TTH','R-304','Students',48,0,NULL,NULL,NULL,NULL,NULL,NULL),(3426,NULL,NULL,NULL,'ME','2nd Semester',2023,2024,'SS3EM2','SS 3','Understanding the Self ','7-8:30am TTH','R-304','Students',48,0,NULL,NULL,NULL,NULL,NULL,NULL),(3427,NULL,NULL,NULL,'ME','2nd Semester',2023,2024,'SS5EM2','SS 5','Life and Works of Rizal','8-9am MWF','R-222','Students',42,0,NULL,NULL,NULL,NULL,NULL,NULL),(3428,NULL,NULL,NULL,'ME','2nd Semester',2023,2024,'PE2EM2','PATHFIT 2','Exercise-based Fitness Activities','3-5 MON','R-SGS-A','Students',33,0,NULL,NULL,NULL,NULL,NULL,NULL),(3429,NULL,NULL,NULL,'ME','2nd Semester',2023,2024,'EN2EM2','Engl 2','Introduction of Literature','7-8am MWF','R-214','Students',48,0,NULL,NULL,NULL,NULL,NULL,NULL),(3430,NULL,NULL,NULL,'HRM','2nd Semester',2023,2024,'CW2A','NSTP 2','National Service Training Program, Part II','8:30-11:30 Sat','Auditorium','Students',151,0,NULL,NULL,NULL,NULL,NULL,NULL),(3431,NULL,NULL,NULL,'HRM','2nd Semester',2023,2024,'CW2B','NSTP 2','National Service Training Program, Part II','8:30-11:30 Sun','Auditorium','Students',144,0,NULL,NULL,NULL,NULL,NULL,NULL),(3432,NULL,NULL,NULL,'HRM','2nd Semester',2023,2024,'CW2C','NSTP 2','National Service Training Program, Part II','1-4 Sun','Auditorium','Students',156,0,NULL,NULL,NULL,NULL,NULL,NULL),(3433,NULL,NULL,NULL,'HRM','2nd Semester',2023,2024,'CW2D','NSTP 2','National Service Training Program, Part II','3-4 MWF','Auditorium','Students',144,0,NULL,NULL,NULL,NULL,NULL,NULL),(3434,NULL,NULL,NULL,'HRM','2nd Semester',2023,2024,'CW2E','NSTP 2','National Service Training Program, Part II','10-11:30 TTh','Auditorium','Students',193,0,NULL,NULL,NULL,NULL,NULL,NULL),(3435,NULL,NULL,NULL,'HRM','2nd Semester',2023,2024,'CW2F','NSTP 2','National Service Training Program, Part II','10-11 MWF','Auditorium','Students',134,0,NULL,NULL,NULL,NULL,NULL,NULL),(3436,NULL,NULL,NULL,'HRM','2nd Semester',2023,2024,'CW2G','NSTP 2','National Service Training Program, Part II','4-5:30 TTh','Auditorium','Students',136,0,NULL,NULL,NULL,NULL,NULL,NULL),(3437,NULL,NULL,NULL,'HRM','2nd Semester',2023,2024,'CW2H','NSTP 2','National Service Training Program, Part II','7-8am MWF','Auditorium','Students',127,0,NULL,NULL,NULL,NULL,NULL,NULL),(3438,NULL,NULL,NULL,'HRM','2nd Semester',2023,2024,'LTS2A','NSTP 2','National Service Training Program, Part II','1-4 Sat','Auditorium','Students',123,0,NULL,NULL,NULL,NULL,NULL,NULL),(3439,NULL,NULL,NULL,'DOS','2nd Semester',2023,2024,'B121BB1','Bio 121','Systematics','1-4 MWF','106','Students',15,0,NULL,NULL,NULL,NULL,NULL,NULL),(3440,NULL,NULL,NULL,'DOS','2nd Semester',2023,2024,'EN1BB1','Engl 1','Purposive Communication','9-10 MWF','213','Students',1,0,NULL,NULL,NULL,NULL,NULL,NULL),(3441,NULL,NULL,NULL,'DOS','2nd Semester',2023,2024,'HM3BB1','Hum 3','Art Appreciation','8-9am','2','Students',0,0,NULL,NULL,NULL,NULL,NULL,NULL),(3442,NULL,NULL,NULL,'DOS','2nd Semester',2023,2024,'MT10BB1','Math 10','Advanced Calculus','1-2:30 TTh','213','Students',13,0,NULL,NULL,NULL,NULL,NULL,NULL),(3443,NULL,NULL,NULL,'DOS','2nd Semester',2023,2024,'B221BB1','Bio 221','Chemical Biology 3: Biomolecules','1-4/4:30-6 TTh','106/105','Students',18,0,NULL,NULL,NULL,NULL,NULL,NULL),(3444,NULL,NULL,NULL,'DOS','2nd Semester',2023,2024,'B222BB1','Bio 222','Cell and Molecular Biology','9-12 WF/1-4 Sat','106','Students',18,0,NULL,NULL,NULL,NULL,NULL,NULL),(3445,NULL,NULL,NULL,'DOS','2nd Semester',2023,2024,'B223BB1','Bio 223','Genetics','1-3 MWF/6-7:30 TTh','105','Students',17,0,NULL,NULL,NULL,NULL,NULL,NULL),(3446,NULL,NULL,NULL,'DOS','2nd Semester',2023,2024,'SS2BB1','SS 2','The Contemporary World','4-5 MWF','213','Students',40,0,NULL,NULL,NULL,NULL,NULL,NULL),(3447,NULL,NULL,NULL,'DOS','2nd Semester',2023,2024,'B321BB1','Bio 321','Biophysics','9-12 TTh/5-6 MF','105','Students',11,0,NULL,NULL,NULL,NULL,NULL,NULL),(3448,NULL,NULL,NULL,'DOS','2nd Semester',2023,2024,'B322BB1','Bio 322','Statistical Biology','1-3:30 TTh','102','Students',11,0,NULL,NULL,NULL,NULL,NULL,NULL),(3449,NULL,NULL,NULL,'DOS','2nd Semester',2023,2024,'','Bio 323','Developmental Biology','6-7:30 TTh/9-12/1-4 Sat','105/106','Students',0,0,NULL,NULL,NULL,NULL,NULL,NULL),(3450,NULL,NULL,NULL,'DOS','2nd Semester',2023,2024,'B323BB1','Bio 323','Developmental Biology','4-7 TTh/9-12 Sat','106','Students',10,0,NULL,NULL,NULL,NULL,NULL,NULL),(3451,NULL,NULL,NULL,'DOS','2nd Semester',2023,2024,'B324BB1','Bio 324','Microbial Physiology','9-12 MWF','105','Students',12,0,NULL,NULL,NULL,NULL,NULL,NULL),(3452,NULL,NULL,NULL,'DOS','2nd Semester',2023,2024,'B325BB1','Bio 325','Undergraduate Thesis 1','5-7 Wed','105','Students',11,0,NULL,NULL,NULL,NULL,NULL,NULL),(3453,NULL,NULL,NULL,'DOS','2nd Semester',2023,2024,'BS421BB1','BS 421','Virology and Pathology','4-7 MWF','106','Students',11,0,NULL,NULL,NULL,NULL,NULL,NULL),(3454,NULL,NULL,NULL,'DOS','2nd Semester',2023,2024,'BS422BB1','BS 422','Food and Industrial Microbiology','9-12/1-2:30 TTh','106/105','Students',11,0,NULL,NULL,NULL,NULL,NULL,NULL),(3455,NULL,NULL,NULL,'DOS','2nd Semester',2023,2024,'BS423BB1','BS 423','Bioentreprenuership','2:30-4 TTh','105','Students',11,0,NULL,NULL,NULL,NULL,NULL,NULL),(3456,NULL,NULL,NULL,'BusAdm','2nd Semester',2023,2024,'ACANBA1','Acctg 111','Financial Accounting and Reporting for Service and Trading Business','7-9 AM MWF','317','Students',50,0,NULL,NULL,NULL,NULL,NULL,NULL),(3457,NULL,NULL,NULL,'BusAdm','2nd Semester',2023,2024,'SS3BA1','SS 3 ','Understanding the Self','9-10AM MWF','303','Students',45,0,NULL,NULL,NULL,NULL,NULL,NULL),(3458,NULL,NULL,NULL,'BusAdm','2nd Semester',2023,2024,'EN1BA1','ENGL 1','Purposive Communication','1-2:30PM TTH','309','Students',44,0,NULL,NULL,NULL,NULL,NULL,NULL),(3459,NULL,NULL,NULL,'BusAdm','2nd Semester',2023,2024,'HM3BA1','HUM 3','Art Appreciation','11-12AM MWF','303','Students',50,0,NULL,NULL,NULL,NULL,NULL,NULL),(3460,NULL,NULL,NULL,'BusAdm','2nd Semester',2023,2024,'SS2BA1','SS 2','The Contemporary World','2:30-4PM TTH','303','Students',47,0,NULL,NULL,NULL,NULL,NULL,NULL),(3461,NULL,NULL,NULL,'BusAdm','2nd Semester',2023,2024,'MMANBA1','BA 121','Philosophy od Modern Marketing','10-11:30AM TTH','303','Students',50,0,NULL,NULL,NULL,NULL,NULL,NULL),(3462,NULL,NULL,NULL,'HRM','2nd Semester',2023,2024,'HMP121HM1','HMPE 121','Bar and Beverage Management with Lab','1-4 MWF','Dining-A','Students',39,0,NULL,NULL,NULL,NULL,NULL,NULL),(3463,NULL,NULL,NULL,'HRM','2nd Semester',2023,2024,'HP121HM1','HPC 121','Fundamentals in Lodging Operations','5-7 MWF','205','Students',39,0,NULL,NULL,NULL,NULL,NULL,NULL),(3464,NULL,NULL,NULL,'HRM','2nd Semester',2023,2024,'TH121HM1','THC 121','Macro Perspective of Tourism and Hospitality','10-11:30 TTh','7','Students',37,0,NULL,NULL,NULL,NULL,NULL,NULL),(3465,NULL,NULL,NULL,'HRM','2nd Semester',2023,2024,'CP1HM1','Comp 1 ','Living the IT Era','1-2:30 TTh','Dining-A','Students',43,0,NULL,NULL,NULL,NULL,NULL,NULL),(3466,NULL,NULL,NULL,'HRM','2nd Semester',2023,2024,'SS2HM1','SS 2','The Contemporary World','2:30-4 TTh','222','Students',39,0,NULL,NULL,NULL,NULL,NULL,NULL),(3467,NULL,NULL,NULL,'HRM','2nd Semester',2023,2024,'EN1HM1','Eng 1','Purposive Communication','11-12 MWF','2','Students',41,0,NULL,NULL,NULL,NULL,NULL,NULL),(3468,NULL,NULL,NULL,'HRM','2nd Semester',2023,2024,'PE2HM1','PE 2','Rhythmic Activities','7:30-9:30','BGS-C','Students',40,0,NULL,NULL,NULL,NULL,NULL,NULL),(3469,NULL,NULL,NULL,'HRM','2nd Semester',2023,2024,'TH121HM2','THC 121','Macro Perspective of Tourism and Hospitality','2-3 MWF','7','Students',40,0,NULL,NULL,NULL,NULL,NULL,NULL),(3470,NULL,NULL,NULL,'HRM','2nd Semester',2023,2024,'HMP121HM2','HMPE 121','Bar and Beverage Management with Lab','9-12 MWF','Dining-A','Students',41,0,NULL,NULL,NULL,NULL,NULL,NULL),(3471,NULL,NULL,NULL,'HRM','2nd Semester',2023,2024,'HP121HM2','HPC 121','Fundamentals in Lodging Operations','9-12 TTh','205','Students',41,0,NULL,NULL,NULL,NULL,NULL,NULL),(3472,NULL,NULL,NULL,'HRM','2nd Semester',2023,2024,'SS2HM2','SS 2','The Contemporary World','1-2:30 TTh','214','Students',41,0,NULL,NULL,NULL,NULL,NULL,NULL),(3473,NULL,NULL,NULL,'HRM','2nd Semester',2023,2024,'EN1HM2','Eng 1','Purposive Communication','2:30-4 TTh','7','Students',41,0,NULL,NULL,NULL,NULL,NULL,NULL),(3474,NULL,NULL,NULL,'HRM','2nd Semester',2023,2024,'CP1HM2','Comp 1 ','Living the IT Era','3-6 Mon','CB32','Students',40,0,NULL,NULL,NULL,NULL,NULL,NULL),(3475,NULL,NULL,NULL,'HRM','2nd Semester',2023,2024,'PE2HM2','PE 2','Rhythmic Activities','4-6 Wed','SGS-B','Students',48,0,NULL,NULL,NULL,NULL,NULL,NULL),(3476,NULL,NULL,NULL,'HRM','2nd Semester',2023,2024,'CP1HM3','Comp 1 ','Living the IT Era','10:30-12 M/1-2:30 W','CB32','Students',41,0,NULL,NULL,NULL,NULL,NULL,NULL),(3477,NULL,NULL,NULL,'HRM','2nd Semester',2023,2024,'HMP121HM3','HMPE 121','Bar and Beverage Management with Lab','4-6 MWF/2:30-4 TTh','Dining-A','Students',41,0,NULL,NULL,NULL,NULL,NULL,NULL),(3478,NULL,NULL,NULL,'HRM','2nd Semester',2023,2024,'TH121HM3','THC 121','Macro Perspective of Tourism and Hospitality','6-7 MWF','Dining-A','Students',38,0,NULL,NULL,NULL,NULL,NULL,NULL),(3479,NULL,NULL,NULL,'HRM','2nd Semester',2023,2024,'EN1HM3','Eng 1','Purposive Communication','8:30-10 TTh','7','Students',36,0,NULL,NULL,NULL,NULL,NULL,NULL),(3480,NULL,NULL,NULL,'HRM','2nd Semester',2023,2024,'SS2HM3','SS 2','The Contemporary World','7-8:30amTTh','214','Students',34,0,NULL,NULL,NULL,NULL,NULL,NULL),(3481,NULL,NULL,NULL,'HRM','2nd Semester',2023,2024,'HP121HM3','HPC 121','Fundamentals in Lodging Operations','4:30-7:30 TTh','205','Students',43,0,NULL,NULL,NULL,NULL,NULL,NULL),(3482,NULL,NULL,NULL,'HRM','2nd Semester',2023,2024,'PE2HM3','PE 2','Rhythmic Activities','10-12 Wed','SGS-B','Students',43,0,NULL,NULL,NULL,NULL,NULL,NULL),(3483,NULL,NULL,NULL,'HRM','2nd Semester',2023,2024,'TH121HM4','THC 121','Macro Perspective of Tourism and Hospitality','1-2 MWF','Dining-B','Students',42,0,NULL,NULL,NULL,NULL,NULL,NULL),(3484,NULL,NULL,NULL,'HRM','2nd Semester',2023,2024,'HP121HM4','HPC 121','Fundamentals in Lodging Operations','2-4 MWF','2','Students',40,0,NULL,NULL,NULL,NULL,NULL,NULL),(3485,NULL,NULL,NULL,'HRM','2nd Semester',2023,2024,'HMP121HM4','HMPE 121','Bar and Beverage Management with Lab','5-8 MWF','Dining-B','Students',41,0,NULL,NULL,NULL,NULL,NULL,NULL),(3486,NULL,NULL,NULL,'HRM','2nd Semester',2023,2024,'PE2HM4','PE 2','Rhythmic Activities','1-3 Tue','SGS-C','Students',40,0,NULL,NULL,NULL,NULL,NULL,NULL),(3487,NULL,NULL,NULL,'HRM','2nd Semester',2023,2024,'EN1HM4','Eng 1','Purposive Communication','3-4:30 TTh','3','Students',43,0,NULL,NULL,NULL,NULL,NULL,NULL),(3488,NULL,NULL,NULL,'HRM','2nd Semester',2023,2024,'SS2HM4','SS 2','The Contemporary World','5-6:30 TTh','3','Students',46,0,NULL,NULL,NULL,NULL,NULL,NULL),(3489,NULL,NULL,NULL,'HRM','2nd Semester',2023,2024,'CP1HM4','Comp 1 ','Living the IT Era','9-12 Fri','CB32','Students',41,0,NULL,NULL,NULL,NULL,NULL,NULL),(3490,NULL,NULL,NULL,'HRM','2nd Semester',2023,2024,'TH223HM1','THC 223','Philippine Culture and Tourism Geography','11-12 MWF','Dining-B','Students',32,0,NULL,NULL,NULL,NULL,NULL,NULL),(3491,NULL,NULL,NULL,'HRM','2nd Semester',2023,2024,'HMP221HM1','HMPE 221','Front Office Operations','1-3 MWF','205','Students',39,0,NULL,NULL,NULL,NULL,NULL,NULL),(3492,NULL,NULL,NULL,'HRM','2nd Semester',2023,2024,'TH222HM1','THC 222','Professional Development and Applied Ethics','4-5 MWF','205','Students',39,0,NULL,NULL,NULL,NULL,NULL,NULL),(3493,NULL,NULL,NULL,'HRM','2nd Semester',2023,2024,'EN2HM1','Engl 2','Introduction to Literature','6-7 MWF','214','Students',46,0,NULL,NULL,NULL,NULL,NULL,NULL),(3494,NULL,NULL,NULL,'HRM','2nd Semester',2023,2024,'SS4HM1','SS 4','Social Sciences and Philosophy','5-6 MWF','221','Students',36,0,NULL,NULL,NULL,NULL,NULL,NULL),(3495,NULL,NULL,NULL,'HRM','2nd Semester',2023,2024,'NS1HM1','NS 1','Science, Technology and Society','8:30-10 TTh','304','Students',38,0,NULL,NULL,NULL,NULL,NULL,NULL),(3496,NULL,NULL,NULL,'HRM','2nd Semester',2023,2024,'TH221HM1','THC 221','Enterpreneurship Tourism and Hospitality','10-11:30 TTh','Dining-B','Students',39,0,NULL,NULL,NULL,NULL,NULL,NULL),(3497,NULL,NULL,NULL,'HRM','2nd Semester',2023,2024,'PE4HM1','PE 4','Team Sports','8-10 Wed','SGS-C','Students',43,0,NULL,NULL,NULL,NULL,NULL,NULL),(3498,NULL,NULL,NULL,'HRM','2nd Semester',2023,2024,'TH221HM2','THC 221','Enterpreneurship Tourism and Hospitality','8-9am MWF','205','Students',39,0,NULL,NULL,NULL,NULL,NULL,NULL),(3499,NULL,NULL,NULL,'HRM','2nd Semester',2023,2024,'NS1HM2','NS 1','Science, Technology and Society','7-8:30am TTh','205','Students',39,0,NULL,NULL,NULL,NULL,NULL,NULL),(3500,NULL,NULL,NULL,'HRM','2nd Semester',2023,2024,'TH223HM2','THC 223','Philippine Culture and Tourism Geography','10-11 MWF','Dining-B','Students',36,0,NULL,NULL,NULL,NULL,NULL,NULL),(3501,NULL,NULL,NULL,'HRM','2nd Semester',2023,2024,'EN2HM2','Engl 2','Introduction to Literature','11-12 MWF','205','Students',44,0,NULL,NULL,NULL,NULL,NULL,NULL),(3502,NULL,NULL,NULL,'HRM','2nd Semester',2023,2024,'SS4HM2','SS 4','Social Sciences and Philosophy','8:30-10 TTh','222','Students',41,0,NULL,NULL,NULL,NULL,NULL,NULL),(3503,NULL,NULL,NULL,'HRM','2nd Semester',2023,2024,'TH222HM2','THC 222','Professional Development and Applied Ethics','10-11:30 TTh','Dining-A','Students',32,0,NULL,NULL,NULL,NULL,NULL,NULL),(3504,NULL,NULL,NULL,'HRM','2nd Semester',2023,2024,'HMP221HM2','HMPE 221','Front Office Operations','1-4 TTh','205','Students',34,0,NULL,NULL,NULL,NULL,NULL,NULL),(3505,NULL,NULL,NULL,'HRM','2nd Semester',2023,2024,'PE4HM2','PE 4','Team Sports','1-3 Wed','SGS-C','Students',27,0,NULL,NULL,NULL,NULL,NULL,NULL),(3506,NULL,NULL,NULL,'HRM','2nd Semester',2023,2024,'PE4HM3','PE 4','Team Sports','8-10 Mon','SGS-C','Students',34,0,NULL,NULL,NULL,NULL,NULL,NULL),(3507,NULL,NULL,NULL,'HRM','2nd Semester',2023,2024,'TH222HM3','THC 222','Professional Development and Applied Ethics','10-11 MWF','213','Students',36,0,NULL,NULL,NULL,NULL,NULL,NULL),(3508,NULL,NULL,NULL,'HRM','2nd Semester',2023,2024,'TH221HM3','THC 221','Enterpreneurship Tourism and Hospitality','1-2 MWF','213','Students',42,0,NULL,NULL,NULL,NULL,NULL,NULL),(3509,NULL,NULL,NULL,'HRM','2nd Semester',2023,2024,'NS1HM3','NS 1','Science, Technology and Society','5-6 MWF','304','Students',37,0,NULL,NULL,NULL,NULL,NULL,NULL),(3510,NULL,NULL,NULL,'HRM','2nd Semester',2023,2024,'SS4HM3','SS 4','Social Sciences and Philosophy','6-7 MWF','222','Students',37,0,NULL,NULL,NULL,NULL,NULL,NULL),(3511,NULL,NULL,NULL,'HRM','2nd Semester',2023,2024,'HMP221HM3','HMPE 221','Front Office Operations','9-12 TTh','Dining-A','Students',33,0,NULL,NULL,NULL,NULL,NULL,NULL),(3512,NULL,NULL,NULL,'HRM','2nd Semester',2023,2024,'TH223HM3','THC 223','Philippine Culture and Tourism Geography','4-5:30 TTh','2','Students',40,0,NULL,NULL,NULL,NULL,NULL,NULL),(3513,NULL,NULL,NULL,'HRM','2nd Semester',2023,2024,'EN2HM3','Engl 2','Introduction to Literature','5:30-7 TTh','214','Students',33,0,NULL,NULL,NULL,NULL,NULL,NULL),(3514,NULL,NULL,NULL,'CE','2nd Semester',2023,2024,'K4XEC1','CE 444','Professional Course-Specialized 4','4:30-6PM MW','CB 37','Students',40,0,NULL,NULL,NULL,NULL,NULL,NULL),(3515,NULL,NULL,NULL,'BusAdm','2nd Semester',2023,2024,'SMM1','BA 321','Strategic Management','2-3 PM MWF','308','Students',30,0,NULL,NULL,NULL,NULL,NULL,NULL),(3516,NULL,NULL,NULL,'BusAdm','2nd Semester',2023,2024,'PMM1','MM 321','Product Management','11-12 AM MWF','314','Students',28,0,NULL,NULL,NULL,NULL,NULL,NULL),(3517,NULL,NULL,NULL,'BusAdm','2nd Semester',2023,2024,'IBTM1','BA 322','International Business and Trade','9-10 AM MWF','307','Students',34,0,NULL,NULL,NULL,NULL,NULL,NULL),(3518,NULL,NULL,NULL,'BusAdm','2nd Semester',2023,2024,'MMM1','MM 322','Marketing Management','10-11 AM MWF','309','Students',31,0,NULL,NULL,NULL,NULL,NULL,NULL),(3519,NULL,NULL,NULL,'BusAdm','2nd Semester',2023,2024,'ECIMM1','MM 323','E-Commerce and Internet Marketing','10-11:30 AM TTH','313','Students',32,0,NULL,NULL,NULL,NULL,NULL,NULL),(3520,NULL,NULL,NULL,'BusAdm','2nd Semester',2023,2024,'PSM1','MM 324','Pricing Strategy','8:30-10 AM TTH','309','Students',32,0,NULL,NULL,NULL,NULL,NULL,NULL),(3521,NULL,NULL,NULL,'BusAdm','2nd Semester',2023,2024,'SMF1','BA 321','Strategic Management','1-2 PM MWF','309','Students',50,0,NULL,NULL,NULL,NULL,NULL,NULL),(3522,NULL,NULL,NULL,'BusAdm','2nd Semester',2023,2024,'IBTF1','BA 322','International Business and Trade','2-3 PM MWF','314','Students',39,0,NULL,NULL,NULL,NULL,NULL,NULL),(3523,NULL,NULL,NULL,'BusAdm','2nd Semester',2023,2024,'PMF1','FM 321','Monetary Policy and Central Banking','3-4 PM MWF','313','Students',42,0,NULL,NULL,NULL,NULL,NULL,NULL),(3524,NULL,NULL,NULL,'BusAdm','2nd Semester',2023,2024,'MMF1','FM 322','Cooperative Management','4-5:30 PM TTH','315','Students',39,0,NULL,NULL,NULL,NULL,NULL,NULL),(3525,NULL,NULL,NULL,'BusAdm','2nd Semester',2023,2024,'ECIMF1','FM 323','Treasury Management','6-7 PM MWF','303','Students',36,0,NULL,NULL,NULL,NULL,NULL,NULL),(3526,NULL,NULL,NULL,'BusAdm','2nd Semester',2023,2024,'PSF1','FM 324','Financial Controllership','2:30-4 PM TTH','317','Students',34,0,NULL,NULL,NULL,NULL,NULL,NULL),(3527,NULL,NULL,NULL,'BusAdm','2nd Semester',2023,2024,'SMF2','BA 321','Strategic Management','4-5 PM MWF','308','Students',50,0,NULL,NULL,NULL,NULL,NULL,NULL),(3528,NULL,NULL,NULL,'BusAdm','2nd Semester',2023,2024,'IBTF2','BA 322','International Business and Trade','2:30-4 PM TTH','315','Students',44,0,NULL,NULL,NULL,NULL,NULL,NULL),(3529,NULL,NULL,NULL,'BusAdm','2nd Semester',2023,2024,'PMF2','FM 321','Monetary Policy and Central Banking','2-3 PM MWF','315','Students',37,0,NULL,NULL,NULL,NULL,NULL,NULL),(3530,NULL,NULL,NULL,'BusAdm','2nd Semester',2023,2024,'MMF2','FM 322','Cooperative Management','5-6 PM MWF','315','Students',42,0,NULL,NULL,NULL,NULL,NULL,NULL),(3531,NULL,NULL,NULL,'BusAdm','2nd Semester',2023,2024,'ECIMF2','FM 323','Treasury Management','4-5:30 PM TTH','314','Students',42,0,NULL,NULL,NULL,NULL,NULL,NULL),(3532,NULL,NULL,NULL,'BusAdm','2nd Semester',2023,2024,'PSF2','FM 324','Financial Controllership','1-2 PM MFW','308','Students',43,0,NULL,NULL,NULL,NULL,NULL,NULL),(3533,NULL,NULL,NULL,'BusAdm','2nd Semester',2023,2024,'STFM1','FM 421','Special Topics in Financial Mgt','6-7 PM MWF','314','Students',35,0,NULL,NULL,NULL,NULL,NULL,NULL),(3534,NULL,NULL,NULL,'BusAdm','2nd Semester',2023,2024,'WILF1','BA 423','Practicum/Work Integrated Learning','8-10 AM MWF','308','Students',34,0,NULL,NULL,NULL,NULL,NULL,NULL),(3535,NULL,NULL,NULL,'BusAdm','2nd Semester',2023,2024,'EMF1','BA 422','Enterprenuerial Management (Elect 4)','7-8 PM MWF','313','Students',36,0,NULL,NULL,NULL,NULL,NULL,NULL),(3536,NULL,NULL,NULL,'BusAdm','2nd Semester',2023,2024,'EMF2','BA 422','Enterprenuerial Management (Elect 4)','5:30-7 PM TTH','315','Students',24,0,NULL,NULL,NULL,NULL,NULL,NULL),(3537,NULL,NULL,NULL,'BusAdm','2nd Semester',2023,2024,'WILF2','BA 423','Practicum/Work Integrated Learning','10-12 MWF','308','Students',27,0,NULL,NULL,NULL,NULL,NULL,NULL),(3538,NULL,NULL,NULL,'BusAdm','2nd Semester',2023,2024,'STFM2','FM 421','Special Topics in Financial Mgt','9-10 AM MWF','316','Students',31,0,NULL,NULL,NULL,NULL,NULL,NULL),(3539,NULL,NULL,NULL,'BusAdm','2nd Semester',2023,2024,'WILM1','BA 423','Practicum/Work Intergrated Learning','8-11 AM TTH','308','Students',35,0,NULL,NULL,NULL,NULL,NULL,NULL),(3540,NULL,NULL,NULL,'BusAdm','2nd Semester',2023,2024,'EMM1','BA 422','Entreprenuerial Management (Elect 4)','1-2:30 PM TTH','313','Students',38,0,NULL,NULL,NULL,NULL,NULL,NULL),(3541,NULL,NULL,NULL,'BusAdm','2nd Semester',2023,2024,'IMM1','MM 421','International Marketing (Elect 3)','7-8:30 PM TTH','309','Students',36,0,NULL,NULL,NULL,NULL,NULL,NULL),(3542,NULL,NULL,NULL,'HRM','2nd Semester',2023,2024,'TH321HM1','THC 321','Multi-Cultural Diversity in Workplace for the Tourism Professional','8-9am MWF','Dining-B','Students',43,0,NULL,NULL,NULL,NULL,NULL,NULL),(3543,NULL,NULL,NULL,'HRM','2nd Semester',2023,2024,'HM2HM1','Hum 2','Ethics','11-12 MWF','7','Students',50,0,NULL,NULL,NULL,NULL,NULL,NULL),(3544,NULL,NULL,NULL,'HRM','2nd Semester',2023,2024,'HP322HM1','HPC 322','Ergonomics and Facilities Planning for Hospitality Industry','8-10 TTh','Dining-B','Students',46,0,NULL,NULL,NULL,NULL,NULL,NULL),(3545,NULL,NULL,NULL,'HRM','2nd Semester',2023,2024,'FOL2HM1','HPC 321','Foreign Language 2 (Advanced Spanish/Mandarin)','10:30-12 TTh','213','Students',46,0,NULL,NULL,NULL,NULL,NULL,NULL),(3546,NULL,NULL,NULL,'HRM','2nd Semester',2023,2024,'FL2HM1','Fil 2','Pananliksik sa Wikang Filipino','3-4 MWF','205','Students',49,0,NULL,NULL,NULL,NULL,NULL,NULL),(3547,NULL,NULL,NULL,'HRM','2nd Semester',2023,2024,'HMP321HM1','HMPE 321','Recreation and Leisure Management','2:30-4 TTh','Dining-B','Students',44,0,NULL,NULL,NULL,NULL,NULL,NULL),(3548,NULL,NULL,NULL,'HRM','2nd Semester',2023,2024,'BME321HM1','BME 321','Operation Management','4:30-6 TTh','221','Students',47,0,NULL,NULL,NULL,NULL,NULL,NULL),(3549,NULL,NULL,NULL,'HRM','2nd Semester',2023,2024,'FL2HM2','Fil 2','Pananliksik sa Wikang Filipino','8-9am MWF','222','Students',36,0,NULL,NULL,NULL,NULL,NULL,NULL),(3550,NULL,NULL,NULL,'HRM','2nd Semester',2023,2024,'TH321HM2','THC 321','Multi-Cultural Diversity in Workplace for the Tourism Professional','9-10 MWF','205','Students',31,0,NULL,NULL,NULL,NULL,NULL,NULL),(3551,NULL,NULL,NULL,'HRM','2nd Semester',2023,2024,'BME321HM2','BME 321','Operation Management','3-4 MWF','Dining-B','Students',31,0,NULL,NULL,NULL,NULL,NULL,NULL),(3552,NULL,NULL,NULL,'HRM','2nd Semester',2023,2024,'HM2HM2','Hum 2','Ethics','7-8:30am TTh','304','Students',35,0,NULL,NULL,NULL,NULL,NULL,NULL),(3553,NULL,NULL,NULL,'HRM','2nd Semester',2023,2024,'FOL2HM2','HPC 321','Foreign Language 2 (Advanced Spanish/Mandarin)','9-10:30 TTh','213','Students',31,0,NULL,NULL,NULL,NULL,NULL,NULL),(3554,NULL,NULL,NULL,'HRM','2nd Semester',2023,2024,'HMP321HM2','HMPE 321','Recreation and Leisure Management','1-2:30 TTh','Dining-B','Students',33,0,NULL,NULL,NULL,NULL,NULL,NULL),(3555,NULL,NULL,NULL,'HRM','2nd Semester',2023,2024,'HP322HM2','HPC 322','Ergonomics and Facilities Planning for Hospitality Industry','4-6 TTh','Dining-B','Students',32,0,NULL,NULL,NULL,NULL,NULL,NULL),(3556,NULL,NULL,NULL,'BusAdm','2nd Semester',2023,2024,'PE2BA1','PATHFIT 2','Exercise-based Fitness Activities','8-10AM THURS','RTS','Students',50,0,NULL,NULL,NULL,NULL,NULL,NULL),(3557,NULL,NULL,NULL,'BusAdm','2nd Semester',2023,2024,'ACANBA2','Acctg 111','Financial Accounting and Reporting for Service and Trading Business','4-6PM MWF','316','Students',51,0,NULL,NULL,NULL,NULL,NULL,NULL),(3558,NULL,NULL,NULL,'BusAdm','2nd Semester',2023,2024,'SS3BA2','SS 3','Understanding the Self','3-4PM MWF','303','Students',45,0,NULL,NULL,NULL,NULL,NULL,NULL),(3559,NULL,NULL,NULL,'BusAdm','2nd Semester',2023,2024,'SS2BA2','SS 2','The Contemporary World','1-2PM MWF','303','Students',36,0,NULL,NULL,NULL,NULL,NULL,NULL),(3560,NULL,NULL,NULL,'BusAdm','2nd Semester',2023,2024,'HM3BA2','HUM 3','Art Appreciation','10-11:30AM TTH','302','Students',40,0,NULL,NULL,NULL,NULL,NULL,NULL),(3561,NULL,NULL,NULL,'BusAdm','2nd Semester',2023,2024,'MMANBA2','BA 121','Philosophy od Modern Marketing','8:30-10AM TTH','303','Students',51,0,NULL,NULL,NULL,NULL,NULL,NULL),(3562,NULL,NULL,NULL,'BusAdm','2nd Semester',2023,2024,'EN1BA2','ENGL 1','Purposive Communication','1-2:30PM TTH','303','Students',39,0,NULL,NULL,NULL,NULL,NULL,NULL),(3563,NULL,NULL,NULL,'BusAdm','2nd Semester',2023,2024,'PE2BA2','PATHFIT 2','Exercise-based Fitness Activities','8-10AM WED','RTS','Students',39,0,NULL,NULL,NULL,NULL,NULL,NULL),(3564,NULL,NULL,NULL,'BusAdm','2nd Semester',2023,2024,'ACANBA3','Acctg 111','Financial Accounting and Reporting for Service and Trading Business','1-4PM TTH','321','Students',50,0,NULL,NULL,NULL,NULL,NULL,NULL),(3565,NULL,NULL,NULL,'BusAdm','2nd Semester',2023,2024,'EN1BA3','ENGL 1','Purposive Communication','9-10AM MWF','315','Students',53,0,NULL,NULL,NULL,NULL,NULL,NULL),(3566,NULL,NULL,NULL,'BusAdm','2nd Semester',2023,2024,'HM3BA3','HUM 3 ','Art Appreciation','8-9AM MWF','315','Students',48,0,NULL,NULL,NULL,NULL,NULL,NULL),(3567,NULL,NULL,NULL,'BusAdm','2nd Semester',2023,2024,'SS2BA3','SS 2','The Contemporary World ','1-2PM MWF','315','Students',43,0,NULL,NULL,NULL,NULL,NULL,NULL),(3568,NULL,NULL,NULL,'BusAdm','2nd Semester',2023,2024,'SS3BA3','SS 3','Understanding the Self','10-11AM MWF','313','Students',44,0,NULL,NULL,NULL,NULL,NULL,NULL),(3569,NULL,NULL,NULL,'BusAdm','2nd Semester',2023,2024,'MMANBA3','BA 121','Philosopy of Modern Marketing','2-3PM MWF','309','Students',50,0,NULL,NULL,NULL,NULL,NULL,NULL),(3570,NULL,NULL,NULL,'BusAdm','2nd Semester',2023,2024,'PE2BA3','PATHFIT 2','Exercise-based Fitness Activities','8-10AM TUE','RTS','Students',38,0,NULL,NULL,NULL,NULL,NULL,NULL),(3571,NULL,NULL,NULL,'CE','2nd Semester',2023,2024,'K4UEC2','CE 441','CE Project 2','8:30-10:30 TTH','CE 24','Students',35,0,NULL,NULL,NULL,NULL,NULL,NULL),(3572,NULL,NULL,NULL,'CE','2nd Semester',2023,2024,'K4VEC2','CE 442','Quantity Surveying','6-8:30PM TTH','CE 26','Students',46,0,NULL,NULL,NULL,NULL,NULL,NULL),(3573,NULL,NULL,NULL,'CE','2nd Semester',2023,2024,'K4WEC2','CE 443','Professional Course-Specialized 3','4-5 MWF','CE LAB','Students',42,0,NULL,NULL,NULL,NULL,NULL,NULL),(3574,NULL,NULL,NULL,'CE','2nd Semester',2023,2024,'K4XEC2','CE 444','Professional Course-Specialized 4','4:30-6PM TTH','CB 37','Students',31,0,NULL,NULL,NULL,NULL,NULL,NULL),(3575,NULL,NULL,NULL,'CE','2nd Semester',2023,2024,'K4ZEC2','CE 446','Construction Methods and Project Management','1-4 MW','CE 23','Students',24,0,NULL,NULL,NULL,NULL,NULL,NULL),(3576,NULL,NULL,NULL,'CE','2nd Semester',2023,2024,'K4VEC3','CE 442','Quantity Surveying','6-8:30PM FRI/9:30-12 SAT','CE 26','Students',31,0,NULL,NULL,NULL,NULL,NULL,NULL),(3577,NULL,NULL,NULL,'CE','2nd Semester',2023,2024,'K4WEC3','CE 443','Professional Course-Specialized 3','2:30-4 TTH','CE LAB','Students',42,0,NULL,NULL,NULL,NULL,NULL,NULL),(3578,NULL,NULL,NULL,'CE','2nd Semester',2023,2024,'K4XEC3','CE 444','Professional Course-Specialized 4','10:30-12 TTH','CB 37','Students',30,0,NULL,NULL,NULL,NULL,NULL,NULL),(3579,NULL,NULL,NULL,'CE','2nd Semester',2023,2024,'K4YEC3','CE 445','Professional Course-Specialized 5','7-8am MWF','CE 26','Students',27,0,NULL,NULL,NULL,NULL,NULL,NULL),(3580,NULL,NULL,NULL,'CE','2nd Semester',2023,2024,'K4ZEC3','CE 446','Construction Methods and Project Management','9-12 MW','CE 23','Students',23,0,NULL,NULL,NULL,NULL,NULL,NULL),(3581,NULL,NULL,NULL,'LA','2nd Semester',2023,2024,'E122AB1','ENG 122','Introduction to the English Language Acquisition','11-12 MWF','GS1B','Students',15,0,NULL,NULL,NULL,NULL,NULL,NULL),(3582,NULL,NULL,NULL,'LA','2nd Semester',2023,2024,'E121AB1','ENG 121','Theories of Language and Language Acquisition','1-2 MWF','GS1B','Students',16,0,NULL,NULL,NULL,NULL,NULL,NULL),(3583,NULL,NULL,NULL,'LA','2nd Semester',2023,2024,'SS5AB1','SS 5','Life and Works of Rizal','2-3 MWF','213','Students',41,0,NULL,NULL,NULL,NULL,NULL,NULL),(3584,NULL,NULL,NULL,'LA','2nd Semester',2023,2024,'EN2AB1','ENG 2','Advanced Grammar and Development Reading ','3-4 MWF','213','Students',38,0,NULL,NULL,NULL,NULL,NULL,NULL),(3585,NULL,NULL,NULL,'LA','2nd Semester',2023,2024,'E123AB1','ENG 123','History of the English Language','8:30-10 TTh','GS1B','Students',15,0,NULL,NULL,NULL,NULL,NULL,NULL),(3586,NULL,NULL,NULL,'LA','2nd Semester',2023,2024,'NS1AB1','NS 1','Science, Technology and Society','1-2:30 TTh','306','Students',33,0,NULL,NULL,NULL,NULL,NULL,NULL),(3587,NULL,NULL,NULL,'LA','2nd Semester',2023,2024,'PE2AB1','PE 2','Rythmic Activities','3-5 Tue','SGS-B','Students',45,0,NULL,NULL,NULL,NULL,NULL,NULL),(3588,NULL,NULL,NULL,'BusAdm','2nd Semester',2023,2024,'PE4BA1','PE 4','Team Sports','8-10AM MON','RTS','Students',41,0,NULL,NULL,NULL,NULL,NULL,NULL),(3589,NULL,NULL,NULL,'LA','2nd Semester',2023,2024,'E3AB1','ENG 3','Philippine and World Literature','9-10 MWF','GS1B','Students',25,0,NULL,NULL,NULL,NULL,NULL,NULL),(3590,NULL,NULL,NULL,'LA','2nd Semester',2023,2024,'E222AB1','ENG 222','Laguange and Advertising ','11-12 MWF','GS2','Students',12,0,NULL,NULL,NULL,NULL,NULL,NULL),(3591,NULL,NULL,NULL,'BusAdm','2nd Semester',2023,2024,'GGSRBA1','BA 221','Good Governance and Social Responsibility','7-8 PM MWF','315','Students',35,0,NULL,NULL,NULL,NULL,NULL,NULL),(3592,NULL,NULL,NULL,'LA','2nd Semester',2023,2024,'E223AB1','ENG 223','Language and Internet','2-3 MWF','1','Students',12,0,NULL,NULL,NULL,NULL,NULL,NULL),(3593,NULL,NULL,NULL,'LA','2nd Semester',2023,2024,'E224AB1','ENG 224','Introduction to Language, Society and Culture','4-5 MWF','GS1B','Students',12,0,NULL,NULL,NULL,NULL,NULL,NULL),(3594,NULL,NULL,NULL,'LA','2nd Semester',2023,2024,'SS3AB1','SS 3','Understanding the Self','5-6 MWF','213','Students',28,0,NULL,NULL,NULL,NULL,NULL,NULL),(3595,NULL,NULL,NULL,'BusAdm','2nd Semester',2023,2024,'IMSBA1','BA 222','Information Management with Office Applications Software','10-12MWF lab/2-3pm Fri lec','310/313','Students',51,0,NULL,NULL,NULL,NULL,NULL,NULL),(3596,NULL,NULL,NULL,'LA','2nd Semester',2023,2024,'FOL1AB1','FL 1','Foreign Language 1','1-2:30 TTh','GS1B','Students',14,0,NULL,NULL,NULL,NULL,NULL,NULL),(3597,NULL,NULL,NULL,'LA','2nd Semester',2023,2024,'E221AB1','ENG 221','Language and Politics','2:30-4 TTh','213','Students',12,0,NULL,NULL,NULL,NULL,NULL,NULL),(3598,NULL,NULL,NULL,'LA','2nd Semester',2023,2024,'PE4AB1','PE 4','Team Sports','8-10 Thur','SGS-B','Students',35,0,NULL,NULL,NULL,NULL,NULL,NULL),(3599,NULL,NULL,NULL,'BusAdm','2nd Semester',2023,2024,'FARBA1','FM 221','Financial Analysis and Reporting ','3-4PM MWF','307','Students',42,0,NULL,NULL,NULL,NULL,NULL,NULL),(3600,NULL,NULL,NULL,'BusAdm','2nd Semester',2023,2024,'TXANBA1','TAX 1','Income Taxation ','6-7PM MWF','317','Students',47,0,NULL,NULL,NULL,NULL,NULL,NULL),(3601,NULL,NULL,NULL,'BusAdm','2nd Semester',2023,2024,'SS5BA1','SS 5','Rizal\'s Life and Works','10-11:30AM TTH','315','Students',45,0,NULL,NULL,NULL,NULL,NULL,NULL),(3602,NULL,NULL,NULL,'BusAdm','2nd Semester',2023,2024,'PE4BA3','PE 4','Team Sports','3-5 PM TUES','RTS','Students',34,0,NULL,NULL,NULL,NULL,NULL,NULL),(3603,NULL,NULL,NULL,'BusAdm','2nd Semester',2023,2024,'BLABA1','Blaw 1','Obligation and Contracts','4-5 PM MWF','313','Students',46,0,NULL,NULL,NULL,NULL,NULL,NULL),(3604,NULL,NULL,NULL,'BusAdm','2nd Semester',2023,2024,'PE4BA2','PE 4','Team Sports','10-12 THURS','RTS','Students',30,0,NULL,NULL,NULL,NULL,NULL,NULL),(3605,NULL,NULL,NULL,'BusAdm','2nd Semester',2023,2024,'GGSRBA2','BA 221','Good Governance and Social Responsibility','5-6 PM MWF','303','Students',31,0,NULL,NULL,NULL,NULL,NULL,NULL),(3606,NULL,NULL,NULL,'BusAdm','2nd Semester',2023,2024,'IMSBA2','BA 222','Information Management with Office Applications Software','7-10MF LAB/10-11 TUE LEC','310/307','Students',33,0,NULL,NULL,NULL,NULL,NULL,NULL),(3607,NULL,NULL,NULL,'BusAdm','2nd Semester',2023,2024,'FARBA2','FM 221','Financial Analysis and Reporting ','10-11AM MWF','303','Students',24,0,NULL,NULL,NULL,NULL,NULL,NULL),(3608,NULL,NULL,NULL,'BusAdm','2nd Semester',2023,2024,'TXANBA2','TAX 1','Income Taxation ','4-5:30PM TTH','316','Students',27,0,NULL,NULL,NULL,NULL,NULL,NULL),(3609,NULL,NULL,NULL,'BusAdm','2nd Semester',2023,2024,'SS5BA2','SS 5','Rizal\'s Life and Works','8:30-10AM TTH','313','Students',28,0,NULL,NULL,NULL,NULL,NULL,NULL),(3610,NULL,NULL,NULL,'BusAdm','2nd Semester',2023,2024,'BLABA2','Blaw 1','Obligation and Contracts','7-8:30PM TTH','313','Students',29,0,NULL,NULL,NULL,NULL,NULL,NULL),(3611,NULL,NULL,NULL,'BusAdm','2nd Semester',2023,2024,'GGSRBA3','BA 221','Good Governance and Social Responsibility','6-7 PM MWF','309','Students',35,0,NULL,NULL,NULL,NULL,NULL,NULL),(3612,NULL,NULL,NULL,'BusAdm','2nd Semester',2023,2024,'IMSBA3','BA 222','Information Management with Office Applications Software','7-10AM tue lab&lec/7-9am thurs lab/1-2pm lab','310/307','Students',41,0,NULL,NULL,NULL,NULL,NULL,NULL),(3613,NULL,NULL,NULL,'BusAdm','2nd Semester',2023,2024,'RMBA3','MM 221','Retail Management','3-4 PM MWF','309','Students',34,0,NULL,NULL,NULL,NULL,NULL,NULL),(3614,NULL,NULL,NULL,'BusAdm','2nd Semester',2023,2024,'TXANBA3','TAX 1','Income Taxation','7-8:30 PM TTH','308','Students',28,0,NULL,NULL,NULL,NULL,NULL,NULL),(3615,NULL,NULL,NULL,'BusAdm','2nd Semester',2023,2024,'SS5BA3','SS 5','Rizal\'s Life and Work','2-3 PM MWF','316','Students',46,0,NULL,NULL,NULL,NULL,NULL,NULL),(3616,NULL,NULL,NULL,'BusAdm','2nd Semester',2023,2024,'BLABA3','Blaw 1','Obligations and Contracts','5:30-7 PM TTH','314','Students',32,0,NULL,NULL,NULL,NULL,NULL,NULL),(3617,NULL,NULL,NULL,'CE','2nd Semester',2023,2024,'K4UEC4','CE 441','CE Project 2','8:30-10:30 WF','CE 24','Students',33,0,NULL,NULL,NULL,NULL,NULL,NULL),(3618,NULL,NULL,NULL,'CE','2nd Semester',2023,2024,'K4VEC4','CE 442','Quantity Surveying','5:30-8PM TTH','R.4 ME BLDG.','Students',38,0,NULL,NULL,NULL,NULL,NULL,NULL),(3619,NULL,NULL,NULL,'CE','2nd Semester',2023,2024,'K4WEC4','CE 443','Professional Course-Specialized 3','2-5PM SAT','CE 22','Students',35,0,NULL,NULL,NULL,NULL,NULL,NULL),(3620,NULL,NULL,NULL,'CE','2nd Semester',2023,2024,'K4XEC4','CE 444','Professional Course-Specialized 4','1-2 MWF','CE 1-B','Students',33,0,NULL,NULL,NULL,NULL,NULL,NULL),(3621,NULL,NULL,NULL,'CE','2nd Semester',2023,2024,'K4YEC4','CE 445','Professional Course-Specialized 5','9-12 TUE','CE 26','Students',35,0,NULL,NULL,NULL,NULL,NULL,NULL),(3622,NULL,NULL,NULL,'CE','2nd Semester',2023,2024,'K4ZEC4','CE 446','Construction Methods and Project Management','2-5 TTH','CE 23','Students',24,0,NULL,NULL,NULL,NULL,NULL,NULL),(3623,NULL,NULL,NULL,'CE','2nd Semester',2023,2024,'K4UEC5','CE 441','CE Project 2','3-5PM MW','CB 22','Students',26,0,NULL,NULL,NULL,NULL,NULL,NULL),(3624,NULL,NULL,NULL,'CE','2nd Semester',2023,2024,'K4VEC5','CE 442','Quantity Surveying','7-12 SAT','R.4 ME BLDG.','Students',33,0,NULL,NULL,NULL,NULL,NULL,NULL),(3625,NULL,NULL,NULL,'CE','2nd Semester',2023,2024,'K4WEC5','CE 443','Professional Course-Specialized 3','9-12 MON','CE LAB','Students',36,0,NULL,NULL,NULL,NULL,NULL,NULL),(3626,NULL,NULL,NULL,'CE','2nd Semester',2023,2024,'K4XEC5','CE 444','Professional Course-Specialized 4','2-3 MWF','CE 1-B','Students',31,0,NULL,NULL,NULL,NULL,NULL,NULL),(3627,NULL,NULL,NULL,'CE','2nd Semester',2023,2024,'K4ZEC5','CE 446','Construction Methods and Project Management','6-9PM MW','CE 23','Students',35,0,NULL,NULL,NULL,NULL,NULL,NULL),(3628,NULL,NULL,NULL,'CE','2nd Semester',2023,2024,'K4UEC6','CE 441','CE Project 2','1-3 MW','CB 22','Students',29,0,NULL,NULL,NULL,NULL,NULL,NULL),(3629,NULL,NULL,NULL,'CE','2nd Semester',2023,2024,'K4VEC6','CE 442','Quantity Surveying','7-9PM FRI/ 7-10AM SAT','R.3 ME BLDG.','Students',31,0,NULL,NULL,NULL,NULL,NULL,NULL),(3630,NULL,NULL,NULL,'CE','2nd Semester',2023,2024,'K4WEC6','CE 443','Professional Course-Specialized 3','10-12/1-2 SAT','CE 22','Students',31,0,NULL,NULL,NULL,NULL,NULL,NULL),(3631,NULL,NULL,NULL,'CE','2nd Semester',2023,2024,'K4XEC6','CE 444','Professional Course-Specialized 4','3-4PM MWF','CE 1-B','Students',32,0,NULL,NULL,NULL,NULL,NULL,NULL),(3632,NULL,NULL,NULL,'CE','2nd Semester',2023,2024,'K4YEC6','CE 445','Professional Course-Specialized 5','10-11 MWF','CE 26','Students',31,0,NULL,NULL,NULL,NULL,NULL,NULL),(3633,NULL,NULL,NULL,'CE','2nd Semester',2023,2024,'K4ZEC6','CE 446','Construction Methods and Project Management','6-9PM TTH','CE 23','Students',37,0,NULL,NULL,NULL,NULL,NULL,NULL),(3634,NULL,NULL,NULL,'CE','2nd Semester',2023,2024,'K4UEC7','CE 441','CE Project 2','10-12 MW','CB 22','Students',27,0,NULL,NULL,NULL,NULL,NULL,NULL),(3635,NULL,NULL,NULL,'CE','2nd Semester',2023,2024,'K4VEC7','CE 442','Quantity Surveying','7-9PM THUR/5-8PM SAT','R.3 ME BLDG.','Students',31,0,NULL,NULL,NULL,NULL,NULL,NULL),(3636,NULL,NULL,NULL,'CE','2nd Semester',2023,2024,'K4WEC7','CE 443','Professional Course-Specialized 3','7-10AM SAT','CE 22','Students',33,0,NULL,NULL,NULL,NULL,NULL,NULL),(3637,NULL,NULL,NULL,'CE','2nd Semester',2023,2024,'K4XEC7','CE 444','Professional Course-Specialized 4','6-9PM FRI','CE 23','Students',38,0,NULL,NULL,NULL,NULL,NULL,NULL),(3638,NULL,NULL,NULL,'CE','2nd Semester',2023,2024,'K4YEC7','CE 445','Professional Course-Specialized 5','6-9PM MON','CE 21','Students',38,0,NULL,NULL,NULL,NULL,NULL,NULL),(3639,NULL,NULL,NULL,'CE','2nd Semester',2023,2024,'K4ZEC7','CE 446','Construction Methods and Project Management','10-12/1-5 SAT','CE 23','Students',34,0,NULL,NULL,NULL,NULL,NULL,NULL),(3640,NULL,NULL,NULL,'CE','2nd Semester',2023,2024,'K4UEC8','CE 441','CE Project 2','1-5 THUR','CB 22','Students',34,0,NULL,NULL,NULL,NULL,NULL,NULL),(3641,NULL,NULL,NULL,'CE','2nd Semester',2023,2024,'K4VEC8','CE 442','Quantity Surveying','10-12/2-5 SAT','R.3 ME BLDG.','Students',32,0,NULL,NULL,NULL,NULL,NULL,NULL),(3642,NULL,NULL,NULL,'CE','2nd Semester',2023,2024,'K4WEC8','CE 443','Professional Course-Specialized 3','9-12 FRI','CE LAB','Students',34,0,NULL,NULL,NULL,NULL,NULL,NULL),(3643,NULL,NULL,NULL,'CE','2nd Semester',2023,2024,'K4XEC8','CE 444','Professional Course-Specialized 4','6-9PM THURS','CE 24','Students',31,0,NULL,NULL,NULL,NULL,NULL,NULL),(3644,NULL,NULL,NULL,'CE','2nd Semester',2023,2024,'K4YEC8','CE 445','Professional Course-Specialized 5','6-9PM TUE','CE 24','Students',38,0,NULL,NULL,NULL,NULL,NULL,NULL),(3645,NULL,NULL,NULL,'CE','2nd Semester',2023,2024,'K4ZEC8','CE 446','Construction Methods and Project Management','6-8PM MWF','CE 22','Students',46,0,NULL,NULL,NULL,NULL,NULL,NULL),(3646,NULL,NULL,NULL,'CE','2nd Semester',2023,2024,'K3GEC1','CE 324','Building System Design','6-7PM MON/5:30-7:30PM WF','CE 24','Students',51,0,NULL,NULL,NULL,NULL,NULL,NULL),(3647,NULL,NULL,NULL,'CE','2nd Semester',2023,2024,'K3HEC1','CE 325','Principles of Steel Design','1-3:30 MW','CE 22','Students',50,0,NULL,NULL,NULL,NULL,NULL,NULL),(3648,NULL,NULL,NULL,'CE','2nd Semester',2023,2024,'K3JEC1','CE 327','Hydrology','8-9pm mwf','CE 22','Students',45,0,NULL,NULL,NULL,NULL,NULL,NULL),(3649,NULL,NULL,NULL,'CE','2nd Semester',2023,2024,'K3KEC1','CE 328','Hydraulics','10-12 MW/9-12 FRI','CB 37','Students',51,0,NULL,NULL,NULL,NULL,NULL,NULL),(3650,NULL,NULL,NULL,'CE','2nd Semester',2023,2024,'K3LEC1','CE 329','CE Law, Ethics and Contracts','9-12 SAT','CE 24','Students',49,0,NULL,NULL,NULL,NULL,NULL,NULL),(3651,NULL,NULL,NULL,'CE','2nd Semester',2023,2024,'KTECHEC11','Techno 1 ','Technopreneurship','8-9am MWF','CE 1-A','Students',50,0,NULL,NULL,NULL,NULL,NULL,NULL),(3652,NULL,NULL,NULL,'CE','2nd Semester',2023,2024,'K3GEC2','CE 324','Building System Design','7-9PM MON/7:30-9PM WF','CE 24','Students',37,0,NULL,NULL,NULL,NULL,NULL,NULL),(3653,NULL,NULL,NULL,'CE','2nd Semester',2023,2024,'K3HEC2','CE 325','Principles of Steel Design','7-9:30AM MW','CE 22','Students',47,0,NULL,NULL,NULL,NULL,NULL,NULL),(3654,NULL,NULL,NULL,'CE','2nd Semester',2023,2024,'K3IEC2','CE 326','Principles of Reinforced/Prestressed Concrete','10-12 MWF','CB 24','Students',50,0,NULL,NULL,NULL,NULL,NULL,NULL),(3655,NULL,NULL,NULL,'CE','2nd Semester',2023,2024,'K3JEC2','CE 327','Hydrology','7:30-9PM TTH','CE 22','Students',36,0,NULL,NULL,NULL,NULL,NULL,NULL),(3656,NULL,NULL,NULL,'CE','2nd Semester',2023,2024,'K3KEC2','CE 328','Hydraulics','1-4:30 MW','CB 37','Students',49,0,NULL,NULL,NULL,NULL,NULL,NULL),(3657,NULL,NULL,NULL,'CE','2nd Semester',2023,2024,'K3LEC2','CE 329','CE Law, Ethics and Contracts','1-4PM SAT','CE 24','Students',37,0,NULL,NULL,NULL,NULL,NULL,NULL),(3658,NULL,NULL,NULL,'CE','2nd Semester',2023,2024,'K3GEC3','CE 324','Building System Design','1-6PM SAT','CE 1-A','Students',49,0,NULL,NULL,NULL,NULL,NULL,NULL),(3659,NULL,NULL,NULL,'CE','2nd Semester',2023,2024,'K3HEC3','CE 325','Principles of Steel Design','7-9:30AM TTH','CE 22','Students',44,0,NULL,NULL,NULL,NULL,NULL,NULL),(3660,NULL,NULL,NULL,'CE','2nd Semester',2023,2024,'K3IEC3','CE 326','Principles of Reinforced/Prestressed Concrete','8-10AM MWF','CB 24','Students',50,0,NULL,NULL,NULL,NULL,NULL,NULL),(3661,NULL,NULL,NULL,'CE','2nd Semester',2023,2024,'K3JEC3','CE 327','Hydrology','6-7:30PM TTH','CE 22','Students',41,0,NULL,NULL,NULL,NULL,NULL,NULL),(3662,NULL,NULL,NULL,'CE','2nd Semester',2023,2024,'K3LEC3','CE 329','CE Law, Ethics and Contracts','6-7PM MWF','CB 37','Students',39,0,NULL,NULL,NULL,NULL,NULL,NULL),(3663,NULL,NULL,NULL,'CE','2nd Semester',2023,2024,'KTECHEC13','Techno 1 ','Technopreneurship','10-11 MWF','CE 1-A','Students',46,0,NULL,NULL,NULL,NULL,NULL,NULL),(3664,NULL,NULL,NULL,'CE','2nd Semester',2023,2024,'K3GEC4','CE 324','Building System Design','6-8:30PM MW','CB 32','Students',40,0,NULL,NULL,NULL,NULL,NULL,NULL),(3665,NULL,NULL,NULL,'CE','2nd Semester',2023,2024,'K3HEC4','CE 325','Principles of Steel Design','9:30-12 MW','CE 22','Students',45,0,NULL,NULL,NULL,NULL,NULL,NULL),(3666,NULL,NULL,NULL,'CE','2nd Semester',2023,2024,'K3IEC4','CE 326','Principles of Reinforced/Prestressed Concrete','1-4PM TTH','CB 24','Students',50,0,NULL,NULL,NULL,NULL,NULL,NULL),(3667,NULL,NULL,NULL,'CE','2nd Semester',2023,2024,'K3JEC4','CE 327','Hydrology','5-6PM MWF','CE 22','Students',46,0,NULL,NULL,NULL,NULL,NULL,NULL),(3668,NULL,NULL,NULL,'CE','2nd Semester',2023,2024,'K3LEC4','CE 329','CE Law, Ethics and Contracts','6-7:30 TTH','CB 37','Students',47,0,NULL,NULL,NULL,NULL,NULL,NULL),(3669,NULL,NULL,NULL,'CE','2nd Semester',2023,2024,'K3HEC5','CE 325','Principles of Steel Design','1-3:30 TTH','CE 22','Students',49,0,NULL,NULL,NULL,NULL,NULL,NULL),(3670,NULL,NULL,NULL,'CE','2nd Semester',2023,2024,'K3JEC5','CE 327','Hydrology','8-9:30AM/1-2:30SAT','CE 26','Students',26,0,NULL,NULL,NULL,NULL,NULL,NULL),(3671,NULL,NULL,NULL,'CE','2nd Semester',2023,2024,'K3LEC5','CE 329','CE Law, Ethics and Contracts','7-8PM MWF','CB 37','Students',30,0,NULL,NULL,NULL,NULL,NULL,NULL),(3672,NULL,NULL,NULL,'CE','2nd Semester',2023,2024,'KTECHEC15','Techno 1 ','Technopreneurship','2:30-5:30 SAT','CB 31','Students',34,0,NULL,NULL,NULL,NULL,NULL,NULL),(3673,NULL,NULL,NULL,'CE','2nd Semester',2023,2024,'KTECHEC14','Techno 1 ','Technopreneurship','10:30-12/1-2:30 SAT','CB 31','Students',29,0,NULL,NULL,NULL,NULL,NULL,NULL),(3674,NULL,NULL,NULL,'CE','2nd Semester',2023,2024,'K3GEC6','CE 324','Building System Design','6-8PM FRI/9-12 SAT','CB 32','Students',41,0,NULL,NULL,NULL,NULL,NULL,NULL),(3675,NULL,NULL,NULL,'CE','2nd Semester',2023,2024,'K3HEC6','CE 325','Principles of Steel Design','9:30-12 TTH','CE 22','Students',51,0,NULL,NULL,NULL,NULL,NULL,NULL),(3676,NULL,NULL,NULL,'CE','2nd Semester',2023,2024,'K3IEC6','CE 326','Principles of Reinforced/Prestressed Concrete','1-7PM SAT','CE 21','Students',42,0,NULL,NULL,NULL,NULL,NULL,NULL),(3677,NULL,NULL,NULL,'CE','2nd Semester',2023,2024,'K3JEC6','CE 327','Hydrology','6-7:30PM MW','CB 24','Students',41,0,NULL,NULL,NULL,NULL,NULL,NULL),(3678,NULL,NULL,NULL,'CE','2nd Semester',2023,2024,'K3LEC6','CE 329','CE Law, Ethics and Contracts','8-9PM MWF','CB 37','Students',36,0,NULL,NULL,NULL,NULL,NULL,NULL),(3679,NULL,NULL,NULL,'CE','2nd Semester',2023,2024,'KTECHEC16','Techno 1 ','Technopreneurship','6-9PM THUR','RM. 2 ME BLDG.','Students',34,0,NULL,NULL,NULL,NULL,NULL,NULL),(3680,NULL,NULL,NULL,'CE','2nd Semester',2023,2024,'K3GEC7','CE 324','Building System Design','9:30-12 TTH','CE 21','Students',46,0,NULL,NULL,NULL,NULL,NULL,NULL),(3681,NULL,NULL,NULL,'CE','2nd Semester',2023,2024,'K3HEC7','CE 325','Principles of Steel Design','10-12/1-4 SAT','CB 22','Students',39,0,NULL,NULL,NULL,NULL,NULL,NULL),(3682,NULL,NULL,NULL,'CE','2nd Semester',2023,2024,'K3IEC7','CE 326','Principles of Reinforced/Prestressed Concrete','5:30-8:30PM FRI/7-10AM SAT','CB 22/CE 23','Students',40,0,NULL,NULL,NULL,NULL,NULL,NULL),(3683,NULL,NULL,NULL,'CE','2nd Semester',2023,2024,'K3JEC7','CE 327','Hydrology','6-7:30PM TTH','CB 24','Students',32,0,NULL,NULL,NULL,NULL,NULL,NULL),(3684,NULL,NULL,NULL,'CE','2nd Semester',2023,2024,'K3KEC7','CE 328','Hydraulics','5:30-9PM MW','CE 1-A','Students',50,0,NULL,NULL,NULL,NULL,NULL,NULL),(3685,NULL,NULL,NULL,'CE','2nd Semester',2023,2024,'KTECHEC17','Techno 1 ','Technopreneurship','11-12 MWF','CE 1-A','Students',28,0,NULL,NULL,NULL,NULL,NULL,NULL),(3686,NULL,NULL,NULL,'CE','2nd Semester',2023,2024,'K3GEC8','CE 324','Building System Design','1-3:30 TTH','CE 21','Students',45,0,NULL,NULL,NULL,NULL,NULL,NULL),(3687,NULL,NULL,NULL,'CE','2nd Semester',2023,2024,'K3HEC8','CE 325','Principles of Steel Design','7-9AM/4-7PM SAT','CB 22','Students',36,0,NULL,NULL,NULL,NULL,NULL,NULL),(3688,NULL,NULL,NULL,'CE','2nd Semester',2023,2024,'K3IEC8','CE 326','Principles of Reinforced/Prestressed Concrete','5:30-8:30PM MW','CB 22','Students',37,0,NULL,NULL,NULL,NULL,NULL,NULL),(3689,NULL,NULL,NULL,'CE','2nd Semester',2023,2024,'K3JEC8','CE 327','Hydrology','1-4PM SAT','CB 33','Students',36,0,NULL,NULL,NULL,NULL,NULL,NULL),(3690,NULL,NULL,NULL,'CE','2nd Semester',2023,2024,'K3KEC8','CE 328','Hydraulics','5:30-9PM TTH','CE 1-A','Students',50,0,NULL,NULL,NULL,NULL,NULL,NULL),(3691,NULL,NULL,NULL,'CE','2nd Semester',2023,2024,'K3LEC8','CE 329','CE Law, Ethics and Contracts','9-12 SAT','CB 37','Students',38,0,NULL,NULL,NULL,NULL,NULL,NULL),(3692,NULL,NULL,NULL,'CE','2nd Semester',2023,2024,'KTECHEC18','Techno 1 ','Technopreneurship','6-9PM FRI','CE 1-A','Students',34,0,NULL,NULL,NULL,NULL,NULL,NULL),(3693,NULL,NULL,NULL,'CE','2nd Semester',2023,2024,'K3JEC9','CE 327','Hydrology','7:30-9PM TTH','CB 24','Students',50,0,NULL,NULL,NULL,NULL,NULL,NULL),(3694,NULL,NULL,NULL,'CE','2nd Semester',2023,2024,'K3KEC9','CE 328','Hydraulics','8-12/1-4 SAT','CB 24','Students',50,0,NULL,NULL,NULL,NULL,NULL,NULL),(3695,NULL,NULL,NULL,'CE','2nd Semester',2023,2024,'K3LEC9','CE 329','CE Law, Ethics and Contracts','8-9:30am TTH','CE 21','Students',50,0,NULL,NULL,NULL,NULL,NULL,NULL),(3696,NULL,NULL,NULL,'CE','2nd Semester',2023,2024,'KTECHEC19','Techno 1 ','Technopreneurship','6-9PM FRI','CB 33','Students',50,0,NULL,NULL,NULL,NULL,NULL,NULL),(3697,NULL,NULL,NULL,'CE','2nd Semester',2023,2024,'K3GEC10','CE 324','Building System Design','7-12 SAT','CB 35/cb 33','Students',46,0,NULL,NULL,NULL,NULL,NULL,NULL),(3698,NULL,NULL,NULL,'CE','2nd Semester',2023,2024,'K3JEC10','CE 327','Hydrology','7:30-9PM MW','CB 24','Students',50,0,NULL,NULL,NULL,NULL,NULL,NULL),(3699,NULL,NULL,NULL,'CE','2nd Semester',2023,2024,'K3LEC10','CE 329','CE Law, Ethics and Contracts','3:30-5PM TTH','CE 21','Students',49,0,NULL,NULL,NULL,NULL,NULL,NULL),(3700,NULL,NULL,NULL,'CE','2nd Semester',2023,2024,'KTECHEC20','Techno 1 ','Technopreneurship','9-10:30 TTH','CE 1-A','Students',50,0,NULL,NULL,NULL,NULL,NULL,NULL),(3701,NULL,NULL,NULL,'CE','2nd Semester',2023,2024,'K2EEC1','CE 226','Construction Materials and Testing','7-12 Wed','CE LAB','Students',49,0,NULL,NULL,NULL,NULL,NULL,NULL),(3702,NULL,NULL,NULL,'CE','2nd Semester',2023,2024,'KCADEC1','CadE 2','Computer-Aided Design','9-12 TTH','CB 12','Students',51,0,NULL,NULL,NULL,NULL,NULL,NULL),(3703,NULL,NULL,NULL,'CE','2nd Semester',2023,2024,'K225EC1','CE 225','Geology for Civil Engineers','1-2 MWF','CE LAB','Students',40,0,NULL,NULL,NULL,NULL,NULL,NULL),(3704,NULL,NULL,NULL,'CE','2nd Semester',2023,2024,'K226EC1','CE 226','Engineering Surveys','8-10AM MWF','CE 26','Students',41,0,NULL,NULL,NULL,NULL,NULL,NULL),(3705,NULL,NULL,NULL,'CE','2nd Semester',2023,2024,'HM3EC1','Hum 3','Art Appreciation','11-12AM MWF','304','Students',36,0,NULL,NULL,NULL,NULL,NULL,NULL),(3706,NULL,NULL,NULL,'CE','2nd Semester',2023,2024,'KTECHEC1','Techno 1','Technopreneurship','6-7PM MWF','CE LAB','Students',34,0,NULL,NULL,NULL,NULL,NULL,NULL),(3707,NULL,NULL,NULL,'CE','2nd Semester',2023,2024,'MTE5EC1','MathE 5','Engineering Data Analysis','7:30-9PM TTH','CE LAB','Students',47,0,NULL,NULL,NULL,NULL,NULL,NULL),(3708,NULL,NULL,NULL,'CE','2nd Semester',2023,2024,'KMCEEC1','MechE 2','Dynamics for Rigid Bodies','6-7PMTTH','CB 35','Students',27,0,NULL,NULL,NULL,NULL,NULL,NULL),(3709,NULL,NULL,NULL,'CE','2nd Semester',2023,2024,'PE2EC1','PATHFIT 2','Exercise-based Fitness Activities','8-10AM WED','SGS-A','Students',46,0,NULL,NULL,NULL,NULL,NULL,NULL),(3710,NULL,NULL,NULL,'CE','2nd Semester',2023,2024,'NS1EC1','NS 1','Science Technology and Society','8:30-10AM  TTH','306','Students',44,0,NULL,NULL,NULL,NULL,NULL,NULL),(3711,NULL,NULL,NULL,'CE','2nd Semester',2023,2024,'MTE2EC1','MathE 2','Calculus 2','10-11AM MWF','208','Students',41,0,NULL,NULL,NULL,NULL,NULL,NULL),(3712,NULL,NULL,NULL,'CE','2nd Semester',2023,2024,'EN3EC1','Engl 3','Technical Communication','11-12 MWF','214','Students',38,0,NULL,NULL,NULL,NULL,NULL,NULL),(3713,NULL,NULL,NULL,'CE','2nd Semester',2023,2024,'SS5EC1','SS 5','Life and Work of Rizal','10-11:30 TTH','305','Students',35,0,NULL,NULL,NULL,NULL,NULL,NULL),(3714,NULL,NULL,NULL,'CE','2nd Semester',2023,2024,'PH1EC1','PhysE 1','Physics for Engineers','1-3PM MWF','PHYS LAB-1','Students',32,0,NULL,NULL,NULL,NULL,NULL,NULL),(3715,NULL,NULL,NULL,'CE','2nd Semester',2023,2024,'SS3EC1','SS 3','Understanding the Self','3-4PM MWF','305','Students',42,0,NULL,NULL,NULL,NULL,NULL,NULL),(3716,NULL,NULL,NULL,'CE','2nd Semester',2023,2024,'CH1EC1','ChemE 1','Chemistry for Engineers','1-4PM TTH','102','Students',49,0,NULL,NULL,NULL,NULL,NULL,NULL),(3717,NULL,NULL,NULL,'CE','2nd Semester',2023,2024,'KCP7EC1','Comp 7','Computer Fundamentals and Programming ','4-6PM MWF','210','Students',48,0,NULL,NULL,NULL,NULL,NULL,NULL),(3718,NULL,NULL,NULL,'CE','2nd Semester',2023,2024,'KDRAEC1','E Draw 1','Engineering Drawing and Plans','6-9PM MON','CB 26','Students',49,0,NULL,NULL,NULL,NULL,NULL,NULL),(3719,NULL,NULL,NULL,'CE','2nd Semester',2023,2024,'PH1EC2','PhysE 1','Physics for Engineers','8-10AM MWF','PHYS LAB-1','Students',31,0,NULL,NULL,NULL,NULL,NULL,NULL),(3720,NULL,NULL,NULL,'CE','2nd Semester',2023,2024,'NS1EC2','NS 1','Science Technology and Society','10-11 MWF','306','Students',44,0,NULL,NULL,NULL,NULL,NULL,NULL),(3721,NULL,NULL,NULL,'CE','2nd Semester',2023,2024,'EN3EC2','Engl 3','Technical Communication','8:30-10 TTH','214','Students',47,0,NULL,NULL,NULL,NULL,NULL,NULL),(3722,NULL,NULL,NULL,'CE','2nd Semester',2023,2024,'MTE2EC2','MathE 2','Calculus 2','10-11:30 TTH','208','Students',40,0,NULL,NULL,NULL,NULL,NULL,NULL),(3723,NULL,NULL,NULL,'CE','2nd Semester',2023,2024,'KDRAEC2','E Draw 1','Engineering Drawing and Plans','9-12 SAT','CB 36','Students',49,0,NULL,NULL,NULL,NULL,NULL,NULL),(3724,NULL,NULL,NULL,'CE','2nd Semester',2023,2024,'SS3EC2','SS 3','Understanding the Self','1-2PM MWF','305','Students',42,0,NULL,NULL,NULL,NULL,NULL,NULL),(3725,NULL,NULL,NULL,'CE','2nd Semester',2023,2024,'SS5EC2','SS 5','Life and Work of Rizal','2-3 MWF','305','Students',48,0,NULL,NULL,NULL,NULL,NULL,NULL),(3726,NULL,NULL,NULL,'CE','2nd Semester',2023,2024,'CH1EC2','ChemE 1','Chemistry for Engineers','3-5PM MWF','102','Students',46,0,NULL,NULL,NULL,NULL,NULL,NULL),(3727,NULL,NULL,NULL,'CE','2nd Semester',2023,2024,'PE2EC2','PATHFIT 2','Exercise-based Fitness Activities','1-3PM TUE','SGS-A','Students',49,0,NULL,NULL,NULL,NULL,NULL,NULL),(3728,NULL,NULL,NULL,'CE','2nd Semester',2023,2024,'KCP7EC2','Comp 7','Computer Fundamentals and Programming ','6-8PM MWF','210','Students',44,0,NULL,NULL,NULL,NULL,NULL,NULL),(3729,NULL,NULL,NULL,'CE','2nd Semester',2023,2024,'CH1EC3','ChemE 1','Chemistry for Engineers','8-10AM MWF','102','Students',51,0,NULL,NULL,NULL,NULL,NULL,NULL),(3730,NULL,NULL,NULL,'CE','2nd Semester',2023,2024,'SS5EC3','SS 5','Life and Work of Rizal','8:30-10 TTH','305','Students',49,0,NULL,NULL,NULL,NULL,NULL,NULL),(3731,NULL,NULL,NULL,'CE','2nd Semester',2023,2024,'EN3EC3','Engl 3','Technical Communication','10-11 MWF','214','Students',49,0,NULL,NULL,NULL,NULL,NULL,NULL),(3732,NULL,NULL,NULL,'CE','2nd Semester',2023,2024,'MTE2EC3','MathE 2','Calculus 2','11-12 MWF','208','Students',42,0,NULL,NULL,NULL,NULL,NULL,NULL),(3733,NULL,NULL,NULL,'CE','2nd Semester',2023,2024,'NS1EC3','NS 1','Science Technology and Society','10-11:30 TTH','306','Students',40,0,NULL,NULL,NULL,NULL,NULL,NULL),(3734,NULL,NULL,NULL,'CE','2nd Semester',2023,2024,'KDRAEC3','E Draw 1','Engineering Drawing and Plans','8-11 SAT','CB 26','Students',44,0,NULL,NULL,NULL,NULL,NULL,NULL),(3735,NULL,NULL,NULL,'CE','2nd Semester',2023,2024,'KCP7EC3','Comp 7','Computer Fundamentals and Programming ','1-3PM MWF','210','Students',49,0,NULL,NULL,NULL,NULL,NULL,NULL),(3736,NULL,NULL,NULL,'CE','2nd Semester',2023,2024,'PH1EC3','PhysE 1','Physics for Engineers','1-4PM TTH','PHYS LAB-1','Students',37,0,NULL,NULL,NULL,NULL,NULL,NULL),(3737,NULL,NULL,NULL,'CE','2nd Semester',2023,2024,'PE2EC3','PATHFIT 2','Exercise-based Fitness Activities','3-5PM WED','SGS-A','Students',51,0,NULL,NULL,NULL,NULL,NULL,NULL),(3738,NULL,NULL,NULL,'CE','2nd Semester',2023,2024,'SS3EC3','SS 3','Understanding the Self','4-5:30PM TTH','305','Students',41,0,NULL,NULL,NULL,NULL,NULL,NULL),(3739,NULL,NULL,NULL,'CE','2nd Semester',2023,2024,'PE2EC4','PATHFIT 2','Exercise-based Fitness Activities','8-10AM MON','SGS-A','Students',50,0,NULL,NULL,NULL,NULL,NULL,NULL),(3740,NULL,NULL,NULL,'CE','2nd Semester',2023,2024,'CH1EC4','ChemE 1','Chemistry for Engineers','10-12 MWF','102','Students',50,0,NULL,NULL,NULL,NULL,NULL,NULL),(3741,NULL,NULL,NULL,'CE','2nd Semester',2023,2024,'MTE2EC4','MathE 2','Calculus 2','8:30-10 TTH','208','Students',40,0,NULL,NULL,NULL,NULL,NULL,NULL),(3742,NULL,NULL,NULL,'CE','2nd Semester',2023,2024,'EN3EC4','Engl 3','Technical Communication','10-11:30 TTH','214','Students',47,0,NULL,NULL,NULL,NULL,NULL,NULL),(3743,NULL,NULL,NULL,'CE','2nd Semester',2023,2024,'SS5EC4','SS 5','Life and Work of Rizal','1-2:30 TTH','305','Students',48,0,NULL,NULL,NULL,NULL,NULL,NULL),(3744,NULL,NULL,NULL,'CE','2nd Semester',2023,2024,'NS1EC4','NS 1','Science Technology and Society','2-3 MWF','306','Students',50,0,NULL,NULL,NULL,NULL,NULL,NULL),(3745,NULL,NULL,NULL,'CE','2nd Semester',2023,2024,'PH1EC4','PhysE 1','Physics for Engineers','3-5PM MWF','PHYS LAB-1','Students',32,0,NULL,NULL,NULL,NULL,NULL,NULL),(3746,NULL,NULL,NULL,'CE','2nd Semester',2023,2024,'SS3EC4','SS 3','Understanding the Self','2:30-4 TTH','305','Students',48,0,NULL,NULL,NULL,NULL,NULL,NULL),(3747,NULL,NULL,NULL,'CE','2nd Semester',2023,2024,'KCP7EC4','Comp 7','Computer Fundamentals and Programming ','4-8PM TUE/4-6 THUR','210','Students',40,0,NULL,NULL,NULL,NULL,NULL,NULL),(3748,NULL,NULL,NULL,'CE','2nd Semester',2023,2024,'KDRAEC4','E Draw 1','Engineering Drawing and Plans','6-9PM THUR','CB 26','Students',47,0,NULL,NULL,NULL,NULL,NULL,NULL),(3749,NULL,NULL,NULL,'CE','2nd Semester',2023,2024,'EN3EC5','Engl 3','Technical Communication','9-10AM MWF','214','Students',50,0,NULL,NULL,NULL,NULL,NULL,NULL),(3750,NULL,NULL,NULL,'CE','2nd Semester',2023,2024,'SS3EC5','SS 3','Understanding the Self','10-11MWF','305','Students',46,0,NULL,NULL,NULL,NULL,NULL,NULL),(3751,NULL,NULL,NULL,'CE','2nd Semester',2023,2024,'NS1EC5','NS 1','Science Technology and Society','11-12 MWF','306','Students',46,0,NULL,NULL,NULL,NULL,NULL,NULL),(3752,NULL,NULL,NULL,'CE','2nd Semester',2023,2024,'KCP7EC5','Comp 7','Computer Fundamentals and Programming ','9-12/1-4 SAT','210','Students',46,0,NULL,NULL,NULL,NULL,NULL,NULL),(3753,NULL,NULL,NULL,'CE','2nd Semester',2023,2024,'MTE2EC5','MathE 2','Calculus 2','2:30-4PM TTH','208','Students',33,0,NULL,NULL,NULL,NULL,NULL,NULL),(3754,NULL,NULL,NULL,'CE','2nd Semester',2023,2024,'SS5EC5','SS 5','Life and Work of Rizal','1-2PM MWF','305','Students',42,0,NULL,NULL,NULL,NULL,NULL,NULL),(3755,NULL,NULL,NULL,'CE','2nd Semester',2023,2024,'PH1EC5','PhysE 1','Physics for Engineers','5-7PM MWF','PHYS LAB-1','Students',34,0,NULL,NULL,NULL,NULL,NULL,NULL),(3756,NULL,NULL,NULL,'CE','2nd Semester',2023,2024,'CH1EC5','ChemE 1','Chemistry for Engineers','4-7PM TTH','102','Students',46,0,NULL,NULL,NULL,NULL,NULL,NULL),(3757,NULL,NULL,NULL,'CE','2nd Semester',2023,2024,'KDRAEC5','E Draw 1','Engineering Drawing and Plans','7:30-9PM MW','CB 36','Students',46,0,NULL,NULL,NULL,NULL,NULL,NULL),(3758,NULL,NULL,NULL,'CE','2nd Semester',2023,2024,'PE2EC5','PATHFIT 2','Exercise-based Fitness Activities','10-12 THUR','SGS-A','Students',49,0,NULL,NULL,NULL,NULL,NULL,NULL),(3759,NULL,NULL,NULL,'CE','2nd Semester',2023,2024,'MTE5EC2','MathE 5','Engineering Data Analysis','9-10:30 TTH','CB 35','Students',48,0,NULL,NULL,NULL,NULL,NULL,NULL),(3760,NULL,NULL,NULL,'LA','2nd Semester',2023,2024,'E322AB1','ENG 322','Multilingualism and Multiculturalism','9-10 MWF','GS2','Students',9,0,NULL,NULL,NULL,NULL,NULL,NULL),(3761,NULL,NULL,NULL,'LA','2nd Semester',2023,2024,'E4AB1','ENG 4','Argumentation and Debate','10-11 MW/1-2:30 TTh','GS1B/Speech Lab','Students',17,0,NULL,NULL,NULL,NULL,NULL,NULL),(3762,NULL,NULL,NULL,'ME','2nd Semester',2023,2024,'KDRBEM1','Draw E 2','Computer Aided Drafting ','5:30-8:30 PM Mon','CB-14','Students',49,0,NULL,NULL,NULL,NULL,NULL,NULL),(3763,NULL,NULL,NULL,'ME','2nd Semester',2023,2024,'KDRBEM2','Draw E 2','Computer Aided Drafting ','5:30-8:30 PM TUE','CB-14','Students',47,0,NULL,NULL,NULL,NULL,NULL,NULL),(3764,NULL,NULL,NULL,'LA','2nd Semester',2023,2024,'E323AB1','ENG 323','Business Communication','2-3 MWF','GS1B','Students',17,0,NULL,NULL,NULL,NULL,NULL,NULL),(3765,NULL,NULL,NULL,'ME','2nd Semester',2023,2024,'MTE5EM1','Math E 5','Engineering Data Analysis','8-9:30 AM MW','ME SHOP','Students',41,0,NULL,NULL,NULL,NULL,NULL,NULL),(3766,NULL,NULL,NULL,'ME','2nd Semester',2023,2024,'HM2EM1','Hum 2 ','Ethics','5:30-7PM TTH','R-306','Students',50,0,NULL,NULL,NULL,NULL,NULL,NULL),(3767,NULL,NULL,NULL,'ME','2nd Semester',2023,2024,'KMCEEM1','Mech E 2','Dynamics of Rigid Bodies','10-12 TTH','ME SHOP/R-2','Students',27,0,NULL,NULL,NULL,NULL,NULL,NULL),(3768,NULL,NULL,NULL,'ME','2nd Semester',2023,2024,'K2DEM1','ME 222','Thermodynamics 2','9:30-12 MW','R-4','Students',35,0,NULL,NULL,NULL,NULL,NULL,NULL),(3769,NULL,NULL,NULL,'CE','2nd Semester',2023,2024,'SS5EC6','SS 5','Life and Work of Rizal','8-9AM MWF','305','Students',48,0,NULL,NULL,NULL,NULL,NULL,NULL),(3770,NULL,NULL,NULL,'ME','2nd Semester',2023,2024,'K2AEM1','ME 223','Basic Electronics','5:30-7:30M/5:30-8:30W','CB-25/ EE LAB','Students',40,0,NULL,NULL,NULL,NULL,NULL,NULL),(3771,NULL,NULL,NULL,'ME','2nd Semester',2023,2024,'K2IEM1','ME 224','Machine Shop Theory','1-4 TTH','ME SHOP','Students',46,0,NULL,NULL,NULL,NULL,NULL,NULL),(3772,NULL,NULL,NULL,'ME','2nd Semester',2023,2024,'PE4EM1','PE 4','Physical Education 4','1-3 MON','R-SGS-A','Students',33,0,NULL,NULL,NULL,NULL,NULL,NULL),(3773,NULL,NULL,NULL,'EE','2nd Semester',2023,2024,'221KEE1','EEE 221','Engineering Math for EE','3-4:30/6-7:30 M/W','9','Students',41,0,NULL,NULL,NULL,NULL,NULL,NULL),(3774,NULL,NULL,NULL,'EE','2nd Semester',2023,2024,'222KEE1','EEE 222','Fundamentals of Deformable Bodies','6:30 -8: 30pm Tue','9','Students',44,0,NULL,NULL,NULL,NULL,NULL,NULL),(3775,NULL,NULL,NULL,'ME','2nd Semester',2023,2024,'MTE5EM2','Math E 5','Engineering Data Analysis','9:30-11 MW','ME SHOP','Students',44,0,NULL,NULL,NULL,NULL,NULL,NULL),(3776,NULL,NULL,NULL,'ME','2nd Semester',2023,2024,'HM2EM2','Hum 2 ','Ethics','11-12 MWF','R-304','Students',50,0,NULL,NULL,NULL,NULL,NULL,NULL),(3777,NULL,NULL,NULL,'CE','2nd Semester',2023,2024,'SS3EC6','SS 3','Understanding the Self','9-10AM MWF','305','Students',46,0,NULL,NULL,NULL,NULL,NULL,NULL),(3778,NULL,NULL,NULL,'ME','2nd Semester',2023,2024,'KMCEEM2','Mech E 2','Dynamics of Rigid Bodies','8-10 TTH','R-2','Students',39,0,NULL,NULL,NULL,NULL,NULL,NULL),(3779,NULL,NULL,NULL,'ME','2nd Semester',2023,2024,'K2AEM2','ME 223','Basic Electronics','5:30-7:30THU/5:30-8:30FRI','CB-25/EE LAB','Students',27,0,NULL,NULL,NULL,NULL,NULL,NULL),(3780,NULL,NULL,NULL,'ME','2nd Semester',2023,2024,'K2IEM2','ME 224','Machine Shop Theory','2-5 MW','ME SHOP','Students',50,0,NULL,NULL,NULL,NULL,NULL,NULL),(3781,NULL,NULL,NULL,'ME','2nd Semester',2023,2024,'PE4EM2','PE 4','Physical Education 4','10-12 THUR','R-BGS-B','Students',49,0,NULL,NULL,NULL,NULL,NULL,NULL),(3782,NULL,NULL,NULL,'EE','2nd Semester',2023,2024,'223KEE1','EEE 223','Electrical Cicuits 2','8-10am MW','6','Students',29,0,NULL,NULL,NULL,NULL,NULL,NULL),(3783,NULL,NULL,NULL,'EE','2nd Semester',2023,2024,'224KEE1','EEE 224','Electrical Circuits 2 lab','1-4 Fri','EE Lab','Students',34,0,NULL,NULL,NULL,NULL,NULL,NULL),(3784,NULL,NULL,NULL,'EE','2nd Semester',2023,2024,'225KEE1','EEE 225','Electronic Circuits: Devices and Analysis','10-11:30am MW','9','Students',33,0,NULL,NULL,NULL,NULL,NULL,NULL),(3785,NULL,NULL,NULL,'EE','2nd Semester',2023,2024,'226KEE1','EEE 226','Electronic Circuits: Devices and Analysis lab','9an-12nn Thur','EE Lab','Students',30,0,NULL,NULL,NULL,NULL,NULL,NULL),(3786,NULL,NULL,NULL,'EE','2nd Semester',2023,2024,'227KEE1','EEE 227','Electromagnetics','3-4:30/9-10:30 WFri','6','Students',42,0,NULL,NULL,NULL,NULL,NULL,NULL),(3787,NULL,NULL,NULL,'EE','2nd Semester',2023,2024,'228KEE1','EEE 228','Fluid Mechanics ','4-6 Fri','5','Students',44,0,NULL,NULL,NULL,NULL,NULL,NULL),(3788,NULL,NULL,NULL,'EE','2nd Semester',2023,2024,'TEC221EE1','EE TECH 221','Industrial, Electrical Wiring, Motor & Generator','4-5:30 TTh','EE Lab','Students',49,0,NULL,NULL,NULL,NULL,NULL,NULL),(3789,NULL,NULL,NULL,'EE','2nd Semester',2023,2024,'PE4EE1','PE 4','Physical Education 4','1-3 Wed','SGS-B','Students',42,0,NULL,NULL,NULL,NULL,NULL,NULL),(3790,NULL,NULL,NULL,'CE','2nd Semester',2023,2024,'PH1EC6','PhysE 1','Physics for Engineers','10-12 MWF','PHYS LAB-1','Students',31,0,NULL,NULL,NULL,NULL,NULL,NULL),(3791,NULL,NULL,NULL,'CE','2nd Semester',2023,2024,'KCP7EC6','Comp 7','Computer Fundamentals and Programming ','7-10AM TTH','210','Students',48,0,NULL,NULL,NULL,NULL,NULL,NULL),(3792,NULL,NULL,NULL,'CE','2nd Semester',2023,2024,'PE2EC6','PATHFIT 2','Exercise-based Fitness Activities','10-12 TUE','SGS-A','Students',48,0,NULL,NULL,NULL,NULL,NULL,NULL),(3793,NULL,NULL,NULL,'EE','2nd Semester',2023,2024,'221KEE2','EEE 221','Engineering Math for EE','1:30-3MW','9','Students',0,0,NULL,NULL,NULL,NULL,NULL,NULL),(3794,NULL,NULL,NULL,'EE','2nd Semester',2023,2024,'222KEE2','EEE 222','Fundamentals of Deformable Bodies','7-9pm Thu','6','Students',27,0,NULL,NULL,NULL,NULL,NULL,NULL),(3795,NULL,NULL,NULL,'EE','2nd Semester',2023,2024,'223KEE2','EEE 223','Electrical Cicuits 2','10-12 MW','7','Students',0,0,NULL,NULL,NULL,NULL,NULL,NULL),(3796,NULL,NULL,NULL,'EE','2nd Semester',2023,2024,'224KEE2','EEE 224','Electrical Circuits 2 lab','9-12 Thur','DC Lab','Students',0,0,NULL,NULL,NULL,NULL,NULL,NULL),(3797,NULL,NULL,NULL,'EE','2nd Semester',2023,2024,'225KEE2','EEE 225','Electronic Circuits: Devices and Analysis','8-9:30am MW','7','Students',0,0,NULL,NULL,NULL,NULL,NULL,NULL),(3798,NULL,NULL,NULL,'EE','2nd Semester',2023,2024,'226KEE2','EEE 226','Electronic Circuits: Devices and Analysis lab','3-6 Fri','DC Lab','Students',0,0,NULL,NULL,NULL,NULL,NULL,NULL),(3799,NULL,NULL,NULL,'EE','2nd Semester',2023,2024,'227KEE2','EEE 227','Electromagnetics','4:30-6/10:30-12 W/F','6','Students',0,0,NULL,NULL,NULL,NULL,NULL,NULL),(3800,NULL,NULL,NULL,'EE','2nd Semester',2023,2024,'228KEE2','EEE 228','Fluid Mechanics ','3-5 Thu','5','Students',40,0,NULL,NULL,NULL,NULL,NULL,NULL),(3801,NULL,NULL,NULL,'EE','2nd Semester',2023,2024,'TEC221EE2','EE TECH 221','Industrial, Electrical Wiring, Motor & Generator','5:30-7 TTh','EE Lab','Students',49,0,NULL,NULL,NULL,NULL,NULL,NULL),(3802,NULL,NULL,NULL,'EE','2nd Semester',2023,2024,'PE4EE2','PE 4','Physical Education 4','8-10 Tue','SGS-A','Students',50,0,NULL,NULL,NULL,NULL,NULL,NULL),(3803,NULL,NULL,NULL,'EE','2nd Semester',2023,2024,'MCROEE1','Micro E1','Microprocessor Systems','8-10/9-12 Wed/Fri','9/MicroLab','Students',46,0,NULL,NULL,NULL,NULL,NULL,NULL),(3804,NULL,NULL,NULL,'EE','2nd Semester',2023,2024,'321KEE1','EEE 321','Electrical Apparatus and Devices','10-12/1-4 M/W','6/EELab','Students',49,0,NULL,NULL,NULL,NULL,NULL,NULL),(3805,NULL,NULL,NULL,'EE','2nd Semester',2023,2024,'322KEE1','EEE 322','Electrical Machines 2','4:30-6/10-12/4-7 Tue/Th/Th','6/DC Lab','Students',32,0,NULL,NULL,NULL,NULL,NULL,NULL),(3806,NULL,NULL,NULL,'EE','2nd Semester',2023,2024,'323KEE1','EEE 323','EE Laws, Codes, and Professional Ethics',' 1-3 Thu','5','Students',50,0,NULL,NULL,NULL,NULL,NULL,NULL),(3807,NULL,NULL,NULL,'EE','2nd Semester',2023,2024,'324KEE1','EEE 324','Feedback Control Systems','10-12 Tue','10','Students',46,0,NULL,NULL,NULL,NULL,NULL,NULL),(3808,NULL,NULL,NULL,'EE','2nd Semester',2023,2024,'BOSEE1','BOSH 1','Basic Occupational Safety and Health','1-4 Mon','7','Students',50,0,NULL,NULL,NULL,NULL,NULL,NULL),(3809,NULL,NULL,NULL,'EE','2nd Semester',2023,2024,'ESKEE1','ESE 1','Environmental Science and Engineering','1-3 Fri','9','Students',50,0,NULL,NULL,NULL,NULL,NULL,NULL),(3810,NULL,NULL,NULL,'EE','2nd Semester',2023,2024,'KDRAEE1','Draw E2','Computer-Aided Drafting ','6-9 WF','CB-14','Students',49,0,NULL,NULL,NULL,NULL,NULL,NULL),(3811,NULL,NULL,NULL,'EE','2nd Semester',2023,2024,'MCROEE2','Micro E1','Microprocessor Systems','8-10/1-4 M/F','9/MicroLab','Students',31,0,NULL,NULL,NULL,NULL,NULL,NULL),(3812,NULL,NULL,NULL,'EE','2nd Semester',2023,2024,'321KEE2','EEE 321','Electrical Apparatus and Devices','8-12/8-9 Tue/Th','EELab/6','Students',45,0,NULL,NULL,NULL,NULL,NULL,NULL),(3813,NULL,NULL,NULL,'EE','2nd Semester',2023,2024,'322KEE2','EEE 322','Electrical Machines 2','9-12/4-7 Thu/Fri','EE LAB/10','Students',34,0,NULL,NULL,NULL,NULL,NULL,NULL),(3814,NULL,NULL,NULL,'EE','2nd Semester',2023,2024,'323KEE2','EEE 323','EE Laws, Codes, and Professional Ethics','1-3 Wed','6','Students',50,0,NULL,NULL,NULL,NULL,NULL,NULL),(3815,NULL,NULL,NULL,'EE','2nd Semester',2023,2024,'324KEE2','EEE 324','Feedback Control Systems','10-12 Wed','10','Students',33,0,NULL,NULL,NULL,NULL,NULL,NULL),(3816,NULL,NULL,NULL,'EE','2nd Semester',2023,2024,'BOSEE2','BOSH 1','Basic Occupational Safety and Health','1-4 Tue','5','Students',49,0,NULL,NULL,NULL,NULL,NULL,NULL),(3817,NULL,NULL,NULL,'EE','2nd Semester',2023,2024,'ESKEE2','ESE 1','Environmental Science and Engineering','8-10 Fri','9','Students',49,0,NULL,NULL,NULL,NULL,NULL,NULL),(3818,NULL,NULL,NULL,'EE','2nd Semester',2023,2024,'KDRAEE2','Draw E2','Computer-Aided Drafting ','4-6/7-11 Wed/Sat','CB-14','Students',48,0,NULL,NULL,NULL,NULL,NULL,NULL),(3819,NULL,NULL,NULL,'EE','2nd Semester',2023,2024,'321KEE3','EEE 321','Electrical Apparatus and Devices','10-12/9-12 Wed/Fri','7/EE LAB','Students',49,0,NULL,NULL,NULL,NULL,NULL,NULL),(3820,NULL,NULL,NULL,'EE','2nd Semester',2023,2024,'421KEE1','EEE 421','Power Systems Analysis ','4-7/1-4 W/Thu','10','Students',49,0,NULL,NULL,NULL,NULL,NULL,NULL),(3821,NULL,NULL,NULL,'CE','2nd Semester',2023,2024,'CH1EC6','ChemE 1','Chemistry for Engineers','1-3pm MWF','102','Students',43,0,NULL,NULL,NULL,NULL,NULL,NULL),(3822,NULL,NULL,NULL,'CE','2nd Semester',2023,2024,'NS1EC6','NS 1','Science Technology and Society','3-4MWF','306','Students',48,0,NULL,NULL,NULL,NULL,NULL,NULL),(3823,NULL,NULL,NULL,'CE','2nd Semester',2023,2024,'MTE2EC6','MathE 2','Calculus 2','1-2:30 TTH','208','Students',33,0,NULL,NULL,NULL,NULL,NULL,NULL),(3824,NULL,NULL,NULL,'CE','2nd Semester',2023,2024,'EN3EC6','Engl 3','Technical Communication','2:30-4 TTH','214','Students',45,0,NULL,NULL,NULL,NULL,NULL,NULL),(3825,NULL,NULL,NULL,'CE','2nd Semester',2023,2024,'KDRAEC6','E Draw 1','Engineering Drawing and Plans','6-9PM FRI','CB 26','Students',47,0,NULL,NULL,NULL,NULL,NULL,NULL),(3826,NULL,NULL,NULL,'CE','2nd Semester',2023,2024,'SS3EC7','SS 3','Understanding the Self','7-8AM MWF','305','Students',45,0,NULL,NULL,NULL,NULL,NULL,NULL),(3827,NULL,NULL,NULL,'CE','2nd Semester',2023,2024,'MTE2EC7','MathE 2','Calculus 2','8-9AM MWF','208','Students',34,0,NULL,NULL,NULL,NULL,NULL,NULL),(3828,NULL,NULL,NULL,'CE','2nd Semester',2023,2024,'PE2EC7','PATHFIT 2','Exercise-based Fitness Activities','10-12 MON','SGS-A','Students',49,0,NULL,NULL,NULL,NULL,NULL,NULL),(3829,NULL,NULL,NULL,'CE','2nd Semester',2023,2024,'SS5EC7','SS 5','Life and Work of Rizal','7-8:30AM TTH','305','Students',47,0,NULL,NULL,NULL,NULL,NULL,NULL),(3830,NULL,NULL,NULL,'CE','2nd Semester',2023,2024,'CH1EC7','ChemE 1','Chemistry for Engineers','9-12 TTH','102','Students',44,0,NULL,NULL,NULL,NULL,NULL,NULL),(3831,NULL,NULL,NULL,'CE','2nd Semester',2023,2024,'KCP7EC7','Comp 7','Computer Fundamentals and Programming ','1-4TTH','210','Students',49,0,NULL,NULL,NULL,NULL,NULL,NULL),(3832,NULL,NULL,NULL,'CE','2nd Semester',2023,2024,'EN3EC7','Engl 3','Technical Communication','3-4PM MWF','214','Students',43,0,NULL,NULL,NULL,NULL,NULL,NULL),(3833,NULL,NULL,NULL,'CE','2nd Semester',2023,2024,'NS1EC7','NS 1','Science Technology and Society','4-5PM MWF','306','Students',44,0,NULL,NULL,NULL,NULL,NULL,NULL),(3834,NULL,NULL,NULL,'CE','2nd Semester',2023,2024,'PH1EC7','PhysE 1','Physics for Engineers','4-7PM TTH','PHYS LAB-1','Students',35,0,NULL,NULL,NULL,NULL,NULL,NULL),(3835,NULL,NULL,NULL,'CE','2nd Semester',2023,2024,'KDRAEC7','E Draw 1','Engineering Drawing and Plans','7:30-9PM TTH','CB 36','Students',50,0,NULL,NULL,NULL,NULL,NULL,NULL),(3836,NULL,NULL,NULL,'EE','2nd Semester',2023,2024,'422KEE1','EEE 422','Fundamentals of Power Plant Engineering Design','1-4/10-12 M/Tue','5','Students',49,0,NULL,NULL,NULL,NULL,NULL,NULL),(3837,NULL,NULL,NULL,'EE','2nd Semester',2023,2024,'423KEE1','EEE 423','Distribution Systems and Substation Design','10-12/1-4 M/W','5','Students',49,0,NULL,NULL,NULL,NULL,NULL,NULL),(3838,NULL,NULL,NULL,'CE','2nd Semester',2023,2024,'KCP7EC8','Comp 7','Computer Fundamentals and Programming ','7-9AM MWF','210','Students',46,0,NULL,NULL,NULL,NULL,NULL,NULL),(3839,NULL,NULL,NULL,'CE','2nd Semester',2023,2024,'NS1EC8','NS 1','Science Technology and Society','7-8:30AM TTH','306','Students',45,0,NULL,NULL,NULL,NULL,NULL,NULL),(3840,NULL,NULL,NULL,'CE','2nd Semester',2023,2024,'MTE2EC8','MathE 2','Calculus 2','9-10MWF','208','Students',35,0,NULL,NULL,NULL,NULL,NULL,NULL),(3841,NULL,NULL,NULL,'EE','2nd Semester',2023,2024,'424KEE1','EEE 424','EE Elective 3','7-8am/7-9pm/5-9TueWTh/Tue/Fri','7','Students',40,0,NULL,NULL,NULL,NULL,NULL,NULL),(3842,NULL,NULL,NULL,'CE','2nd Semester',2023,2024,'SS3EC8','SS 3','Understanding the Self','11-12 MWF','305','Students',44,0,NULL,NULL,NULL,NULL,NULL,NULL),(3843,NULL,NULL,NULL,'EE','2nd Semester',2023,2024,'425KEE1','EEE 425','Research Project of Capstone Design Project','1-4 Tue','6','Students',50,0,NULL,NULL,NULL,NULL,NULL,NULL),(3844,NULL,NULL,NULL,'CE','2nd Semester',2023,2024,'PH1EC8','PhysE 1','Physics for Engineers','9-12 TTH','PHYS LAB-1','Students',41,0,NULL,NULL,NULL,NULL,NULL,NULL),(3845,NULL,NULL,NULL,'EE','2nd Semester',2023,2024,'426KEE1','EEE 426','Seminars/ Colloquia','4-7 Tue','10','Students',49,0,NULL,NULL,NULL,NULL,NULL,NULL),(3846,NULL,NULL,NULL,'CE','2nd Semester',2023,2024,'CH1EC8','ChemE 1','Chemistry for Engineers','1-3 MWF','104','Students',49,0,NULL,NULL,NULL,NULL,NULL,NULL),(3847,NULL,NULL,NULL,'EE','2nd Semester',2023,2024,'427KEE1','EEE 427','Basic Thermodynamics','5-7pm Mon','6','Students',49,0,NULL,NULL,NULL,NULL,NULL,NULL),(3848,NULL,NULL,NULL,'CE','2nd Semester',2023,2024,'EN3EC8','Engl 3','Technical Communication','4-5PM MWF','214','Students',50,0,NULL,NULL,NULL,NULL,NULL,NULL),(3849,NULL,NULL,NULL,'EE','2nd Semester',2023,2024,'428KEE1','EEE 428','EE Elective 4','10-12/1-4 Thur','7','Students',56,0,NULL,NULL,NULL,NULL,NULL,NULL),(3850,NULL,NULL,NULL,'CE','2nd Semester',2023,2024,'SS5EC8','SS 5','Life and Work of Rizal','1-2:30 tth','r. 2 sci. bldg','Students',48,0,NULL,NULL,NULL,NULL,NULL,NULL),(3851,NULL,NULL,NULL,'CE','2nd Semester',2023,2024,'PE2EC8','PATHFIT 2','Exercise-based Fitness Activities','3-5PM THUR','SGS-A','Students',48,0,NULL,NULL,NULL,NULL,NULL,NULL),(3852,NULL,NULL,NULL,'CE','2nd Semester',2023,2024,'KDRAEC8','E Draw 1','Engineering Drawing and Plans','6-9PM WED','CB 26','Students',44,0,NULL,NULL,NULL,NULL,NULL,NULL),(3853,NULL,NULL,NULL,'CE','2nd Semester',2023,2024,'EN3EC9','Engl 3','Technical Communication','8-9AM MWF','214','Students',50,0,NULL,NULL,NULL,NULL,NULL,NULL),(3854,NULL,NULL,NULL,'CE','2nd Semester',2023,2024,'PH1EC9','PhysE 1','Physics for Engineers','10-12 MWF','PHYS LAB-2','Students',36,0,NULL,NULL,NULL,NULL,NULL,NULL),(3855,NULL,NULL,NULL,'CE','2nd Semester',2023,2024,'KCP7EC9','Comp 7','Computer Fundamentals and Programming ','10-12 TTH/7-9AM SAT','210','Students',39,0,NULL,NULL,NULL,NULL,NULL,NULL),(3856,NULL,NULL,NULL,'EE','2nd Semester',2023,2024,'421KEE2','EEE 421','Power Systems Analysis ','1-4 TueWed','10','Students',40,0,NULL,NULL,NULL,NULL,NULL,NULL),(3857,NULL,NULL,NULL,'CE','2nd Semester',2023,2024,'PE2EC9','PATHFIT 2','Exercise-based Fitness Activities','1-3PM WED','SGS-A','Students',50,0,NULL,NULL,NULL,NULL,NULL,NULL),(3858,NULL,NULL,NULL,'CE','2nd Semester',2023,2024,'NS1EC9','NS 1','Science Technology and Society','2:30-4 TTH','306','Students',50,0,NULL,NULL,NULL,NULL,NULL,NULL),(3859,NULL,NULL,NULL,'CE','2nd Semester',2023,2024,'CH1EC9','ChemE 1','Chemistry for Engineers','4-7PM TTH','104','Students',41,0,NULL,NULL,NULL,NULL,NULL,NULL),(3860,NULL,NULL,NULL,'CE','2nd Semester',2023,2024,'MTE2EC9','MathE 2','Calculus 2','5-6PM MWF','208','Students',49,0,NULL,NULL,NULL,NULL,NULL,NULL),(3861,NULL,NULL,NULL,'CE','2nd Semester',2023,2024,'SS3EC9','SS 3','Understanding the Self','6-7PM MWF','305','Students',35,0,NULL,NULL,NULL,NULL,NULL,NULL),(3862,NULL,NULL,NULL,'CE','2nd Semester',2023,2024,'SS5EC9','SS 5','Life and Work of Rizal','7-8PM MWF','305','Students',43,0,NULL,NULL,NULL,NULL,NULL,NULL),(3863,NULL,NULL,NULL,'CE','2nd Semester',2023,2024,'KDRAEC9','E Draw 1','Engineering Drawing and Plans','3-6PM SAT','CB 26','Students',45,0,NULL,NULL,NULL,NULL,NULL,NULL),(3864,NULL,NULL,NULL,'ME','2nd Semester',2023,2024,'K3QEM1','ME 325','Methods of Research ME ','7:30-10:30AM WED','R-3','Students',40,0,NULL,NULL,NULL,NULL,NULL,NULL),(3865,NULL,NULL,NULL,'ME','2nd Semester',2023,2024,'K3IEM1','ME 326','Refrigeration Systems','10:30-12 TTH ','R-3','Students',44,0,NULL,NULL,NULL,NULL,NULL,NULL),(3866,NULL,NULL,NULL,'ME','2nd Semester',2023,2024,'K3KEM1','ME 327','Fluid Machinery','9-10:30 TTH','R-4','Students',39,0,NULL,NULL,NULL,NULL,NULL,NULL),(3867,NULL,NULL,NULL,'CE','2nd Semester',2023,2024,'SS5EC10','SS 5','Life and Work of Rizal','7-8AM MWF','222','Students',34,0,NULL,NULL,NULL,NULL,NULL,NULL),(3868,NULL,NULL,NULL,'CE','2nd Semester',2023,2024,'PH1EC10','PhysE 1','Physics for Engineers','8-10AM MWF','PHYS LAB-2','Students',4,0,NULL,NULL,NULL,NULL,NULL,NULL),(3869,NULL,NULL,NULL,'CE','2nd Semester',2023,2024,'KCP7EC10','Comp 7','Computer Fundamentals and Programming ','10-12 MWF','210','Students',35,0,NULL,NULL,NULL,NULL,NULL,NULL),(3870,NULL,NULL,NULL,'CE','2nd Semester',2023,2024,'EN3EC10','Engl 3','Technical Communication','2-3 MWF','214','Students',32,0,NULL,NULL,NULL,NULL,NULL,NULL),(3871,NULL,NULL,NULL,'CE','2nd Semester',2023,2024,'MTE2EC10','MathE 2','Calculus 2','3-4 MWF','208','Students',3,0,NULL,NULL,NULL,NULL,NULL,NULL),(3872,NULL,NULL,NULL,'CE','2nd Semester',2023,2024,'PE2EC10','PATHFIT 2','Exercise-based Fitness Activities','1-3PM THUR','SGS-A','Students',40,0,NULL,NULL,NULL,NULL,NULL,NULL),(3873,NULL,NULL,NULL,'ME','2nd Semester',2023,2024,'K3PEM1','ME 328','Combustion Engineering ','1-2:30 MW','R-4','Students',43,0,NULL,NULL,NULL,NULL,NULL,NULL),(3874,NULL,NULL,NULL,'CE','2nd Semester',2023,2024,'CH1EC10','ChemE 1','Chemistry for Engineers','5-7PM MWF','102','Students',37,0,NULL,NULL,NULL,NULL,NULL,NULL),(3875,NULL,NULL,NULL,'CE','2nd Semester',2023,2024,'NS1EC10','NS 1','Science Technology and Society','4-5:30 TTH','306','Students',40,0,NULL,NULL,NULL,NULL,NULL,NULL),(3876,NULL,NULL,NULL,'EE','2nd Semester',2023,2024,'422KEE2','EEE 422','Fundamentals of Power Plant Engineering Design','4-6/1-4 M/Fri','5','Students',42,0,NULL,NULL,NULL,NULL,NULL,NULL),(3877,NULL,NULL,NULL,'EE','2nd Semester',2023,2024,'423KEE2','EEE 423','Distribution Systems and Substation Design','8:30-10/8:30-12 M/Thu','5','Students',41,0,NULL,NULL,NULL,NULL,NULL,NULL),(3878,NULL,NULL,NULL,'CE','2nd Semester',2023,2024,'SS3EC10','SS 3','Understanding the Self','5:30-7PM TTH','305','Students',34,0,NULL,NULL,NULL,NULL,NULL,NULL),(3879,NULL,NULL,NULL,'ME','2nd Semester',2023,2024,'K3CEM1','ME 329','Material Science and Engineering for ME','8-10F/1-4F','ME SHOP','Students',44,0,NULL,NULL,NULL,NULL,NULL,NULL),(3880,NULL,NULL,NULL,'CE','2nd Semester',2023,2024,'KDRAEC10','E Draw 1','Engineering Drawing and Plans','11-12/1-3 SAT','CB 26','Students',38,0,NULL,NULL,NULL,NULL,NULL,NULL),(3881,NULL,NULL,NULL,'ME','2nd Semester',2023,2024,'K3LEM1','ME 320','Mechanical Engineering Lab 1','3-6 TTH','ME LAB','Students',42,0,NULL,NULL,NULL,NULL,NULL,NULL),(3882,NULL,NULL,NULL,'EE','2nd Semester',2023,2024,'424KEE2','EEE 424','EE Elective 3','6-9pm/10-12 MW/Fri','9','Students',32,0,NULL,NULL,NULL,NULL,NULL,NULL),(3883,NULL,NULL,NULL,'ME','2nd Semester',2023,2024,'KBOEM1','BOSH 1','Basic Occupational Safety and Health','6-9 TUE','R-2','Students',50,0,NULL,NULL,NULL,NULL,NULL,NULL),(3884,NULL,NULL,NULL,'CE','2nd Semester',2023,2024,'PH1EC11','PhysE 1','Physics for Engineers','7-9AM TTHSAT','PHYS LAB-1','Students',0,0,NULL,NULL,NULL,NULL,NULL,NULL),(3885,NULL,NULL,NULL,'CE','2nd Semester',2023,2024,'NS1EC11','NS 1','Science Technology and Society','8-9AM MWF','306','Students',41,0,NULL,NULL,NULL,NULL,NULL,NULL),(3886,NULL,NULL,NULL,'CE','2nd Semester',2023,2024,'SS5EC11','SS 5','Life and Work of Rizal','9-10AM MWF','222','Students',40,0,NULL,NULL,NULL,NULL,NULL,NULL),(3887,NULL,NULL,NULL,'ME','2nd Semester',2023,2024,'K3OEM1','ME 324','Advanced Mathematics for ME','11-12 MWF','ME SHOP','Students',38,0,NULL,NULL,NULL,NULL,NULL,NULL),(3888,NULL,NULL,NULL,'EE','2nd Semester',2023,2024,'425KEE2','EEE 425','Research Project of Capstone Design Project','1-4 Thu','6','Students',41,0,NULL,NULL,NULL,NULL,NULL,NULL),(3889,NULL,NULL,NULL,'CE','2nd Semester',2023,2024,'SS3EC11','SS 3','Understanding the Self','10-11:30 TTH','222','Students',35,0,NULL,NULL,NULL,NULL,NULL,NULL),(3890,NULL,NULL,NULL,'ME','2nd Semester',2023,2024,'K3NEM1','ME Elect 1','Mechanical Enginnering Elective 1','7-10AM MON','R-2','Students',50,0,NULL,NULL,NULL,NULL,NULL,NULL),(3891,NULL,NULL,NULL,'ME','2nd Semester',2023,2024,'K3QEM2','ME 325','Methods of Research ME ','1-4 WED','R-3','Students',41,0,NULL,NULL,NULL,NULL,NULL,NULL),(3892,NULL,NULL,NULL,'EE','2nd Semester',2023,2024,'426KEE2','EEE 426','Seminars/ Colloquia','4-7 Thu','10','Students',40,0,NULL,NULL,NULL,NULL,NULL,NULL),(3893,NULL,NULL,NULL,'CE','2nd Semester',2023,2024,'EN3EC11','Engl 3','Technical Communication','5-6PM MWF','214','Students',44,0,NULL,NULL,NULL,NULL,NULL,NULL),(3894,NULL,NULL,NULL,'CE','2nd Semester',2023,2024,'MTE2EC11','MathE 2','Calculus 2','6-7PM MWF','208','Students',0,0,NULL,NULL,NULL,NULL,NULL,NULL),(3895,NULL,NULL,NULL,'EE','2nd Semester',2023,2024,'427KEE2','EEE 427','Basic Thermodynamics','5-7pm Fri','6','Students',38,0,NULL,NULL,NULL,NULL,NULL,NULL),(3896,NULL,NULL,NULL,'EE','2nd Semester',2023,2024,'428KEE2','EEE 428','EE Elective 4','1-4/10-12 Mon/Tue','45450','Students',53,0,NULL,NULL,NULL,NULL,NULL,NULL),(3897,NULL,NULL,NULL,'CE','2nd Semester',2023,2024,'CH1EC11','ChemE 1','Chemistry for Engineers','7-8PM mwf/1-4sat','102','Students',44,0,NULL,NULL,NULL,NULL,NULL,NULL),(3898,NULL,NULL,NULL,'CE','2nd Semester',2023,2024,'KDRAEC11','E Draw 1','Engineering Drawing and Plans','6-9PM TUE ','CB 26','Students',42,0,NULL,NULL,NULL,NULL,NULL,NULL),(3899,NULL,NULL,NULL,'CE','2nd Semester',2023,2024,'PE2EC11','PATHFIT 2','Exercise-based Fitness Activities','10-12 SAT','SGS-A','Students',50,0,NULL,NULL,NULL,NULL,NULL,NULL),(3900,NULL,NULL,NULL,'ME','2nd Semester',2023,2024,'K3IEM3','ME 326','Refrigeration Systems','4:30-6 TTH','R-3','Students',30,0,NULL,NULL,NULL,NULL,NULL,NULL),(3901,NULL,NULL,NULL,'ME','2nd Semester',2023,2024,'K3KEM2','ME 327','Fluid Machinery','10:30-12 TTH','R-4','Students',42,0,NULL,NULL,NULL,NULL,NULL,NULL),(3902,NULL,NULL,NULL,'CE','2nd Semester',2023,2024,'KCP7EC11','Comp 7','Computer Fundamentals and Programming ','6-9PM THUR/4-7PM SAT','210','Students',45,0,NULL,NULL,NULL,NULL,NULL,NULL),(3903,NULL,NULL,NULL,'CE','2nd Semester',2023,2024,'KMCFEC1','MechE 3','Mechanics of Deformable Bodies','7-12 SAT','CE 21','Students',29,0,NULL,NULL,NULL,NULL,NULL,NULL),(3904,NULL,NULL,NULL,'ME','2nd Semester',2023,2024,'K3PEM2','ME 328','Combustion Engineering ','7:30-9 MW','R-4','Students',35,0,NULL,NULL,NULL,NULL,NULL,NULL),(3905,NULL,NULL,NULL,'CE','2nd Semester',2023,2024,'K225EC2','CE 225','Geology for Civil Engineers','10:30-12 TTH','CE LAB-B','Students',47,0,NULL,NULL,NULL,NULL,NULL,NULL),(3906,NULL,NULL,NULL,'CE','2nd Semester',2023,2024,'KMCEEC2','MechE 2','Dynamics for Rigid Bodies','8-10AM FRI','CE 21','Students',27,0,NULL,NULL,NULL,NULL,NULL,NULL),(3907,NULL,NULL,NULL,'CE','2nd Semester',2023,2024,'KMCFEC2','MechE 3','Mechanics of Deformable Bodies','1-3:30 MW','CE 21','Students',31,0,NULL,NULL,NULL,NULL,NULL,NULL),(3908,NULL,NULL,NULL,'CE','2nd Semester',2023,2024,'PE4EC2','PE 4','Physical Education 4','1-3PM TUE','SGS-A','Students',47,0,NULL,NULL,NULL,NULL,NULL,NULL),(3909,NULL,NULL,NULL,'ME','2nd Semester',2023,2024,'K3CEM2','ME 329','Material Science and Engineering for ME','8-10TUE/7:30-10:30 THU','ME SHOP','Students',35,0,NULL,NULL,NULL,NULL,NULL,NULL),(3910,NULL,NULL,NULL,'ME','2nd Semester',2023,2024,'K3LEM2','ME 320','Mechanical Engineering Lab 1','10-12 MWF','ME LAB','Students',39,0,NULL,NULL,NULL,NULL,NULL,NULL),(3911,NULL,NULL,NULL,'ME','2nd Semester',2023,2024,'KBOEM2','BOSH 1','Basic Occupational Safety and Health','6-9 MON','R-2','Students',50,0,NULL,NULL,NULL,NULL,NULL,NULL),(3912,NULL,NULL,NULL,'ME','2nd Semester',2023,2024,'K3OEM2','ME 324','Advanced Mathematics for ME','3-4:30 TTH','R-3','Students',39,0,NULL,NULL,NULL,NULL,NULL,NULL),(3913,NULL,NULL,NULL,'ME','2nd Semester',2023,2024,'K3NEM2','ME Elect 1','Mechanical Enginnering Elective 1','1-4 MON','R-3','Students',50,0,NULL,NULL,NULL,NULL,NULL,NULL),(3914,NULL,NULL,NULL,'ME','2nd Semester',2023,2024,'K3KEM3','ME 327','Fluid Machinery','10:30-12 MW','R-2','Students',33,0,NULL,NULL,NULL,NULL,NULL,NULL),(3915,NULL,NULL,NULL,'ME','2nd Semester',2023,2024,'K3PEM3','ME 328','Combustion Engineering ','7-8:30TTH','R-4','Students',32,0,NULL,NULL,NULL,NULL,NULL,NULL),(3916,NULL,NULL,NULL,'ME','2nd Semester',2023,2024,'K3CEM3','ME 329','Material Science and Engineering for ME','2:30-4:30MON/2:30-5:30WED','R-4','Students',29,0,NULL,NULL,NULL,NULL,NULL,NULL),(3917,NULL,NULL,NULL,'ME','2nd Semester',2023,2024,'K3LEM3','ME 320','Mechanical Engineering Lab 1','8-10 MWF','ME LAB','Students',30,0,NULL,NULL,NULL,NULL,NULL,NULL),(3918,NULL,NULL,NULL,'CE','2nd Semester',2023,2024,'KTECHEC2','Techno 1','Technopreneurship','6-9PM FRI','RM. 2 ME BLDG.','Students',44,0,NULL,NULL,NULL,NULL,NULL,NULL),(3919,NULL,NULL,NULL,'CE','2nd Semester',2023,2024,'K226EC2','CE 226','Engineering Surveys','6-9PM MW','CE 1-B','Students',43,0,NULL,NULL,NULL,NULL,NULL,NULL),(3920,NULL,NULL,NULL,'CE','2nd Semester',2023,2024,'HM3EC2','Hum 3','Art Appreciation','4-5 mwf','304','Students',38,0,NULL,NULL,NULL,NULL,NULL,NULL),(3921,NULL,NULL,NULL,'CE','2nd Semester',2023,2024,'KMCFEC3','MechE 3','Mechanics of Deformable Bodies','8-10MW/10-11FRI','CE 21','Students',28,0,NULL,NULL,NULL,NULL,NULL,NULL),(3922,NULL,NULL,NULL,'CE','2nd Semester',2023,2024,'PE4EC3','PE 4','Physical Education 4','10-12 THUR','SGS-B','Students',46,0,NULL,NULL,NULL,NULL,NULL,NULL),(3923,NULL,NULL,NULL,'CE','2nd Semester',2023,2024,'KTECHEC3','Techno 1','Technopreneurship','9-12 SAT','CE LAB-B','Students',45,0,NULL,NULL,NULL,NULL,NULL,NULL),(3924,NULL,NULL,NULL,'CE','2nd Semester',2023,2024,'MTE5EC3','MathE 5','Engineering Data Analysis','1-4 SAT','CB 35','Students',48,0,NULL,NULL,NULL,NULL,NULL,NULL),(3925,NULL,NULL,NULL,'CE','2nd Semester',2023,2024,'K225EC3','CE 225','Geology for Civil Engineers','2-3 MWF','CE LAB','Students',45,0,NULL,NULL,NULL,NULL,NULL,NULL),(3926,NULL,NULL,NULL,'CE','2nd Semester',2023,2024,'KMCEEC3','MechE 2','Dynamics for Rigid Bodies','2:30-4:30 TUE','CE 24','Students',28,0,NULL,NULL,NULL,NULL,NULL,NULL),(3927,NULL,NULL,NULL,'CE','2nd Semester',2023,2024,'HM3EC3','Hum 3','Art Appreciation','3-4PM MWF','304','Students',38,0,NULL,NULL,NULL,NULL,NULL,NULL),(3928,NULL,NULL,NULL,'CE','2nd Semester',2023,2024,'KCADEC3','CadE 2','Computer-Aided Design','7-9PM MWF','CB 12','Students',50,0,NULL,NULL,NULL,NULL,NULL,NULL),(3929,NULL,NULL,NULL,'CE','2nd Semester',2023,2024,'K226EC3','CE 226','Engineering Surveys','6-9PM TTH','CE 1-B','Students',46,0,NULL,NULL,NULL,NULL,NULL,NULL),(3930,NULL,NULL,NULL,'CE','2nd Semester',2023,2024,'HM3EC4','Hum 3','Art Appreciation','8-9AM MWF','304','Students',43,0,NULL,NULL,NULL,NULL,NULL,NULL),(3931,NULL,NULL,NULL,'CE','2nd Semester',2023,2024,'KMCFEC4','MechE 3','Mechanics of Deformable Bodies','10-12MW/11-12FRI','CE 21','Students',26,0,NULL,NULL,NULL,NULL,NULL,NULL),(3932,NULL,NULL,NULL,'CE','2nd Semester',2023,2024,'PE4EC4','PE 4','Physical Education 4','10-12 TUE','SGS-B','Students',44,0,NULL,NULL,NULL,NULL,NULL,NULL),(3933,NULL,NULL,NULL,'CE','2nd Semester',2023,2024,'K225EC4','CE 225','Geology for Civil Engineers','3-4 MWF','CE LAB','Students',47,0,NULL,NULL,NULL,NULL,NULL,NULL),(3934,NULL,NULL,NULL,'CE','2nd Semester',2023,2024,'MTE5EC4','MathE 5','Engineering Data Analysis','1-2:30 TTH','CB 35','Students',49,0,NULL,NULL,NULL,NULL,NULL,NULL),(3935,NULL,NULL,NULL,'CE','2nd Semester',2023,2024,'KTECHEC4','Techno 1','Technopreneurship','6-9PM WED','RM. 2 ME BLDG.','Students',49,0,NULL,NULL,NULL,NULL,NULL,NULL),(3936,NULL,NULL,NULL,'CE','2nd Semester',2023,2024,'KMCEEC4','MechE 2','Dynamics for Rigid Bodies','1-3 FRI','CB 35','Students',26,0,NULL,NULL,NULL,NULL,NULL,NULL),(3937,NULL,NULL,NULL,'CE','2nd Semester',2023,2024,'K226EC4','CE 226','Engineering Surveys','6-9PM MON/FRI','CB 31','Students',32,0,NULL,NULL,NULL,NULL,NULL,NULL),(3938,NULL,NULL,NULL,'ME','2nd Semester',2023,2024,'K4IPEM1','ME 421','Industrial Plant Engineering ','4-6 MWF','R-2','Students',45,0,NULL,NULL,NULL,NULL,NULL,NULL),(3939,NULL,NULL,NULL,'ME','2nd Semester',2023,2024,'K4SEM1','ME 422','ME Project Study 2','7:30-10:30 TUE','R-3','Students',45,0,NULL,NULL,NULL,NULL,NULL,NULL),(3940,NULL,NULL,NULL,'ME','2nd Semester',2023,2024,'K4HEM1','ME 423','Machine Design 2','1-3:30 TTH','R-2','Students',45,0,NULL,NULL,NULL,NULL,NULL,NULL),(3941,NULL,NULL,NULL,'ME','2nd Semester',2023,2024,'K4MAEM1','ME 424','Manufacturing and Industrial Processes with Plant Visits','7:30-9:30 WF','R-2','Students',50,0,NULL,NULL,NULL,NULL,NULL,NULL),(3942,NULL,NULL,NULL,'ME','2nd Semester',2023,2024,'K4KEM1','ME 425','Mechanical Engineering Lab 3','1-4 MW','ME LAB','Students',45,0,NULL,NULL,NULL,NULL,NULL,NULL),(3943,NULL,NULL,NULL,'ME','2nd Semester',2023,2024,'K4LEM1','ME 426','ME Laws, Ethics, Contracts, Codes and Standards','10-12 FRI','R-2','Students',45,0,NULL,NULL,NULL,NULL,NULL,NULL),(3944,NULL,NULL,NULL,'ME','2nd Semester',2023,2024,'KEGAEM1','E Mgt 1','Engineering Management','7:30-10:30AM MON','R-3','Students',44,0,NULL,NULL,NULL,NULL,NULL,NULL),(3945,NULL,NULL,NULL,'ME','2nd Semester',2023,2024,'KTECEM1','Techno 1','Technopreneurship','10:30-12 MW','R-3','Students',50,0,NULL,NULL,NULL,NULL,NULL,NULL),(3946,NULL,NULL,NULL,'ME','2nd Semester',2023,2024,'K4IPEM2','ME 421','Industrial Plant Engineering ','1-3 MWF','R-2','Students',26,0,NULL,NULL,NULL,NULL,NULL,NULL),(3947,NULL,NULL,NULL,'ME','2nd Semester',2023,2024,'K4SEM2','ME 422','ME Project Study 2','7:30-10:30 THURS','R-3','Students',31,0,NULL,NULL,NULL,NULL,NULL,NULL),(3948,NULL,NULL,NULL,'ME','2nd Semester',2023,2024,'K4HEM2','ME 423','Machine Design 2','3:30-6 TTH','R-2','Students',28,0,NULL,NULL,NULL,NULL,NULL,NULL),(3949,NULL,NULL,NULL,'ME','2nd Semester',2023,2024,'K4MAEM2','ME 424','Manufacturing and Industrial Processes with Plant Visits','1-3 TTH','R-3','Students',49,0,NULL,NULL,NULL,NULL,NULL,NULL),(3950,NULL,NULL,NULL,'ME','2nd Semester',2023,2024,'K4KEM2','ME 425','Mechanical Engineering Lab 3','4-7 MW','ME LAB','Students',26,0,NULL,NULL,NULL,NULL,NULL,NULL),(3951,NULL,NULL,NULL,'ME','2nd Semester',2023,2024,'K4LEM2','ME 426','ME Laws, Ethics, Contracts, Codes and Standards','10-12 TUES','R-2','Students',30,0,NULL,NULL,NULL,NULL,NULL,NULL),(3952,NULL,NULL,NULL,'CE','2nd Semester',2023,2024,'PE4EC5','PE 4','Physical Education 4','10-12 THUR','SGS-C','Students',43,0,NULL,NULL,NULL,NULL,NULL,NULL),(3953,NULL,NULL,NULL,'CE','2nd Semester',2023,2024,'K225EC5','CE 225','Geology for Civil Engineers','1-2:30 TTH','CE 1-A','Students',46,0,NULL,NULL,NULL,NULL,NULL,NULL),(3954,NULL,NULL,NULL,'CE','2nd Semester',2023,2024,'KCADEC5','CadE 2','Computer-Aided Design','1-4 WF','CB 12','Students',50,0,NULL,NULL,NULL,NULL,NULL,NULL),(3955,NULL,NULL,NULL,'CE','2nd Semester',2023,2024,'K226EC5','CE 226','Engineering Surveys','7:30-10am tue/2:30-6pm thur','CB 22/ CB 35','Students',39,0,NULL,NULL,NULL,NULL,NULL,NULL),(3956,NULL,NULL,NULL,'CE','2nd Semester',2023,2024,'HM3EC5','Hum 3','Art Appreciation','6-7PM MWF','221','Students',43,0,NULL,NULL,NULL,NULL,NULL,NULL),(3957,NULL,NULL,NULL,'CE','2nd Semester',2023,2024,'KTECHEC5','Techno 1','Technopreneurship','7-8PM MWF','CE LAB','Students',44,0,NULL,NULL,NULL,NULL,NULL,NULL),(3958,NULL,NULL,NULL,'CE','2nd Semester',2023,2024,'MTE5EC5','MathE 5','Engineering Data Analysis','8-9PM MWF','CE LAB','Students',44,0,NULL,NULL,NULL,NULL,NULL,NULL),(3959,NULL,NULL,NULL,'CE','2nd Semester',2023,2024,'KMCFEC5','MechE 3','Mechanics of Deformable Bodies','7-12 SAT','CE 1A','Students',30,0,NULL,NULL,NULL,NULL,NULL,NULL),(3960,NULL,NULL,NULL,'CE','2nd Semester',2023,2024,'PE4EC6','PE 4','Physical Education 4','10-12 MON','SGS-B','Students',41,0,NULL,NULL,NULL,NULL,NULL,NULL),(3961,NULL,NULL,NULL,'CE','2nd Semester',2023,2024,'K225EC6','CE 225','Geology for Civil Engineers','9-10:30 TTH','CE LAB-B','Students',47,0,NULL,NULL,NULL,NULL,NULL,NULL),(3962,NULL,NULL,NULL,'CE','2nd Semester',2023,2024,'KCADEC6','CadE 2','Computer-Aided Design','9-12 WF','CB 12','Students',50,0,NULL,NULL,NULL,NULL,NULL,NULL),(3963,NULL,NULL,NULL,'CE','2nd Semester',2023,2024,'MTE5EC6','MathE 5','Engineering Data Analysis','9-12 SAT','CE LAB','Students',36,0,NULL,NULL,NULL,NULL,NULL,NULL),(3964,NULL,NULL,NULL,'CE','2nd Semester',2023,2024,'HM3EC6','Hum 3','Art Appreciation','1-2 MWF','304','Students',34,0,NULL,NULL,NULL,NULL,NULL,NULL),(3965,NULL,NULL,NULL,'CE','2nd Semester',2023,2024,'K226EC6','CE 226','Engineering Surveys','2:30-5:30PM  MW','CE 26','Students',40,0,NULL,NULL,NULL,NULL,NULL,NULL),(3966,NULL,NULL,NULL,'CE','2nd Semester',2023,2024,'KMCEEC6','MechE 2','Dynamics for Rigid Bodies','6-8PM MON','CB 35','Students',32,0,NULL,NULL,NULL,NULL,NULL,NULL),(3967,NULL,NULL,NULL,'CE','2nd Semester',2023,2024,'KTECHEC6','Techno 1','Technopreneurship','6-7:30PM TTH','CE LAB','Students',41,0,NULL,NULL,NULL,NULL,NULL,NULL),(3968,NULL,NULL,NULL,'CE','2nd Semester',2023,2024,'KMCFEC6','MechE 3','Mechanics of Deformable Bodies','6-8:30PM WF','CE 21','Students',30,0,NULL,NULL,NULL,NULL,NULL,NULL),(3969,NULL,NULL,NULL,'CE','2nd Semester',2023,2024,'KCADEC7','CadE 2','Computer-Aided Design','7-9AM MWF','CB 12','Students',48,0,NULL,NULL,NULL,NULL,NULL,NULL),(3970,NULL,NULL,NULL,'CE','2nd Semester',2023,2024,'HM3EC7','Hum 3','Art Appreciation','10-11:30 TTH','304','Students',42,0,NULL,NULL,NULL,NULL,NULL,NULL),(3971,NULL,NULL,NULL,'CE','2nd Semester',2023,2024,'MTE5EC7','MathE 5','Engineering Data Analysis','1-2:30 TTH','CE 24','Students',47,0,NULL,NULL,NULL,NULL,NULL,NULL),(3972,NULL,NULL,NULL,'CE','2nd Semester',2023,2024,'K225EC7','CE 225','Geology for Civil Engineers','1-2:30PM MW','CB 35','Students',45,0,NULL,NULL,NULL,NULL,NULL,NULL),(3973,NULL,NULL,NULL,'CE','2nd Semester',2023,2024,'KTECHEC7','Techno 1','Technopreneurship','6-7PM MWF','CE LAB-B','Students',44,0,NULL,NULL,NULL,NULL,NULL,NULL),(3974,NULL,NULL,NULL,'CE','2nd Semester',2023,2024,'HM3EC8','Hum 3','Art Appreciation','10-11 MWF','304','Students',42,0,NULL,NULL,NULL,NULL,NULL,NULL),(3975,NULL,NULL,NULL,'CE','2nd Semester',2023,2024,'K225EC8','CE 225','Geology for Civil Engineers','2-3 MWF','CE 1-A','Students',47,0,NULL,NULL,NULL,NULL,NULL,NULL),(3976,NULL,NULL,NULL,'CE','2nd Semester',2023,2024,'KCADEC8','CadE 2','Computer-Aided Design','4-7PM MW','CB 12','Students',50,0,NULL,NULL,NULL,NULL,NULL,NULL),(3977,NULL,NULL,NULL,'CE','2nd Semester',2023,2024,'PE4EC8','PE 4','Physical Education 4','3-5 FRI','SGS-A','Students',49,0,NULL,NULL,NULL,NULL,NULL,NULL),(3978,NULL,NULL,NULL,'CE','2nd Semester',2023,2024,'KTECHEC8','Techno 1','Technopreneurship','7-8PM MWF','CE LAB-B','Students',46,0,NULL,NULL,NULL,NULL,NULL,NULL),(3979,NULL,NULL,NULL,'CE','2nd Semester',2023,2024,'MTE5EC8','MathE 5','Engineering Data Analysis','7-8:30PM TTH','CB 35','Students',46,0,NULL,NULL,NULL,NULL,NULL,NULL),(3980,NULL,NULL,NULL,'CE','2nd Semester',2023,2024,'K225EC9','CE 225','Geology for Civil Engineers','3-4 MWF','CE 1-A','Students',41,0,NULL,NULL,NULL,NULL,NULL,NULL),(3981,NULL,NULL,NULL,'CE','2nd Semester',2023,2024,'PE4EC7','PE 4','Physical Education 4','3-5 THUR','SGS-B','Students',38,0,NULL,NULL,NULL,NULL,NULL,NULL),(3982,NULL,NULL,NULL,'CE','2nd Semester',2023,2024,'K226EC8','CE 226','Engineering Surveys','7-10AM MW','CE 1-B','Students',40,0,NULL,NULL,NULL,NULL,NULL,NULL),(3983,NULL,NULL,NULL,'CE','2nd Semester',2023,2024,'HM3EC9','Hum 3','Art Appreciation','2-3MWF','304','Students',39,0,NULL,NULL,NULL,NULL,NULL,NULL),(3984,NULL,NULL,NULL,'CE','2nd Semester',2023,2024,'PE4EC9','PE 4','Physical Education 4','4-6PM THUR','SGS-B','Students',47,0,NULL,NULL,NULL,NULL,NULL,NULL),(3985,NULL,NULL,NULL,'CE','2nd Semester',2023,2024,'KTECHEC9','Techno 1','Technopreneurship','6-7:30PM TTH','CE LAB-B','Students',49,0,NULL,NULL,NULL,NULL,NULL,NULL),(3986,NULL,NULL,NULL,'CE','2nd Semester',2023,2024,'MTE5EC9','MathE 5','Engineering Data Analysis','6-7:30PM WF','CB 35','Students',47,0,NULL,NULL,NULL,NULL,NULL,NULL),(3987,NULL,NULL,NULL,'CE','2nd Semester',2023,2024,'KTECHEC10','Techno 1','Technopreneurship','9-10 MWF','CE 1-A','Students',49,0,NULL,NULL,NULL,NULL,NULL,NULL),(3988,NULL,NULL,NULL,'CE','2nd Semester',2023,2024,'K225EC10','CE 225','Geology for Civil Engineers','2:30-4PM MW','CB 35','Students',42,0,NULL,NULL,NULL,NULL,NULL,NULL),(3989,NULL,NULL,NULL,'CE','2nd Semester',2023,2024,'HM3EC10','Hum 3','Art Appreciation','10-11am MWF','304','Students',38,0,NULL,NULL,NULL,NULL,NULL,NULL),(3990,NULL,NULL,NULL,'CE','2nd Semester',2023,2024,'PE4EC10','PE 4','Physical Education 4','1-3PM FRI','SGS-A','Students',37,0,NULL,NULL,NULL,NULL,NULL,NULL),(3991,NULL,NULL,NULL,'CE','2nd Semester',2023,2024,'KCADEC10','CadE 2','Computer-Aided Design','1-7PM THUR','CB 14','Students',46,0,NULL,NULL,NULL,NULL,NULL,NULL),(3992,NULL,NULL,NULL,'CE','2nd Semester',2023,2024,'MTE5EC10','MathE 5','Engineering Data Analysis','7:30-9PM WF','CB 35','Students',37,0,NULL,NULL,NULL,NULL,NULL,NULL),(3993,NULL,NULL,NULL,'CE','2nd Semester',2023,2024,'PE4EC1','PE 4','Physical Education 4','1-3 THUR','SGS-B','Students',46,0,NULL,NULL,NULL,NULL,NULL,NULL),(3994,NULL,NULL,NULL,'CE','2nd Semester',2023,2024,'K226EC7','CE 226','Engineering Surveys','7-9PM TTH/WED','CB 31','Students',35,0,NULL,NULL,NULL,NULL,NULL,NULL),(3995,NULL,NULL,NULL,'CE','2nd Semester',2023,2024,'K3LEC7','CE 329','CE Law, Ethics and Contracts','7:30-9PM TTH','CB 37','Students',41,0,NULL,NULL,NULL,NULL,NULL,NULL),(3996,NULL,NULL,NULL,'Grad','2nd Semester',2023,2024,'MNDGB','MGT 622','MANAGEMENT ACCOUNTING & CONTROL 2','7:00-10:00 AM SAT','GS 1A','Students',29,0,NULL,NULL,NULL,NULL,NULL,NULL),(3997,NULL,NULL,NULL,'Grad','2nd Semester',2023,2024,'MNGGB','MGT 711','QUANTITATIVE ANALYSIS','10:00 AM - 1:00 PM SAT','','Students',28,0,NULL,NULL,NULL,NULL,NULL,NULL),(3998,NULL,NULL,NULL,'Grad','2nd Semester',2023,2024,'MNGFB','MGT 626','MARKETING MANAGEMENT WITH COMPUTER APPLICATIONS','1:00-4:00 PM SAT','','Students',22,0,NULL,NULL,NULL,NULL,NULL,NULL),(3999,NULL,NULL,NULL,'Grad','2nd Semester',2023,2024,'MNIGB','MGT 715','OPERATIONS MANAGEMENT','4:00-7:00 PM SAT','','Students',3,0,NULL,NULL,NULL,NULL,NULL,NULL),(4000,NULL,NULL,NULL,'Grad','2nd Semester',2023,2024,'STBGB','STAT 600','Statistics','5:30 - 8:30 PM THURSDAY','','Students',50,0,NULL,NULL,NULL,NULL,NULL,NULL),(4001,NULL,NULL,NULL,'Grad','2nd Semester',2023,2024,'MNLGB','MGT 727','Research','7:00 - 1:00 PM SAT','','Students',17,0,NULL,NULL,NULL,NULL,NULL,NULL),(4002,NULL,NULL,NULL,'Grad','2nd Semester',2023,2024,'MNJGB','MGT 722','Business Policy and Corporate Planning','5:30 - 8:30 PM FRI','','Students',19,0,NULL,NULL,NULL,NULL,NULL,NULL),(4003,NULL,NULL,NULL,'Grad','2nd Semester',2023,2024,'CEBGC','CE 711','Highway Traffic Engineering','7:00-10:00 AM SAT','','Students',2,0,NULL,NULL,NULL,NULL,NULL,NULL),(4004,NULL,NULL,NULL,'Grad','2nd Semester',2023,2024,'CECGC','CE 821','FOUNDATION ENGINEERING','10:00 - 1:00 PM SAT','','Students',2,0,NULL,NULL,NULL,NULL,NULL,NULL),(4005,NULL,NULL,NULL,'Grad','2nd Semester',2023,2024,'MTTGC','MATH 612','ADVANCED MATHEMATICAL METHODS IN ENGINEERING 2','1:00 - 4:00 PM SAT','','Students',52,0,NULL,NULL,NULL,NULL,NULL,NULL),(4006,NULL,NULL,NULL,'Grad','2nd Semester',2023,2024,'EEBGE','EE 612','LOAD FLOW STUDIES','7:00 AM - 10:00 AM SAT','','Students',25,0,NULL,NULL,NULL,NULL,NULL,NULL),(4007,NULL,NULL,NULL,'Grad','2nd Semester',2023,2024,'EECGE','EE 622','POWER SYSTEM STABILITY','10:00 - 1:00 PM SAT','','Students',8,0,NULL,NULL,NULL,NULL,NULL,NULL),(4008,NULL,NULL,NULL,'Grad','2nd Semester',2023,2024,'MEEGM','ME 821','ADVANCED AIRCON & VENTILATION','7:00 - 10:00 AM SAT','','Students',2,0,NULL,NULL,NULL,NULL,NULL,NULL),(4009,NULL,NULL,NULL,'Grad','2nd Semester',2023,2024,'MEFGM','ME 711','ADVANCED THERMODYNAMICS','10:00 AM - 1:00 PM SAT','','Students',12,0,NULL,NULL,NULL,NULL,NULL,NULL),(4010,NULL,NULL,NULL,'Grad','2nd Semester',2023,2024,'EGAGM','EGC 600','RESEARCH METHODOLOGY','1:00 - 4:00 PM SAT','','Students',12,0,NULL,NULL,NULL,NULL,NULL,NULL),(4011,NULL,NULL,NULL,'Grad','2nd Semester',2023,2024,'EDKGC','EDUC 712','EDUCATIONAL INNOVATION','1:00 - 4:00 PM SAT','','Students',21,0,NULL,NULL,NULL,NULL,NULL,NULL),(4012,NULL,NULL,NULL,'Grad','2nd Semester',2023,2024,'EDIGC','EDUC 622','Instructional Development Systems with Computer Applications','4:00 - 7:00 PM SAT','','Students',38,0,NULL,NULL,NULL,NULL,NULL,NULL),(4013,NULL,NULL,NULL,'DOS','2nd Semester',2023,2024,'TH3BB1','THESIS 3','Undergraduate Thesis 3','8-10 Sat','105','Students',11,0,NULL,NULL,NULL,NULL,NULL,NULL),(4014,NULL,NULL,NULL,'AcctgCy','2nd Semester',2023,2024,'AC121CA1','ACCTG 121','Financial Accounting and Reporting for Partnership and Corporation','11-12 AM MWF','319','Students',20,0,10,NULL,NULL,'2024-04-03',NULL,1),(4015,'qv9X','L-005f','A-001','AcctgCy','2nd Semester',2023,2024,'AC122CA1','ACCTG 122','Conceptual Framework and Accounting Standards','8-9 AM MWF','302','Students',24,13,10,NULL,NULL,'2024-04-25',NULL,1),(4016,NULL,NULL,NULL,'AcctgCy','2nd Semester',2023,2024,'MGT121CA1','MGT 121','Operations Management and TQM','10-11:30 AM TTH','317','Students',49,0,NULL,NULL,NULL,NULL,NULL,NULL),(4017,NULL,NULL,NULL,'AcctgCy','2nd Semester',2023,2024,'HM3CA1','HUM 3','Art Appreciation ','2-3 PM MWF','313','Students',42,0,NULL,NULL,NULL,NULL,NULL,NULL),(4018,NULL,NULL,NULL,'AcctgCy','2nd Semester',2023,2024,'SS2CA1','SS 2 ','The Contemporary World','3-4 PM MWF','314','Students',40,0,NULL,NULL,NULL,NULL,NULL,NULL),(4019,NULL,NULL,NULL,'AcctgCy','2nd Semester',2023,2024,'SS3CA1','SS 3','Understanding the Self','9-10 AM MWF','313','Students',36,0,NULL,NULL,NULL,NULL,NULL,NULL),(4020,NULL,NULL,NULL,'AcctgCy','2nd Semester',2023,2024,'CP1CA1','COMP 1','Computer Fundamentals and Programming ','7-9 AM TH LEC & 1-4 PM TH LAB','302/310','Students',42,0,NULL,NULL,NULL,NULL,NULL,NULL),(4021,NULL,NULL,NULL,'AcctgCy','2nd Semester',2023,2024,'EN2CA1','ENG 2','Introduction to Literature ','1-2 PM MWF','307','Students',48,0,NULL,NULL,NULL,NULL,NULL,NULL),(4022,NULL,NULL,NULL,'AcctgCy','2nd Semester',2023,2024,'PE2CA1','PATHFIT 2','Exercise-based Fitness Activities','1-3 PM TUESDAY','RTS','Students',38,0,NULL,NULL,NULL,NULL,NULL,NULL),(4023,NULL,NULL,NULL,'AcctgCy','2nd Semester',2023,2024,'AC121CA2','ACCTG 121','Financial Accounting and Reporting for Partnership and Corporation','10-11 AM MWF','319','Students',34,0,NULL,NULL,NULL,NULL,NULL,NULL),(4024,NULL,NULL,NULL,'AcctgCy','2nd Semester',2023,2024,'AC122CA2','ACCTG 122','Conceptual Framework and Accounting Standards','9-10 AM MWF','320','Students',35,0,NULL,NULL,NULL,NULL,NULL,NULL),(4025,NULL,NULL,NULL,'AcctgCy','2nd Semester',2023,2024,'MGT121CA2','MGT 121','Operations Management and TQM','8:30-10 AM TTH','314','Students',34,0,NULL,NULL,NULL,NULL,NULL,NULL),(4026,NULL,NULL,NULL,'AcctgCy','2nd Semester',2023,2024,'HM3CA2','HUM 3','Art Appreciation ','3-4 PM MWF','302','Students',33,0,NULL,NULL,NULL,NULL,NULL,NULL),(4027,NULL,NULL,NULL,'AcctgCy','2nd Semester',2023,2024,'SS2CA2','SS 2 ','The Contemporary World','1-2:30 PM TTH','315','Students',24,0,NULL,NULL,NULL,NULL,NULL,NULL),(4028,NULL,NULL,NULL,'AcctgCy','2nd Semester',2023,2024,'SS3CA2','SS 3','Understanding the Self','11-12 AM MWF','315','Students',27,0,NULL,NULL,NULL,NULL,NULL,NULL),(4029,NULL,NULL,NULL,'AcctgCy','2nd Semester',2023,2024,'CP1CA2','COMP 1','Computer Fundamentals and Programming ','4-6 PM W LEC & 4-7 PM M LAB','321/310','Students',34,0,NULL,NULL,NULL,NULL,NULL,NULL),(4030,NULL,NULL,NULL,'AcctgCy','2nd Semester',2023,2024,'EN2CA2','ENG 2','Introduction to Literature ','2:30-4 PM TTH','308','Students',29,0,NULL,NULL,NULL,NULL,NULL,NULL),(4031,NULL,NULL,NULL,'AcctgCy','2nd Semester',2023,2024,'PE2CA2','PATHFIT 2','Exercise-based Fitness Activities','1-3 PM FRIDAY','RTS','Students',30,0,NULL,NULL,NULL,NULL,NULL,NULL),(4032,NULL,NULL,NULL,'AcctgCy','2nd Semester',2023,2024,'AC221CA1','ACCTG 221','Intermediate Accounting 2','3-4 PM MWF','320','Students',25,0,NULL,NULL,NULL,NULL,NULL,NULL),(4033,NULL,NULL,NULL,'AcctgCy','2nd Semester',2023,2024,'AC222CA1','ACCTG 222','Accounting Informaton System','9-10 AM MW LEC & 9-12 AM TH LAB','319/310','Students',40,0,NULL,NULL,NULL,NULL,NULL,NULL),(4034,NULL,NULL,NULL,'AcctgCy','2nd Semester',2023,2024,'BA221CA1','BA 221','Financial Markets','4-5 PM MWF','317','Students',43,0,NULL,NULL,NULL,NULL,NULL,NULL),(4035,NULL,NULL,NULL,'AcctgCy','2nd Semester',2023,2024,'BL2CA1','BLAW 2','Business Laws and Regulations','7-8:30 PM TTH','317','Students',45,0,NULL,NULL,NULL,NULL,NULL,NULL),(4036,NULL,NULL,NULL,'AcctgCy','2nd Semester',2023,2024,'TX2CA1','TAX 2','Business Taxation ','2-3 PM MWF','302','Students',32,0,NULL,NULL,NULL,NULL,NULL,NULL),(4037,NULL,NULL,NULL,'AcctgCy','2nd Semester',2023,2024,'BA212CA1','BA 212','Strategic Cost Management','11-12 AM MWF','317','Students',43,0,NULL,NULL,NULL,NULL,NULL,NULL),(4038,NULL,NULL,NULL,'AcctgCy','2nd Semester',2023,2024,'STAT1CA1','STAT 1','Statistical Analysis wit Software Application','3-5 PM T LEC & 5:30-7 PM TTH LAB','303','Students',39,0,NULL,NULL,NULL,NULL,NULL,NULL),(4039,NULL,NULL,NULL,'AcctgCy','2nd Semester',2023,2024,'PROF1CA1','PROF E1','Valuation Concepts and Methods','10-11 AM MWF','317','Students',24,0,NULL,NULL,NULL,NULL,NULL,NULL),(4040,NULL,NULL,NULL,'AcctgCy','2nd Semester',2023,2024,'PE4CA1','PATHFIT4','Team Sport','1-3 PM TH','RTS','Students',42,0,NULL,NULL,NULL,NULL,NULL,NULL),(4041,NULL,NULL,NULL,'AcctgCy','2nd Semester',2023,2024,'AC221CA2','ACCTG 221','Intermediate Accounting 2','4-5 PM MWF','320','Students',25,0,NULL,NULL,NULL,NULL,NULL,NULL),(4042,NULL,NULL,NULL,'AcctgCy','2nd Semester',2023,2024,'BA221CA2','BA 221','Financial Markets','5-6 PM MWF','317','Students',27,0,NULL,NULL,NULL,NULL,NULL,NULL),(4043,NULL,NULL,NULL,'AcctgCy','2nd Semester',2023,2024,'BL2CA2','BLAW 2','Business Laws and Regulations','5:30-7 PM TTH','321','Students',39,0,NULL,NULL,NULL,NULL,NULL,NULL),(4044,NULL,NULL,NULL,'AcctgCy','2nd Semester',2023,2024,'TX2CA2','TAX 2','Business Taxation ','3-4 PM MWF','321','Students',32,0,NULL,NULL,NULL,NULL,NULL,NULL),(4045,NULL,NULL,NULL,'AcctgCy','2nd Semester',2023,2024,'BA212CA2','BA 212','Strategic Cost Management','10-11 AM MWF','314','Students',34,0,NULL,NULL,NULL,NULL,NULL,NULL),(4046,NULL,NULL,NULL,'AcctgCy','2nd Semester',2023,2024,'STAT1CA2','STAT 1','Statistical Analysis wit Software Application','3-5 PM TH LEC & 7-8:30 PM TTH LAB','303','Students',44,0,NULL,NULL,NULL,NULL,NULL,NULL),(4047,NULL,NULL,NULL,'AcctgCy','2nd Semester',2023,2024,'PROF1CA2','PROF E1','Valuation Concepts and Methods','11-12 AM MWF','320','Students',16,0,NULL,NULL,NULL,NULL,NULL,NULL),(4048,NULL,NULL,NULL,'AcctgCy','2nd Semester',2023,2024,'PE4CA2','PATHFIT4','Team Sport','1-3 PM TUESDAY','RTS','Students',35,0,NULL,NULL,NULL,NULL,NULL,NULL),(4049,NULL,NULL,NULL,'AcctgCy','2nd Semester',2023,2024,'AC321CA1','Acctg 321','Cost Accounting and Control','2-4 PM MWF','319','Students',49,0,NULL,NULL,NULL,NULL,NULL,NULL),(4050,NULL,NULL,NULL,'AcctgCy','2nd Semester',2023,2024,'AC322CA1','Acctg 322','Accounting for Business Combination','2:30-4 PM TTH','302','Students',54,0,NULL,NULL,NULL,NULL,NULL,NULL),(4051,NULL,NULL,NULL,'AcctgCy','2nd Semester',2023,2024,'AC323CA1','Acctg 323','Auditing and Assurance: Concepts and Applications 1 and 2','5:30-7 PM TTH & 9-12 AM SAT','319','Students',55,0,NULL,NULL,NULL,NULL,NULL,NULL),(4052,NULL,NULL,NULL,'AcctgCy','2nd Semester',2023,2024,'AC324CA1','Acctg 324','Auditing and Assurance: Specialized Industries','8:30-10 AM TTH','320','Students',54,0,NULL,NULL,NULL,NULL,NULL,NULL),(4053,NULL,NULL,NULL,'AcctgCy','2nd Semester',2023,2024,'AC325CA1','Acctg 325','Auditing in a CIS Environment','1-2 PM TTH LEC & 1-4 PM SAT LAB','320/310','Students',54,0,NULL,NULL,NULL,NULL,NULL,NULL),(4054,NULL,NULL,NULL,'AcctgCy','2nd Semester',2023,2024,'BL4CA1','Blaw 4','Regulatory Framework and Legal Issues in Business','6-7 PM MWF','302','Students',55,0,NULL,NULL,NULL,NULL,NULL,NULL),(4055,NULL,NULL,NULL,'AcctgCy','2nd Semester',2023,2024,'ST1CA1','Stat 1','Statistical Analysis with Software Application','4-5 PM MW LEC & 5-6 MWF LAB','302','Students',52,0,NULL,NULL,NULL,NULL,NULL,NULL),(4056,NULL,NULL,NULL,'AcctgCy','2nd Semester',2023,2024,'AC421CA1','Acctg 421','Professional Study on Financial Accounting','10-11 AM MWF','321','Students',37,0,NULL,NULL,NULL,NULL,NULL,NULL),(4057,NULL,NULL,NULL,'AcctgCy','2nd Semester',2023,2024,'AC422CA1','Acctg 422','Professional Study on Advanced Accounting','8:30-10 AM TTH','319','Students',37,0,NULL,NULL,NULL,NULL,NULL,NULL),(4058,NULL,NULL,NULL,'AcctgCy','2nd Semester',2023,2024,'AC423CA1','Acctg 423','Professional Study on Auditing','11-12 AM MWF','321','Students',37,0,NULL,NULL,NULL,NULL,NULL,NULL),(4059,NULL,NULL,NULL,'AcctgCy','2nd Semester',2023,2024,'AC424CA1','Acctg 424','Professional Study on Taxation','1-2 PM MWF','319','Students',37,0,NULL,NULL,NULL,NULL,NULL,NULL),(4060,NULL,NULL,NULL,'AcctgCy','2nd Semester',2023,2024,'AC425CA1','Acctg 425','Professional Study on Management Advisory Services','10-11:30 AM TTH','319','Students',37,0,NULL,NULL,NULL,NULL,NULL,NULL),(4061,NULL,NULL,NULL,'AcctgCy','2nd Semester',2023,2024,'AC426CA1','Acctg 426','Professional Study on Business Laws','5:30-7 PM TTH','302','Students',37,0,NULL,NULL,NULL,NULL,NULL,NULL),(4062,NULL,NULL,NULL,'MarE','2nd Semester',2023,2024,'mthrm1','Thermo','Thermodynamics','10-11MWF','28M','Students',43,0,NULL,NULL,NULL,NULL,NULL,NULL),(4063,NULL,NULL,NULL,'MarE','2nd Semester',2023,2024,'MTHRM2','Thermo','Thermodynamics','11-12MWF','28M','Students',42,0,NULL,NULL,NULL,NULL,NULL,NULL),(4064,NULL,NULL,NULL,'MarE','2nd Semester',2023,2024,'MTHRM3','Thermo','Thermodynamics','1-2MWF','28M','Students',42,0,NULL,NULL,NULL,NULL,NULL,NULL),(4065,NULL,NULL,NULL,'MarE','2nd Semester',2023,2024,'MTHRM4','Thermo','Thermodynamics','2-3MWF','28M','Students',44,0,NULL,NULL,NULL,NULL,NULL,NULL),(4066,NULL,NULL,NULL,'MarE','2nd Semester',2023,2024,'MTHRM5','Thermo','Thermodynamics','3-4MWF','28M','Students',42,0,NULL,NULL,NULL,NULL,NULL,NULL),(4067,NULL,NULL,NULL,'MarE','2nd Semester',2023,2024,'MTHRM6','Thermo','Thermodynamics','9-10MWF','28M','Students',34,0,NULL,NULL,NULL,NULL,NULL,NULL),(4068,NULL,NULL,NULL,'MarE','2nd Semester',2023,2024,'M2ELCT1','Electro 2','Basic Electronics','1-3M/1-4W','26M','Students',43,0,NULL,NULL,NULL,NULL,NULL,NULL),(4069,NULL,NULL,NULL,'MarE','2nd Semester',2023,2024,'M2ELCT2','Electro 2','Basic Electronics','1-3T/1-4TH','26M','Students',45,0,NULL,NULL,NULL,NULL,NULL,NULL),(4070,NULL,NULL,NULL,'MarE','2nd Semester',2023,2024,'M2ELCT3','Electro 2','Basic Electronics','8-10M/8-11W','26M','Students',43,0,NULL,NULL,NULL,NULL,NULL,NULL),(4071,NULL,NULL,NULL,'MarE','2nd Semester',2023,2024,'M2ELCT4','Electro 2','Basic Electronics','10-12M/9-12F','26M','Students',44,0,NULL,NULL,NULL,NULL,NULL,NULL),(4072,NULL,NULL,NULL,'MarE','2nd Semester',2023,2024,'M2ELCT5','Electro 2','Basic Electronics','4-5:30MW/1-3F','26M','Students',44,0,NULL,NULL,NULL,NULL,NULL,NULL),(4073,NULL,NULL,NULL,'MarE','2nd Semester',2023,2024,'M2ELCT6','Electro 2','Basic Electronics','8-10T/9-12TH','26M','Students',32,0,NULL,NULL,NULL,NULL,NULL,NULL),(4074,NULL,NULL,NULL,'MarE','2nd Semester',2023,2024,'MMECH1','Mech','Mechanics and Hydromechanics for Marine Engineering','11-12MWF','ALUMNI B','Students',43,0,NULL,NULL,NULL,NULL,NULL,NULL),(4075,NULL,NULL,NULL,'MarE','2nd Semester',2023,2024,'MMECH2','Mech','Mechanics and Hydromechanics for Marine Engineering','10-11MWF','ALUMNI B','Students',42,0,NULL,NULL,NULL,NULL,NULL,NULL),(4076,NULL,NULL,NULL,'MarE','2nd Semester',2023,2024,'MMECH3','Mech','Mechanics and Hydromechanics for Marine Engineering','3-4:30MW','ALUMNI B','Students',43,0,NULL,NULL,NULL,NULL,NULL,NULL),(4077,NULL,NULL,NULL,'MarE','2nd Semester',2023,2024,'MMECH4','Mech','Mechanics and Hydromechanics for Marine Engineering','1-2MWF','ALUMNI B','Students',45,0,NULL,NULL,NULL,NULL,NULL,NULL),(4078,NULL,NULL,NULL,'MarE','2nd Semester',2023,2024,'MMECH5','Mech','Mechanics and Hydromechanics for Marine Engineering','1-2:30TTH','ALUMNI B','Students',42,0,NULL,NULL,NULL,NULL,NULL,NULL),(4079,NULL,NULL,NULL,'MarE','2nd Semester',2023,2024,'MMECH6','Mech','Mechanics and Hydromechanics for Marine Engineering','2-5FRI','ALUMNI B','Students',33,0,NULL,NULL,NULL,NULL,NULL,NULL),(4080,NULL,NULL,NULL,'MarE','2nd Semester',2023,2024,'M2MCH1','Mach 2','Machining Tools','10-12TTH','13M','Students',41,0,NULL,NULL,NULL,NULL,NULL,NULL),(4081,NULL,NULL,NULL,'MarE','2nd Semester',2023,2024,'M2MCH2','Mach 2','Machining Tools','1-3MW','13M','Students',42,0,NULL,NULL,NULL,NULL,NULL,NULL),(4082,NULL,NULL,NULL,'MarE','2nd Semester',2023,2024,'M2MCH3','Mach 2','Machining Tools','8-10TTH','13M','Students',42,0,NULL,NULL,NULL,NULL,NULL,NULL),(4083,NULL,NULL,NULL,'MarE','2nd Semester',2023,2024,'M2MCH4','Mach 2','Machining Tools','3-5MW','13M','Students',45,0,NULL,NULL,NULL,NULL,NULL,NULL),(4084,NULL,NULL,NULL,'MarE','2nd Semester',2023,2024,'M2MCH5','Mach 2','Machining Tools','3-5TTH','13M','Students',41,0,NULL,NULL,NULL,NULL,NULL,NULL),(4085,NULL,NULL,NULL,'MarE','2nd Semester',2023,2024,'M2MCH6','Mach 2','Machining Tools','1-3TTH','13M','Students',30,0,NULL,NULL,NULL,NULL,NULL,NULL),(4086,NULL,NULL,NULL,'MarE','2nd Semester',2023,2024,'MDRW1','Draw','Maritime Drawing and Diagrams','1-2:30TTH','CB 36','Students',43,0,NULL,NULL,NULL,NULL,NULL,NULL),(4087,NULL,NULL,NULL,'MarE','2nd Semester',2023,2024,'MDRW2','Draw','Maritime Drawing and Diagrams','1-4FRI','CB 36','Students',44,0,NULL,NULL,NULL,NULL,NULL,NULL),(4088,NULL,NULL,NULL,'MarE','2nd Semester',2023,2024,'MDRW3','Draw','Maritime Drawing and Diagrams','8-11FRI','CB 36','Students',42,0,NULL,NULL,NULL,NULL,NULL,NULL),(4089,NULL,NULL,NULL,'MarE','2nd Semester',2023,2024,'MDRW4','Draw','Maritime Drawing and Diagrams','8-9:30TTH','CB 36','Students',44,0,NULL,NULL,NULL,NULL,NULL,NULL),(4090,NULL,NULL,NULL,'MarE','2nd Semester',2023,2024,'MDRW5','Draw','Maritime Drawing and Diagrams','1-2:30MW','CB 36','Students',42,0,NULL,NULL,NULL,NULL,NULL,NULL),(4091,NULL,NULL,NULL,'MarE','2nd Semester',2023,2024,'MDRW6','Draw','Maritime Drawing and Diagrams','10-11:30TTH','CB 36','Students',31,0,NULL,NULL,NULL,NULL,NULL,NULL),(4092,NULL,NULL,NULL,'MarE','2nd Semester',2023,2024,'M2OBT1','OBT 2','Elective 2','8-10W/1-3F','ALUMNI D/13M','Students',45,0,NULL,NULL,NULL,NULL,NULL,NULL),(4093,NULL,NULL,NULL,'MarE','2nd Semester',2023,2024,'M2OBT2','OBT 2','Elective 2','3-5MT','CB 36','Students',45,0,NULL,NULL,NULL,NULL,NULL,NULL),(4094,NULL,NULL,NULL,'MarE','2nd Semester',2023,2024,'M2OBT3','OBT 2','Elective 2','10-12MT','ALUMNI A','Students',45,0,NULL,NULL,NULL,NULL,NULL,NULL),(4095,NULL,NULL,NULL,'MarE','2nd Semester',2023,2024,'M2OBT4','OBT 2','Elective 2','8-10M/10-12W','ALUMNI A/D','Students',45,0,NULL,NULL,NULL,NULL,NULL,NULL),(4096,NULL,NULL,NULL,'MarE','2nd Semester',2023,2024,'M2OBT5','OBT 2','Elective 2','8-10MT','CB 36/ALUMNI A','Students',45,0,NULL,NULL,NULL,NULL,NULL,NULL),(4097,NULL,NULL,NULL,'MarE','2nd Semester',2023,2024,'M2OBT6','OBT 2','Elective 2','3-5 TW','PF31/CB 36','Students',44,0,NULL,NULL,NULL,NULL,NULL,NULL),(4098,NULL,NULL,NULL,'MarE','2nd Semester',2023,2024,'M1AT1','Auto 1','Marine Plant Instrumentation and Control','8-11MF','25M','Students',40,0,NULL,NULL,NULL,NULL,NULL,NULL),(4099,NULL,NULL,NULL,'MarE','2nd Semester',2023,2024,'M1AT2','Auto 1','Marine Plant Instrumentation and Control','9-12TTH','25M','Students',39,0,NULL,NULL,NULL,NULL,NULL,NULL),(4100,NULL,NULL,NULL,'MarE','2nd Semester',2023,2024,'M1AT3','Auto 1','Marine Plant Instrumentation and Control','1-4 TTH','25M','Students',39,0,NULL,NULL,NULL,NULL,NULL,NULL),(4101,NULL,NULL,NULL,'MarE','2nd Semester',2023,2024,'M1AT4','Auto 1','Marine Plant Instrumentation and Control','2-5 MF','25M','Students',29,0,NULL,NULL,NULL,NULL,NULL,NULL),(4102,NULL,NULL,NULL,'MarE','2nd Semester',2023,2024,'M1AT5','Auto 1','Marine Plant Instrumentation and Control','9-12/1-4 WED','25M','Students',25,0,NULL,NULL,NULL,NULL,NULL,NULL),(4103,NULL,NULL,NULL,'MarE','2nd Semester',2023,2024,'M1AT6','Auto 1','Marine Plant Instrumentation and Control','4-7TTH','25M','Students',30,0,NULL,NULL,NULL,NULL,NULL,NULL),(4104,NULL,NULL,NULL,'MarE','2nd Semester',2023,2024,'M2AT1','Auto 2','Pneumatics and Hydraulics','2-5M/2-5F','SIMULATOR RM/PF34','Students',40,0,NULL,NULL,NULL,NULL,NULL,NULL),(4105,NULL,NULL,NULL,'MarE','2nd Semester',2023,2024,'M2AT2','Auto 2','Pneumatics and Hydraulics','9-12M/8-11F','SIMULATOR RM/PF34','Students',40,0,NULL,NULL,NULL,NULL,NULL,NULL),(4106,NULL,NULL,NULL,'MarE','2nd Semester',2023,2024,'M2AT3','Auto 2','Pneumatics and Hydraulics','9-12TTH','SIMULATOR ROOM','Students',38,0,NULL,NULL,NULL,NULL,NULL,NULL),(4107,NULL,NULL,NULL,'MarE','2nd Semester',2023,2024,'M2AT4','Auto 2','Pneumatics and Hydraulics','2:30-4TTH/2-5WED','ALUMNI B/SIMULATOR RM','Students',28,0,NULL,NULL,NULL,NULL,NULL,NULL),(4108,NULL,NULL,NULL,'MarE','2nd Semester',2023,2024,'M2AT5','Auto 2','Pneumatics and Hydraulics','11-12,1-2,5-6F/4-5:30TTH','PF 34/ALUMNI B','Students',23,0,NULL,NULL,NULL,NULL,NULL,NULL),(4109,NULL,NULL,NULL,'MarE','2nd Semester',2023,2024,'M2AT6','Auto 2','Pneumatics and Hydraulics','9-12T/8-11W','ALUMNI B/SIMULATOR RM','Students',21,0,NULL,NULL,NULL,NULL,NULL,NULL),(4110,NULL,NULL,NULL,'MarE','2nd Semester',2023,2024,'MSHC1','Ship Con','Ship Construction and Stability','8-9:30TTH','ALUMNI D','Students',40,0,NULL,NULL,NULL,NULL,NULL,NULL),(4111,NULL,NULL,NULL,'MarE','2nd Semester',2023,2024,'MSHC2','Ship Con','Ship Construction and Stability','1-2:30TTH','ALUMNI D','Students',38,0,NULL,NULL,NULL,NULL,NULL,NULL),(4112,NULL,NULL,NULL,'MarE','2nd Semester',2023,2024,'MSHC3','Ship Con','Ship Construction and Stability','1-4 FRI','ALUMNI D','Students',38,0,NULL,NULL,NULL,NULL,NULL,NULL),(4113,NULL,NULL,NULL,'MarE','2nd Semester',2023,2024,'MSHC4','Ship Con','Ship Construction and Stability','10-11:30TTH','ALUMNI D','Students',28,0,NULL,NULL,NULL,NULL,NULL,NULL),(4114,NULL,NULL,NULL,'MarE','2nd Semester',2023,2024,'MSHC5','Ship Con','Ship Construction and Stability','2:30-4TTH','ALUMNI D','Students',24,0,NULL,NULL,NULL,NULL,NULL,NULL),(4115,NULL,NULL,NULL,'MarE','2nd Semester',2023,2024,'MSHC6','Ship Con','Ship Construction and Stability','1-2:30MW','ALUMNI D','Students',23,0,NULL,NULL,NULL,NULL,NULL,NULL),(4116,NULL,NULL,NULL,'MarE','2nd Semester',2023,2024,'MRLAW1','Mar Law','Maritime Legislations','10-12TTH','PF32','Students',40,0,NULL,NULL,NULL,NULL,NULL,NULL),(4117,NULL,NULL,NULL,'MarE','2nd Semester',2023,2024,'MRLAW2','Mar Law','Maritime Legislations','1-3 MW','PF32','Students',38,0,NULL,NULL,NULL,NULL,NULL,NULL),(4118,NULL,NULL,NULL,'MarE','2nd Semester',2023,2024,'MRLAW3','Mar Law','Maritime Legislations','10-12MW','PF32','Students',39,0,NULL,NULL,NULL,NULL,NULL,NULL),(4119,NULL,NULL,NULL,'MarE','2nd Semester',2023,2024,'MRLAW4','Mar Law','Maritime Legislations','8-10MF','PF32','Students',31,0,NULL,NULL,NULL,NULL,NULL,NULL),(4120,NULL,NULL,NULL,'MarE','2nd Semester',2023,2024,'MRLAW5','Mar Law','Maritime Legislations','8-10TTH','PF32','Students',28,0,NULL,NULL,NULL,NULL,NULL,NULL),(4121,NULL,NULL,NULL,'MarE','2nd Semester',2023,2024,'MRLAW6','Mar Law','Maritime Legislations','1-3TTH','PF32','Students',36,0,NULL,NULL,NULL,NULL,NULL,NULL),(4122,NULL,NULL,NULL,'MarE','2nd Semester',2023,2024,'M8NGEC1','NGEC 8','Ethics','1-2MWF','PF36','Students',40,0,NULL,NULL,NULL,NULL,NULL,NULL),(4123,NULL,NULL,NULL,'MarE','2nd Semester',2023,2024,'M8NGEC2','NGEC 8','Ethics','8-9M/8-10W','PF36','Students',35,0,NULL,NULL,NULL,NULL,NULL,NULL),(4124,NULL,NULL,NULL,'MarE','2nd Semester',2023,2024,'M8NGEC4','NGEC 8','Ethics','10-11MWF','PF36','Students',29,0,NULL,NULL,NULL,NULL,NULL,NULL),(4125,NULL,NULL,NULL,'MarE','2nd Semester',2023,2024,'M8NGEC5','NGEC 8','Ethics','1-2:30TTH','PF36','Students',34,0,NULL,NULL,NULL,NULL,NULL,NULL),(4126,NULL,NULL,NULL,'MarE','2nd Semester',2023,2024,'M8NGEC6','NGEC 8','Ethics','11-12MWF','PF36','Students',31,0,NULL,NULL,NULL,NULL,NULL,NULL),(4127,NULL,NULL,NULL,'MarE','2nd Semester',2023,2024,'M4OBT1','OBT 4 ','Ship\'s Safety and Security','1-3TTH','DEBRIEFING RM','Students',40,0,NULL,NULL,NULL,NULL,NULL,NULL),(4128,NULL,NULL,NULL,'MarE','2nd Semester',2023,2024,'M4OBT2','OBT 4 ','Ship\'s Safety and Security','1-5FRI','DEBRIEFING RM','Students',40,0,NULL,NULL,NULL,NULL,NULL,NULL),(4129,NULL,NULL,NULL,'MarE','2nd Semester',2023,2024,'M4OBT3','OBT 4 ','Ship\'s Safety and Security','4-6T/10-12F','DEBRIEFING RM','Students',38,0,NULL,NULL,NULL,NULL,NULL,NULL),(4130,NULL,NULL,NULL,'MarE','2nd Semester',2023,2024,'M4OBT4','OBT 4 ','Ship\'s Safety and Security','8-10T/4-6TH','DEBRIEFING RM','Students',30,0,NULL,NULL,NULL,NULL,NULL,NULL),(4131,NULL,NULL,NULL,'MarE','2nd Semester',2023,2024,'M4OBT5','OBT 4 ','Ship\'s Safety and Security','10-12TTH','DEBRIEFING RM','Students',33,0,NULL,NULL,NULL,NULL,NULL,NULL),(4132,NULL,NULL,NULL,'MarE','2nd Semester',2023,2024,'M4OBT6','OBT 4 ','Ship\'s Safety and Security','8-10THF','DEBRIEFING RM','Students',37,0,NULL,NULL,NULL,NULL,NULL,NULL),(4133,NULL,NULL,NULL,'MarE','2nd Semester',2023,2024,'M2AUTO1','Auto 2','Marine Automation 2','8-11TTH','PF35','Students',45,0,NULL,NULL,NULL,NULL,NULL,NULL),(4134,NULL,NULL,NULL,'MarE','2nd Semester',2023,2024,'M2AUTO2','Auto 2','Marine Automation 2','1-4TTH','PF35','Students',42,0,NULL,NULL,NULL,NULL,NULL,NULL),(4135,NULL,NULL,NULL,'MarE','2nd Semester',2023,2024,'M2AUTO3','Auto 2','Marine Automation 2','9-12MW','PF35','Students',48,0,NULL,NULL,NULL,NULL,NULL,NULL),(4136,NULL,NULL,NULL,'MarE','2nd Semester',2023,2024,'M2AUTO4','Auto 2','Marine Automation 2','1-4MW','27M','Students',43,0,NULL,NULL,NULL,NULL,NULL,NULL),(4137,NULL,NULL,NULL,'LA','2nd Semester',2023,2024,'E324AB1','ENG 324','Language and Media','10-11:30 TTh','3','Students',9,0,NULL,NULL,NULL,NULL,NULL,NULL),(4138,NULL,NULL,NULL,'LA','2nd Semester',2023,2024,'FOL3AB1','FL 3','Foreign Language 3','2:30-4 TTh','GS1B','Students',10,0,NULL,NULL,NULL,NULL,NULL,NULL),(4139,NULL,NULL,NULL,'LA','2nd Semester',2023,2024,'E421AB1','ENG 421','Language of Law','3-4 MWF','GS2','Students',11,0,NULL,NULL,NULL,NULL,NULL,NULL),(4140,NULL,NULL,NULL,'LA','2nd Semester',2023,2024,'PRACAB1','PRAC','Practicum','2:30-5:30 TTh','GS2','Students',20,0,NULL,NULL,NULL,NULL,NULL,NULL),(4141,NULL,NULL,NULL,'LA','2nd Semester',2023,2024,'PS121PS1','PS 121','Introduction to Phil. Politics/Governance','10-11:30 TTh','GS1B','Students',25,0,NULL,NULL,NULL,NULL,NULL,NULL),(4142,NULL,NULL,NULL,'LA','2nd Semester',2023,2024,'PS221PS1','PS 221','Introduction to International Relations','3--4 MWF','GS2','Students',15,0,NULL,NULL,NULL,NULL,NULL,NULL),(4143,NULL,NULL,NULL,'LA','2nd Semester',2023,2024,'PS222PS1','PS 222','Introduction to Political Theory','10-11 MWF','GS2','Students',16,0,NULL,NULL,NULL,NULL,NULL,NULL),(4144,NULL,NULL,NULL,'LA','2nd Semester',2023,2024,'PS223PS1','PS 223','Local Government on the Philippines','2-3 MWF','GS2','Students',15,0,NULL,NULL,NULL,NULL,NULL,NULL),(4145,NULL,NULL,NULL,'LA','2nd Semester',2023,2024,'PS321PS1','PS 321','Qualitive/Quantitive Analysis of Political Data','8:30-10 TTh','GS2','Students',11,0,NULL,NULL,NULL,NULL,NULL,NULL),(4146,NULL,NULL,NULL,'LA','2nd Semester',2023,2024,'PS322PS1','PS 322','International & Regional Organization','4-5:30 TTh','GS1B','Students',11,0,NULL,NULL,NULL,NULL,NULL,NULL),(4147,NULL,NULL,NULL,'MarE','2nd Semester',2023,2024,'MAINT1','Maint','Maintenance and Repair','3-5M/1-4TH','PF31','Students',45,0,NULL,NULL,NULL,NULL,NULL,NULL),(4148,NULL,NULL,NULL,'MarE','2nd Semester',2023,2024,'MAINT2','Maint','Maintenance and Repair','9-11F/9-12TH','PF31','Students',46,0,NULL,NULL,NULL,NULL,NULL,NULL),(4149,NULL,NULL,NULL,'MarE','2nd Semester',2023,2024,'MAINT3','Maint','Maintenance and Repair','1-2M,11-12F/3-5W,4-5TH','PF31','Students',48,0,NULL,NULL,NULL,NULL,NULL,NULL),(4150,NULL,NULL,NULL,'MarE','2nd Semester',2023,2024,'MAINT4','Maint','Maintenance and Repair','10-12M/9-12W','PF31','Students',48,0,NULL,NULL,NULL,NULL,NULL,NULL),(4151,NULL,NULL,NULL,'MarE','2nd Semester',2023,2024,'MENV1','Mar Env','Protection of the Marine Environment','8-9MWF','14M','Students',46,0,NULL,NULL,NULL,NULL,NULL,NULL),(4152,NULL,NULL,NULL,'IT','2nd Semester',2023,2024,'PRCITE1','ITE Prac 1',' IT Practicum','9-12 TTh','CB-34','Students',53,0,NULL,NULL,NULL,NULL,NULL,NULL),(4153,NULL,NULL,NULL,'MarE','2nd Semester',2023,2024,'MENV2','Mar Env','Protection of the Marine Environment','11-12MWF','14M','Students',44,0,NULL,NULL,NULL,NULL,NULL,NULL),(4154,NULL,NULL,NULL,'IT','2nd Semester',2023,2024,'TORITE1','ITE Tour 1','Seminars and Tours (Off-Campus Activities)','1-4 Wed','CB-34','Students',54,0,NULL,NULL,NULL,NULL,NULL,NULL),(4155,NULL,NULL,NULL,'MarE','2nd Semester',2023,2024,'MENV3','Mar Env','Protection of the Marine Environment','8-9:30TTH','14M','Students',48,0,NULL,NULL,NULL,NULL,NULL,NULL),(4156,NULL,NULL,NULL,'MarE','2nd Semester',2023,2024,'MENV4','Mar Env','Protection of the Marine Environment','9:30-11TTH','14M','Students',44,0,NULL,NULL,NULL,NULL,NULL,NULL),(4157,NULL,NULL,NULL,'MarE','2nd Semester',2023,2024,'M2WK1','EWK 2','Engine Watchkeeping with Resourse Management','9-12FRI','27M','Students',45,0,NULL,NULL,NULL,NULL,NULL,NULL),(4158,NULL,NULL,NULL,'IT','2nd Semester',2023,2024,'HM3IT1','Hum 3','Art Appreciation','7-8am MWF','213','Students',46,0,NULL,NULL,NULL,NULL,NULL,NULL),(4159,NULL,NULL,NULL,'IT','2nd Semester',2023,2024,'FL2IT1','Fil 2','Pananaliksik sa Wikang Filipino','10-11:30 TTh','221','Students',50,0,NULL,NULL,NULL,NULL,NULL,NULL),(4160,NULL,NULL,NULL,'MarE','2nd Semester',2023,2024,'M2WK2','EWK 2','Engine Watchkeeping with Resourse Management','1-4FRI','27M','Students',48,0,NULL,NULL,NULL,NULL,NULL,NULL),(4161,NULL,NULL,NULL,'MarE','2nd Semester',2023,2024,'M2WK3','EWK 2','Engine Watchkeeping with Resourse Management','9:30-11TTH','27M','Students',45,0,NULL,NULL,NULL,NULL,NULL,NULL),(4162,NULL,NULL,NULL,'MarE','2nd Semester',2023,2024,'M2WK4','EWK 2','Engine Watchkeeping with Resourse Management','1-2:30TTH','27M','Students',48,0,NULL,NULL,NULL,NULL,NULL,NULL),(4163,NULL,NULL,NULL,'MarE','2nd Semester',2023,2024,'M2MGT1','Mgmt 2','Integrated Management System','9-11MON','14M','Students',44,0,NULL,NULL,NULL,NULL,NULL,NULL),(4164,NULL,NULL,NULL,'MarE','2nd Semester',2023,2024,'M2MGT2','Mgmt 2','Integrated Management System','1-3MON','14M','Students',42,0,NULL,NULL,NULL,NULL,NULL,NULL),(4165,NULL,NULL,NULL,'MarE','2nd Semester',2023,2024,'M2MGT3','Mgmt 2','Integrated Management System','1-3TUE','14M','Students',47,0,NULL,NULL,NULL,NULL,NULL,NULL),(4166,NULL,NULL,NULL,'MarE','2nd Semester',2023,2024,'M2MGT4','Mgmt 2','Integrated Management System','9-11FRI','14M','Students',38,0,NULL,NULL,NULL,NULL,NULL,NULL),(4167,NULL,NULL,NULL,'IT','2nd Semester',2023,2024,'321ITE1','ITE 321','Information Assurance and Security 2','9-12 M / 10-12 W','IT Lab/CB-33','Students',47,0,NULL,NULL,NULL,NULL,NULL,NULL),(4168,NULL,NULL,NULL,'IT','2nd Semester',2023,2024,'322ITE1','ITE 322','Methods of Research in Computing','1-4 Tue','CB-34','Students',48,0,NULL,NULL,NULL,NULL,NULL,NULL),(4169,NULL,NULL,NULL,'MarE','2nd Semester',2023,2024,'MNAV1','Nav Trip','Navigational and Field Trips','9-12WED','ALUMNI A','Students',45,0,NULL,NULL,NULL,NULL,NULL,NULL),(4170,NULL,NULL,NULL,'IT','2nd Semester',2023,2024,'3NET1','ITE Net 3','Network Engineering 3 (Scalling Networks)','5-7 W / 6-9 Th','CB-33/Micro Lab','Students',49,0,NULL,NULL,NULL,NULL,NULL,NULL),(4171,NULL,NULL,NULL,'MarE','2nd Semester',2023,2024,'MNAV2','Nav Trip','Navigational and Field Trips','4-5:30 MF','ALUMNI A','Students',44,0,NULL,NULL,NULL,NULL,NULL,NULL),(4172,NULL,NULL,NULL,'IT','2nd Semester',2023,2024,'324ITE1','ITE 324','Platform Technologies','8-10 W / 9-12 F','CB-33/IT Lab','Students',45,0,NULL,NULL,NULL,NULL,NULL,NULL),(4173,NULL,NULL,NULL,'MarE','2nd Semester',2023,2024,'MNAV3','Nav Trip','Navigational and Field Trips','1-4THU','ALUMNI A','Students',47,0,NULL,NULL,NULL,NULL,NULL,NULL),(4174,NULL,NULL,NULL,'IT','2nd Semester',2023,2024,'325ITE1','ITE 325','Digital Logic Design','1-4 Mon','CB-33','Students',49,0,NULL,NULL,NULL,NULL,NULL,NULL),(4175,NULL,NULL,NULL,'MarE','2nd Semester',2023,2024,'MNAV4','Nav Trip','Navigational and Field Trips','1-4FRI','ALUMNI A','Students',38,0,NULL,NULL,NULL,NULL,NULL,NULL),(4176,NULL,NULL,NULL,'IT','2nd Semester',2023,2024,'HM2IT1','Hum 2','Ethics ','1-2 MWF','222','Students',50,0,NULL,NULL,NULL,NULL,NULL,NULL),(4177,NULL,NULL,NULL,'IT','2nd Semester',2023,2024,'1ITPCN1','ITPC Net 1','Network Engineering 1 (Introduction to Networking)','6-9 M / 8-10 S','Micro Lab/CB-33','Students',47,0,NULL,NULL,NULL,NULL,NULL,NULL),(4178,NULL,NULL,NULL,'IT','2nd Semester',2023,2024,'4ITPC1','ITPC 4','Integrative Programming and Technologies 1','10-12 M / 9-12 T','CB-33/IT Lab','Students',50,0,NULL,NULL,NULL,NULL,NULL,NULL),(4179,NULL,NULL,NULL,'IT','2nd Semester',2023,2024,'2ITPD1','ITPD 2','System Analysis and Design','1-4 Tue','CB-33','Students',39,0,NULL,NULL,NULL,NULL,NULL,NULL),(4180,NULL,NULL,NULL,'IT','2nd Semester',2023,2024,'3ITPD1','ITPD 3','Fundamentals of Data Science','9-12 Th / 10-12 F','IT Lab/CB-33','Students',46,0,NULL,NULL,NULL,NULL,NULL,NULL),(4181,NULL,NULL,NULL,'MarE','2nd Semester',2023,2024,'MLAW1','MarE Law','Maritime Laws','1-3MW','ALUMNI C','Students',46,0,NULL,NULL,NULL,NULL,NULL,NULL),(4182,NULL,NULL,NULL,'MarE','2nd Semester',2023,2024,'MLAW2','MarE Law','Maritime Laws','9-11MW','ALUMNI C','Students',41,0,NULL,NULL,NULL,NULL,NULL,NULL),(4183,NULL,NULL,NULL,'IT','2nd Semester',2023,2024,'3ITPE1','ITPE 3','Platform Technologies ','2-4 W / 1-4 Th','CB-31/IT Lab','Students',45,0,NULL,NULL,NULL,NULL,NULL,NULL),(4184,NULL,NULL,NULL,'IT','2nd Semester',2023,2024,'5ITPC1','ITPC 5','Data Privacy and Professional Issues in IT','9-12 Wed','CB-34','Students',47,0,NULL,NULL,NULL,NULL,NULL,NULL),(4185,NULL,NULL,NULL,'MarE','2nd Semester',2023,2024,'MLAW3','MarE Law','Maritime Laws','3-5MTUE','ALUMNI C','Students',48,0,NULL,NULL,NULL,NULL,NULL,NULL),(4186,NULL,NULL,NULL,'MarE','2nd Semester',2023,2024,'MLAW4','MarE Law','Maritime Laws','5-7TTH','ALUMNI C','Students',44,0,NULL,NULL,NULL,NULL,NULL,NULL),(4187,NULL,NULL,NULL,'MarE','2nd Semester',2023,2024,'MRES1','Research','Maritime Research','2-5FRI','PF36','Students',44,0,NULL,NULL,NULL,NULL,NULL,NULL),(4188,NULL,NULL,NULL,'MarE','2nd Semester',2023,2024,'MRES2','Research','Maritime Research','4-5:30TTH','28M','Students',44,0,NULL,NULL,NULL,NULL,NULL,NULL),(4189,NULL,NULL,NULL,'MarE','2nd Semester',2023,2024,'MRES3','Research','Maritime Research','5-6:30MW','PF36','Students',47,0,NULL,NULL,NULL,NULL,NULL,NULL),(4190,NULL,NULL,NULL,'MarE','2nd Semester',2023,2024,'MRES4','Research','Maritime Research','2:30-4TTH','28M','Students',36,0,NULL,NULL,NULL,NULL,NULL,NULL),(4191,NULL,NULL,NULL,'MarE','2nd Semester',2023,2024,'M2AUXA','Aux Mach 2','Auxiliary Machinery','8-12/1-4SAT','13M','Students',25,0,NULL,NULL,NULL,NULL,NULL,NULL),(4192,NULL,NULL,NULL,'IT','2nd Semester',2023,2024,'2ITGE1','ITGE 2','Technopreneurship ','4-5:30 MW','307','Students',47,0,NULL,NULL,NULL,NULL,NULL,NULL),(4193,NULL,NULL,NULL,'IT','2nd Semester',2023,2024,'PE4IT1','PE 4','Team Sports','8-10 Fri','SGS-B','Students',39,0,NULL,NULL,NULL,NULL,NULL,NULL),(4194,NULL,NULL,NULL,'MarE','2nd Semester',2023,2024,'NGEC4ER1','NGEC 4','Mathematics in the Modern World','7-8:30amTTH','R-207','Students',43,0,NULL,NULL,NULL,NULL,NULL,NULL),(4195,NULL,NULL,NULL,'MarE','2nd Semester',2023,2024,'NGEC4ER2','NGEC 4','Mathematics in the Modern World','9-10MWF','R-207','Students',41,0,NULL,NULL,NULL,NULL,NULL,NULL),(4196,NULL,NULL,NULL,'MarE','2nd Semester',2023,2024,'NGEC4ER3','NGEC 4','Mathematics in the Modern World','2-3MWF','R-207','Students',43,0,NULL,NULL,NULL,NULL,NULL,NULL),(4197,NULL,NULL,NULL,'MarE','2nd Semester',2023,2024,'NGEC4ER4','NGEC 4','Mathematics in the Modern World','10-11:30TTH','R-1','Students',40,0,NULL,NULL,NULL,NULL,NULL,NULL),(4198,NULL,NULL,NULL,'MarE','2nd Semester',2023,2024,'NGEC4ER5','NGEC 4','Mathematics in the Modern World','11-12MWF','R-207','Students',39,0,NULL,NULL,NULL,NULL,NULL,NULL),(4199,NULL,NULL,NULL,'MarE','2nd Semester',2023,2024,'NGEC4ER6','NGEC 4','Mathematics in the Modern World','7-8AMMWF','R-207','Students',36,0,NULL,NULL,NULL,NULL,NULL,NULL),(4200,NULL,NULL,NULL,'MarE','2nd Semester',2023,2024,'M8NGEC3','NGEC 8','Ethics','3-4:30MW','PF36','Students',36,0,NULL,NULL,NULL,NULL,NULL,NULL),(4201,NULL,NULL,NULL,'MarE','2nd Semester',2023,2024,'PE2ER1','PATHFit 2','Exercise-based Fitness Activities','8-10MF','R-BGS-A','Students',45,0,NULL,NULL,NULL,NULL,NULL,NULL),(4202,NULL,NULL,NULL,'MarE','2nd Semester',2023,2024,'PE2ER2','PATHFit 2','Exercise-based Fitness Activities','8-10TTH','R-BGS-A','Students',44,0,NULL,NULL,NULL,NULL,NULL,NULL),(4203,NULL,NULL,NULL,'MarE','2nd Semester',2023,2024,'PE2ER3','PATHFit 2','Exercise-based Fitness Activities','3-5TTH','R-BGS-A','Students',45,0,NULL,NULL,NULL,NULL,NULL,NULL),(4204,NULL,NULL,NULL,'MarE','2nd Semester',2023,2024,'PE2ER4','PATHFit 2','Exercise-based Fitness Activities','1-3TTH','R-BGS-A','Students',45,0,NULL,NULL,NULL,NULL,NULL,NULL),(4205,NULL,NULL,NULL,'MarE','2nd Semester',2023,2024,'PE2ER5','PATHFit 2','Exercise-based Fitness Activities','10-12TTH','R-BGS-A','Students',37,0,NULL,NULL,NULL,NULL,NULL,NULL),(4206,NULL,NULL,NULL,'MarE','2nd Semester',2023,2024,'PE2ER6','PATHFit 2','Exercise-based Fitness Activities','10-12MF','R-BGS-A','Students',45,0,NULL,NULL,NULL,NULL,NULL,NULL),(4207,NULL,NULL,NULL,'MarE','2nd Semester',2023,2024,'NGEC1ER1','NGEC 1','Understanding the Self ','8:30-10TTH','R-1','Students',43,0,NULL,NULL,NULL,NULL,NULL,NULL),(4208,NULL,NULL,NULL,'MarE','2nd Semester',2023,2024,'NGEC1ER2','NGEC 1','Understanding the Self ','10:30-12TTH','R-1','Students',42,0,NULL,NULL,NULL,NULL,NULL,NULL),(4209,NULL,NULL,NULL,'MarE','2nd Semester',2023,2024,'NGEC1ER3','NGEC 1','Understanding the Self ','1-2:30TTH','R-1','Students',43,0,NULL,NULL,NULL,NULL,NULL,NULL),(4210,NULL,NULL,NULL,'MarE','2nd Semester',2023,2024,'NGEC1ER4','NGEC 1','Understanding the Self ','4-5:30TTH','R-1','Students',42,0,NULL,NULL,NULL,NULL,NULL,NULL),(4211,NULL,NULL,NULL,'MarE','2nd Semester',2023,2024,'NGEC1ER5','NGEC 1','Understanding the Self ','10-11MWF','R-1','Students',35,0,NULL,NULL,NULL,NULL,NULL,NULL),(4212,NULL,NULL,NULL,'MarE','2nd Semester',2023,2024,'NGEC1ER6','NGEC 1','Understanding the Self ','8-9amMWF','R-1','Students',42,0,NULL,NULL,NULL,NULL,NULL,NULL),(4213,NULL,NULL,NULL,'MarE','2nd Semester',2023,2024,'NGEC6ER1','NGEC 6','Art Appreciation','11-12MWF','R-1','Students',40,0,NULL,NULL,NULL,NULL,NULL,NULL),(4214,NULL,NULL,NULL,'MarE','2nd Semester',2023,2024,'NGEC6ER2','NGEC 6','Art Appreciation','2:30-4TTH','R-1','Students',37,0,NULL,NULL,NULL,NULL,NULL,NULL),(4215,NULL,NULL,NULL,'MarE','2nd Semester',2023,2024,'NGEC6ER3','NGEC 6','Art Appreciation','9-10MWF','R-1','Students',36,0,NULL,NULL,NULL,NULL,NULL,NULL),(4216,NULL,NULL,NULL,'MarE','2nd Semester',2023,2024,'NGEC6ER4','NGEC 6','Art Appreciation','1-2MWF','R-1','Students',31,0,NULL,NULL,NULL,NULL,NULL,NULL),(4217,NULL,NULL,NULL,'MarE','2nd Semester',2023,2024,'NGEC6ER5','NGEC 6','Art Appreciation','4-5 MWF','R-1','Students',33,0,NULL,NULL,NULL,NULL,NULL,NULL),(4218,NULL,NULL,NULL,'MarE','2nd Semester',2023,2024,'NGEC6ER6','NGEC 6','Art Appreciation','5-6 MWF','R-1','Students',40,0,NULL,NULL,NULL,NULL,NULL,NULL),(4219,NULL,NULL,NULL,'MarE','2nd Semester',2023,2024,'SS5ER1','SS 5','The Life and Works of Rizal','6-7MWF','R-306','Students',43,0,NULL,NULL,NULL,NULL,NULL,NULL),(4220,NULL,NULL,NULL,'MarE','2nd Semester',2023,2024,'SS5ER2','SS 5','The Life and Works of Rizal','6-7pmMWF','R-214','Students',42,0,NULL,NULL,NULL,NULL,NULL,NULL),(4221,NULL,NULL,NULL,'MarE','2nd Semester',2023,2024,'SS5ER3','SS 5','The Life and Works of Rizal','5:30-7TTH','R-1','Students',48,0,NULL,NULL,NULL,NULL,NULL,NULL),(4222,NULL,NULL,NULL,'MarE','2nd Semester',2023,2024,'SS5ER4','SS 5','The Life and Works of Rizal','7-8:30pmTTH','R-304','Students',47,0,NULL,NULL,NULL,NULL,NULL,NULL),(4223,NULL,NULL,NULL,'IT','2nd Semester',2023,2024,'PE2IT1','PATHFIT 2','Exercise-based Fitness Activities','8-10 Tue','SGS-C','Students',46,0,NULL,NULL,NULL,NULL,NULL,NULL),(4224,NULL,NULL,NULL,'MarE','2nd Semester',2023,2024,'ma1','MarE A1','Marine Safety Maintenance','','','Students',21,0,NULL,NULL,NULL,NULL,NULL,NULL),(4225,NULL,NULL,NULL,'MarE','2nd Semester',2023,2024,'ma2','MarE A2','Auxilliary Unit Operation','','','Students',21,0,NULL,NULL,NULL,NULL,NULL,NULL),(4226,NULL,NULL,NULL,'MarE','2nd Semester',2023,2024,'ma3','MarE A3','Marine Electronic System','','','Students',21,0,NULL,NULL,NULL,NULL,NULL,NULL),(4227,NULL,NULL,NULL,'MarE','2nd Semester',2023,2024,'ma4','MarE A4','Shipboard Training System','','','Students',21,0,NULL,NULL,NULL,NULL,NULL,NULL),(4228,NULL,NULL,NULL,'MarE','2nd Semester',2023,2024,'ma5','MarE A5','Other Auxiliary Unit Operations Maintenance','','','Students',21,0,NULL,NULL,NULL,NULL,NULL,NULL),(4229,NULL,NULL,NULL,'IT','2nd Semester',2023,2024,'MT1IT1','ITE Math 1','Mathematics in the Modern World ','8-9am MWF','207','Students',50,0,NULL,NULL,NULL,NULL,NULL,NULL),(4230,NULL,NULL,NULL,'IT','2nd Semester',2023,2024,'EN2IT1','Engl 2','Introduction to Literature','9-10 MWF','213','Students',50,0,NULL,NULL,NULL,NULL,NULL,NULL),(4231,NULL,NULL,NULL,'IT','2nd Semester',2023,2024,'121ITC1','ITCC 121','Computer Programming 2','6-8:30 T / 3-4/7-8:30 Th','IT Lab/CB-33','Students',49,0,NULL,NULL,NULL,NULL,NULL,NULL),(4232,NULL,NULL,NULL,'IT','2nd Semester',2023,2024,'122ITC1','ITCC 122','Information Management','4-7 Thu','CB-34','Students',37,0,NULL,NULL,NULL,NULL,NULL,NULL),(4233,NULL,NULL,NULL,'IT','2nd Semester',2023,2024,'1ITPC1','ITPC 1','Discrete Mathematics','8-11 Sat','CB-34','Students',50,0,NULL,NULL,NULL,NULL,NULL,NULL),(4234,NULL,NULL,NULL,'IT','2nd Semester',2023,2024,'1ITPE1','ITPE 1','Web Systems Application and Technologies','2-4 / 4-7 Mon','CB-31/IT Lab','Students',39,0,NULL,NULL,NULL,NULL,NULL,NULL),(4235,NULL,NULL,NULL,'IT','2nd Semester',2023,2024,'NS1IT1','NS 1','Science, Technology and Society','7-8am MWF','306','Students',46,0,NULL,NULL,NULL,NULL,NULL,NULL),(4236,NULL,NULL,NULL,'HRM','2nd Semester',2023,2024,'INTHM1','INTERN 2','Internship in Hospitality Industry - Phase II(600 hrs)','9-12/1-4 Thur','Practicum Center','Students',22,0,NULL,NULL,NULL,NULL,NULL,NULL),(4237,NULL,NULL,NULL,'MarE','2nd Semester',2023,2024,'PE3ER1','PATHFit 3','Choice of Dance, Sports, Martial Arts, Group Exercise, Outdoor and Adventure Activities (Dance)','8-10WED','R-BGS-A','Students',40,0,NULL,NULL,NULL,NULL,NULL,NULL),(4238,NULL,NULL,NULL,'MarE','2nd Semester',2023,2024,'PE3ER2','PATHFit 3','Choice of Dance, Sports, Martial Arts, Group Exercise, Outdoor and Adventure Activities (Dance)','10-12WED','R-BGS-A','Students',40,0,NULL,NULL,NULL,NULL,NULL,NULL),(4239,NULL,NULL,NULL,'MarE','2nd Semester',2023,2024,'PE3ER3','PATHFit 3','Choice of Dance, Sports, Martial Arts, Group Exercise, Outdoor and Adventure Activities (Dance)','1-3WED','R-BGS-A','Students',38,0,NULL,NULL,NULL,NULL,NULL,NULL),(4240,NULL,NULL,NULL,'MarE','2nd Semester',2023,2024,'PE3ER4','PATHFit 3','Choice of Dance, Sports, Martial Arts, Group Exercise, Outdoor and Adventure Activities (Dance)','8-10WED','R-BGS-A','Students',31,0,NULL,NULL,NULL,NULL,NULL,NULL),(4241,NULL,NULL,NULL,'MarE','2nd Semester',2023,2024,'PE3ER5','PATHFit 3','Choice of Dance, Sports, Martial Arts, Group Exercise, Outdoor and Adventure Activities (Dance)','1-3MON','R-BGS-A','Students',23,0,NULL,NULL,NULL,NULL,NULL,NULL),(4242,NULL,NULL,NULL,'MarE','2nd Semester',2023,2024,'PE3ER6','PATHFit 3','Choice of Dance, Sports, Martial Arts, Group Exercise, Outdoor and Adventure Activities (Dance)','1-3FRI','R-BGS-A','Students',24,0,NULL,NULL,NULL,NULL,NULL,NULL),(4243,NULL,NULL,NULL,'HRM','2nd Semester',2023,2024,'INTHM2','INTERN 2','Internship in Hospitality Industry - Phase II(600 hrs)','1-3 MWF','Practicum Center','Students',22,0,NULL,NULL,NULL,NULL,NULL,NULL),(4244,NULL,NULL,NULL,'HRM','2nd Semester',2023,2024,'INTHM3','INTERN 2','Internship in Hospitality Industry - Phase II(600 hrs)','3-5 MWF','Practicum Center','Students',23,0,NULL,NULL,NULL,NULL,NULL,NULL),(4245,NULL,NULL,NULL,'HRM','2nd Semester',2023,2024,'HP323HM1','HPC 323','Research in Hospitality','10-11 MWF','205','Students',22,0,NULL,NULL,NULL,NULL,NULL,NULL),(4246,NULL,NULL,NULL,'HRM','2nd Semester',2023,2024,'HP323HM2','HPC 323','Research in Hospitality','4-5 MWF','Dining-B','Students',24,0,NULL,NULL,NULL,NULL,NULL,NULL),(4247,NULL,NULL,NULL,'MarE','2nd Semester',2023,2024,'ms2','NSTP 2','National Service and Training Program 2','','','Students',258,0,NULL,NULL,NULL,NULL,NULL,NULL),(4248,NULL,NULL,NULL,'IT','2nd Semester',2023,2024,'PRCITE2','ITE Prac 1',' IT Practicum','9-12 TTh','CB-34','Students',0,0,NULL,NULL,NULL,NULL,NULL,NULL),(4249,NULL,NULL,NULL,'IT','2nd Semester',2023,2024,'TORITE2','ITE Tour 1','Seminars and Tours (Off-Campus Activities)','1-4 Wed','CB-34','Students',0,0,NULL,NULL,NULL,NULL,NULL,NULL),(4250,NULL,NULL,NULL,'IT','2nd Semester',2023,2024,'HM3IT2','Hum 3','Art Appreciation','9-10 MWF','102','Students',19,0,NULL,NULL,NULL,NULL,NULL,NULL),(4251,NULL,NULL,NULL,'IT','2nd Semester',2023,2024,'FL2IT2','Fil 2','Pananaliksik sa Wikang Filipino','8:30-10 TTh','102','Students',32,0,NULL,NULL,NULL,NULL,NULL,NULL),(4252,NULL,NULL,NULL,'IT','2nd Semester',2023,2024,'321ITE2','ITE 321','Information Assurance and Security 2','1-4 M / 1-3 W','IT Lab/CB-33','Students',25,0,NULL,NULL,NULL,NULL,NULL,NULL),(4253,NULL,NULL,NULL,'IT','2nd Semester',2023,2024,'322ITE2','ITE 322','Methods of Research in Computing','1-4 Thu','CB-34','Students',23,0,NULL,NULL,NULL,NULL,NULL,NULL),(4254,NULL,NULL,NULL,'IT','2nd Semester',2023,2024,'3NET2','ITE Net 3','Network Engineering 3 (Scalling Networks)','7-9pm W / 6-9 F','CB-33/Micro Lab','Students',28,0,NULL,NULL,NULL,NULL,NULL,NULL),(4255,NULL,NULL,NULL,'IT','2nd Semester',2023,2024,'324ITE2','ITE 324','Platform Technologies','1-4 T / 10-12 W','IT Lab/CB-31','Students',28,0,NULL,NULL,NULL,NULL,NULL,NULL),(4256,NULL,NULL,NULL,'IT','2nd Semester',2023,2024,'325ITE2','ITE 325','Digital Logic Design','1-4 Fri','CB-33','Students',26,0,NULL,NULL,NULL,NULL,NULL,NULL),(4257,NULL,NULL,NULL,'HRM','2nd Semester',2023,2024,'HP323HM3','HPC 323','Research in Hospitality','1-2 MWF','Practicum Center','Students',17,0,NULL,NULL,NULL,NULL,NULL,NULL),(4258,NULL,NULL,NULL,'HRM','2nd Semester',2023,2024,'HP323HM4','HPC 323','Research in Hospitality','2-3 MWF','7','Students',23,0,NULL,NULL,NULL,NULL,NULL,NULL),(4259,NULL,NULL,NULL,'ME','2nd Semester',2023,2024,'MT1EM3','Math 1','Mathematics in the Modern World','9-10 MWF','R-304','Students',33,0,NULL,NULL,NULL,NULL,NULL,NULL),(4260,NULL,NULL,NULL,'ME','2nd Semester',2023,2024,'HM3EM3','Hum 3','Art Appreciation','1-2:30 TTH','R-222','Students',28,0,NULL,NULL,NULL,NULL,NULL,NULL),(4261,NULL,NULL,NULL,'ME','2nd Semester',2023,2024,'KDRBEM3','Draw E 2','Computer Aided Drafting ','5:30-8:30 PM THU','CB-14','Students',23,0,NULL,NULL,NULL,NULL,NULL,NULL),(4262,NULL,NULL,NULL,'ME','2nd Semester',2023,2024,'SS3EM3','SS 3','Understanding the Self ','7-8AM MWF','R-102','Students',44,0,NULL,NULL,NULL,NULL,NULL,NULL),(4263,NULL,NULL,NULL,'ME','2nd Semester',2023,2024,'SS5EM3','SS 5','Life and Works of Rizal','8-9AM MWF','R-102','Students',34,0,NULL,NULL,NULL,NULL,NULL,NULL),(4264,NULL,NULL,NULL,'ME','2nd Semester',2023,2024,'PE2EM3','PATHFIT 2','Exercise-based Fitness Activities','10-12 TUE','R-SGS-C','Students',29,0,NULL,NULL,NULL,NULL,NULL,NULL),(4265,NULL,NULL,NULL,'ME','2nd Semester',2023,2024,'EN2EM3','Engl 2','Introduction of Literature','3-4 MWF','R-102','Students',45,0,NULL,NULL,NULL,NULL,NULL,NULL),(4266,NULL,NULL,NULL,'EE','2nd Semester',2023,2024,'425KEE3','EEE 425','Research Project of Capstone Design Project','9-12 Tue','6','Students',16,0,NULL,NULL,NULL,NULL,NULL,NULL),(4267,NULL,NULL,NULL,'CE','2nd Semester',2023,2024,'K3KEC9-a','CE 328','Hydraulics','1-4:30 MW','CE LAB-B','Students',50,0,NULL,NULL,NULL,NULL,NULL,NULL),(4268,NULL,NULL,NULL,'CE','2nd Semester',2023,2024,'K3HEC9','CE 325','Principles of Steel Design','1-3:30 TTH','CE LAB-B','Students',37,0,NULL,NULL,NULL,NULL,NULL,NULL),(4269,NULL,NULL,NULL,'CE','2nd Semester',2023,2024,'K3IEC9','CE 326','Principles of Reinforced/Prestressed Concrete','9-12 MW','CB 35','Students',35,0,NULL,NULL,NULL,NULL,NULL,NULL),(4270,NULL,NULL,NULL,'HRM','2nd Semester',2023,2024,'INTHM4','INTERN 2','Internship in Hospitality Industry - Phase II(600 hrs)','9-11 MWF','Practicum Center','Students',15,0,NULL,NULL,NULL,NULL,NULL,NULL),(4271,NULL,NULL,NULL,'IT','2nd Semester',2023,2024,'HM2IT2','Hum 2','Ethics ','7-8am MWF','214','Students',50,0,NULL,NULL,NULL,NULL,NULL,NULL),(4272,NULL,NULL,NULL,'IT','2nd Semester',2023,2024,'1ITPCN2','ITPC Net 1','Network Engineering 1 (Introduction to Networking)','6-9 T / 9-11 S','Micro Lab/CB-34','Students',45,0,NULL,NULL,NULL,NULL,NULL,NULL),(4273,NULL,NULL,NULL,'IT','2nd Semester',2023,2024,'4ITPC2','ITPC 4','Integrative Programming and Technologies 1','3-5 T / 1-4 W','CB-31/IT Lab','Students',50,0,NULL,NULL,NULL,NULL,NULL,NULL),(4274,NULL,NULL,NULL,'IT','2nd Semester',2023,2024,'2ITPD2','ITPD 2','System Analysis and Design','9-12 Tue','CB-33','Students',50,0,NULL,NULL,NULL,NULL,NULL,NULL),(4275,NULL,NULL,NULL,'IT','2nd Semester',2023,2024,'3ITPD2','ITPD 3','Fundamentals of Data Science','1-3 T / 9-12 W','CB-31/IT Lab','Students',49,0,NULL,NULL,NULL,NULL,NULL,NULL),(4276,NULL,NULL,NULL,'IT','2nd Semester',2023,2024,'3ITPE2','ITPE 3','Platform Technologies ','2-4 M / 1-4 F','CB-34/IT Lab','Students',47,0,NULL,NULL,NULL,NULL,NULL,NULL),(4277,NULL,NULL,NULL,'IT','2nd Semester',2023,2024,'5ITPC2','ITPC 5','Data Privacy and Professional Issues in IT','9-12 Fri','CB-34','Students',48,0,NULL,NULL,NULL,NULL,NULL,NULL),(4278,NULL,NULL,NULL,'IT','2nd Semester',2023,2024,'2ITGE2','ITGE 2','Technopreneurship ','5:30-7 MW','307','Students',50,0,NULL,NULL,NULL,NULL,NULL,NULL),(4279,NULL,NULL,NULL,'IT','2nd Semester',2023,2024,'PE4IT2','PE 4','Team Sports','1-3 Thu','SGS-C','Students',49,0,NULL,NULL,NULL,NULL,NULL,NULL),(4280,NULL,NULL,NULL,'IT','2nd Semester',2023,2024,'MT1IT2','ITE Math 1','Mathematics in the Modern World ','10-11 MWF','207','Students',49,0,NULL,NULL,NULL,NULL,NULL,NULL),(4281,NULL,NULL,NULL,'IT','2nd Semester',2023,2024,'EN2IT2','Engl 2','Introduction to Literature','11-12 MWF','213','Students',50,0,NULL,NULL,NULL,NULL,NULL,NULL),(4282,NULL,NULL,NULL,'IT','2nd Semester',2023,2024,'121ITC2','ITCC 121','Computer Programming 2','7:30-9am MW/1-3 M','IT Lab/CB-32','Students',48,0,NULL,NULL,NULL,NULL,NULL,NULL),(4283,NULL,NULL,NULL,'IT','2nd Semester',2023,2024,'122ITC2','ITCC 122','Information Management','4-7 Tue','CB-34','Students',48,0,NULL,NULL,NULL,NULL,NULL,NULL),(4284,NULL,NULL,NULL,'IT','2nd Semester',2023,2024,'1ITPC2','ITPC 1','Discrete Mathematics','11-12/1-3 Sat','CB-34','Students',39,0,NULL,NULL,NULL,NULL,NULL,NULL),(4285,NULL,NULL,NULL,'IT','2nd Semester',2023,2024,'1ITPE2','ITPE 1','Web Systems Application and Technologies','2-4/4-7 Wed','CB-32/IT Lab','Students',48,0,NULL,NULL,NULL,NULL,NULL,NULL),(4286,NULL,NULL,NULL,'IT','2nd Semester',2023,2024,'NS1IT2','NS 1','Science, Technology and Society','9-10 MWF','306','Students',49,0,NULL,NULL,NULL,NULL,NULL,NULL),(4287,NULL,NULL,NULL,'IT','2nd Semester',2023,2024,'PE2IT2','PATHFIT 2','Exercise-based Fitness Activities','8-10 Thu','SGS-A','Students',48,0,NULL,NULL,NULL,NULL,NULL,NULL),(4288,NULL,NULL,NULL,'EE','2nd Semester',2023,2024,'228KEE3','EEE 228','Fluid Mechanics ','7-9pm Mon','6','Students',38,0,NULL,NULL,NULL,NULL,NULL,NULL),(4289,NULL,NULL,NULL,'BusAdm','2nd Semester',2023,2024,'SMM2','BA 321','Strategic Management','5-6 PM MWF','314','Students',35,0,NULL,NULL,NULL,NULL,NULL,NULL),(4290,NULL,NULL,NULL,'BusAdm','2nd Semester',2023,2024,'PMM2','MM 321','Product Management','1-2:30 PM TTH','307','Students',33,0,NULL,NULL,NULL,NULL,NULL,NULL),(4291,NULL,NULL,NULL,'BusAdm','2nd Semester',2023,2024,'IBTM2','BA 322','International Business and Trade','3-4 PM MWF','315','Students',33,0,NULL,NULL,NULL,NULL,NULL,NULL),(4292,NULL,NULL,NULL,'BusAdm','2nd Semester',2023,2024,'MMM2','MM 322','Marketing Management','2:30-4 TTH','314','Students',32,0,NULL,NULL,NULL,NULL,NULL,NULL),(4293,NULL,NULL,NULL,'BusAdm','2nd Semester',2023,2024,'ECIMM2','MM 323','E-Commerce and Internet Marketing','4-5 PM MWF','303','Students',31,0,NULL,NULL,NULL,NULL,NULL,NULL),(4294,NULL,NULL,NULL,'BusAdm','2nd Semester',2023,2024,'PSM2','MM 324','Pricing Strategy','10-11:30 AM TTH','320','Students',30,0,NULL,NULL,NULL,NULL,NULL,NULL),(4295,NULL,NULL,NULL,'IT','2nd Semester',2023,2024,'MT1IT3','ITE Math 1','Mathematics in the Modern World ','9-10 MWF','R-3','Students',50,0,NULL,NULL,NULL,NULL,NULL,NULL),(4296,NULL,NULL,NULL,'IT','2nd Semester',2023,2024,'EN2IT3','Engl 2','Introduction to Literature','1-2 MWF','R-7','Students',51,0,NULL,NULL,NULL,NULL,NULL,NULL),(4297,NULL,NULL,NULL,'IT','2nd Semester',2023,2024,'121ITC3','ITCC 121','Computer Programming 2','7:30-9am TTh/1-3 Th','IT Lab/CB-31','Students',45,0,NULL,NULL,NULL,NULL,NULL,NULL),(4298,NULL,NULL,NULL,'IT','2nd Semester',2023,2024,'122ITC3','ITCC 122','Information Management','4-7 F','CB-34','Students',44,0,NULL,NULL,NULL,NULL,NULL,NULL),(4299,NULL,NULL,NULL,'IT','2nd Semester',2023,2024,'1ITPE3','ITPE 1','Web Systems Application and Technologies','4-6 M/4-7 T','CB-34/IT Lab','Students',44,0,NULL,NULL,NULL,NULL,NULL,NULL),(4300,NULL,NULL,NULL,'IT','2nd Semester',2023,2024,'NS1IT3','NS 1','Science, Technology and Society','10-11 MWF','R-3','Students',49,0,NULL,NULL,NULL,NULL,NULL,NULL),(4301,NULL,NULL,NULL,'IT','2nd Semester',2023,2024,'PE2IT3','PATHFIT 2','Exercise-based Fitness Activities','10-12 Tue','SGS-B','Students',51,0,NULL,NULL,NULL,NULL,NULL,NULL),(4302,NULL,NULL,NULL,'MarE','2nd Semester',2023,2024,'MAINT5','Maint','Maintenance and Repair','1-3T/1-4F','PF31','Students',48,0,NULL,NULL,NULL,NULL,NULL,NULL),(4303,NULL,NULL,NULL,'MarE','2nd Semester',2023,2024,'M2AUTO5','Auto 2','Marine Automation 2','8-9MWF/1-4MON','27M/ALUMNI A','Students',39,0,NULL,NULL,NULL,NULL,NULL,NULL),(4304,NULL,NULL,NULL,'MarE','2nd Semester',2023,2024,'MENV5','Mar Env','Protection of the Marine Environment','9-11W/11-12TH','14M','Students',40,0,NULL,NULL,NULL,NULL,NULL,NULL),(4305,NULL,NULL,NULL,'MarE','2nd Semester',2023,2024,'M2WK5','EWK 2','Engine Watchkeeping with Resourse Management','9-12MON','27M','Students',46,0,NULL,NULL,NULL,NULL,NULL,NULL),(4306,NULL,NULL,NULL,'MarE','2nd Semester',2023,2024,'M2MGT5','Mgmt 2','Integrated Management System','1-3THU','14M','Students',40,0,NULL,NULL,NULL,NULL,NULL,NULL),(4307,NULL,NULL,NULL,'MarE','2nd Semester',2023,2024,'MNAV5','Nav Trip','Navigational and Field Trips','9-12FRI','ALUMNI A','Students',39,0,NULL,NULL,NULL,NULL,NULL,NULL),(4308,NULL,NULL,NULL,'MarE','2nd Semester',2023,2024,'MLAW5','MarE Law','Maritime Laws','8-12 TUE','ALUMNI C','Students',39,0,NULL,NULL,NULL,NULL,NULL,NULL),(4309,NULL,NULL,NULL,'MarE','2nd Semester',2023,2024,'MRES5','Research','Maritime Research','3-4:30TTH','PF36','Students',41,0,NULL,NULL,NULL,NULL,NULL,NULL),(4310,NULL,NULL,NULL,'MarE','2nd Semester',2023,2024,'SS5ER5','SS 5','The Life and Works of Rizal','7-8AM MWF','R-221','Students',40,0,NULL,NULL,NULL,NULL,NULL,NULL),(4311,NULL,NULL,NULL,'IT','2nd Semester',2023,2024,'121ITC4','ITCC 121','Computer Programming 2','7-8:30pm MW/2-4 T','CB-33/IT Lab','Students',26,0,NULL,NULL,NULL,NULL,NULL,NULL),(4312,NULL,NULL,NULL,'IT','2nd Semester',2023,2024,'122ITC4','ITCC 122','Information Management','1-4 F','CB-34','Students',26,0,NULL,NULL,NULL,NULL,NULL,NULL),(4313,NULL,NULL,NULL,'IT','2nd Semester',2023,2024,'1ITPC3','ITPC 1','Discrete Mathematics','4-7 Sat','CB-33','Students',27,0,NULL,NULL,NULL,NULL,NULL,NULL),(4314,NULL,NULL,NULL,'IT','2nd Semester',2023,2024,'1ITPE4','ITPE 1','Web Systems Application and Technologies','4-7 Th/4-6 F','IT Lab/CB-33','Students',28,0,NULL,NULL,NULL,NULL,NULL,NULL),(4315,NULL,NULL,NULL,'IT','2nd Semester',2023,2024,'5ITPC3','ITPC 5','Data Privacy and Professional Issues in IT','4-5:30 WTh','CB-31','Students',13,0,NULL,NULL,NULL,NULL,NULL,NULL),(4316,NULL,NULL,NULL,'EE','2nd Semester',2023,2024,'421KEE3','EEE 421','Power Systems Analysis ','6:30-8/9-10:30/1-4 Tue/Th/Fri','6/DC Lab','Students',38,0,NULL,NULL,NULL,NULL,NULL,NULL),(4317,NULL,NULL,NULL,'EE','2nd Semester',2023,2024,'422KEE3','EEE 422','Fundamentals of Power Plant Engineering Design','4-6/9-12 Wed/Fri','5','Students',38,0,NULL,NULL,NULL,NULL,NULL,NULL),(4318,NULL,NULL,NULL,'EE','2nd Semester',2023,2024,'423KEE3','EEE 423','Distribution Systems and Substation Design','1-3/1-4 TueWed','9/DC Lab','Students',38,0,NULL,NULL,NULL,NULL,NULL,NULL),(4319,NULL,NULL,NULL,'EE','2nd Semester',2023,2024,'424KEE3','EEE 424','EE Elective 3','6-9/5-8 MW/F','45422','Students',30,0,NULL,NULL,NULL,NULL,NULL,NULL),(4320,NULL,NULL,NULL,'EE','2nd Semester',2023,2024,'426KEE3','EEE 426','Seminars/ Colloquia','9-12 Wed','6','Students',40,0,NULL,NULL,NULL,NULL,NULL,NULL),(4321,NULL,NULL,NULL,'EE','2nd Semester',2023,2024,'427KEE3','EEE 427','Basic Thermodynamics','3-5 Mon','6','Students',40,0,NULL,NULL,NULL,NULL,NULL,NULL),(4322,NULL,NULL,NULL,'EE','2nd Semester',2023,2024,'428KEE3','EEE 428','EE Elective 4','4-6/9-12WF','','Students',1,0,NULL,NULL,NULL,NULL,NULL,NULL),(4323,NULL,NULL,NULL,'EE','2nd Semester',2023,2024,'418KEE1','EEE 418','EE Elective 2','8-10/8-9 TuesWed/Fri','5','Students',51,0,NULL,NULL,NULL,NULL,NULL,NULL),(4324,NULL,NULL,NULL,'MarE','2nd Semester',2023,2024,'M2OBT2','OBT 2','Elective 2','3-5 MT','PF 32','Students',0,0,NULL,NULL,NULL,NULL,NULL,NULL),(4325,NULL,NULL,NULL,'IT','2nd Semester',2023,2024,'1ITPCN3','ITPC Net 1','Network Engineering 1 (Introduction to Networking)','11-12/1-5 Sat','Micro Lab','Students',16,0,NULL,NULL,NULL,NULL,NULL,NULL),(4326,NULL,NULL,NULL,'IT','2nd Semester',2023,2024,'4ITPC3','ITPC 4','Integrative Programming and Technologies 1','4-6 M/4-7 F','CB-33/IT Lab','Students',9,0,NULL,NULL,NULL,NULL,NULL,NULL),(4327,NULL,NULL,NULL,'IT','2nd Semester',2023,2024,'3ITPD3','ITPD 3','Fundamentals of Data Science','10-12 Th/7:30-9am;7-8:30pm F','CB-31/ITLab','Students',10,0,NULL,NULL,NULL,NULL,NULL,NULL),(4328,NULL,NULL,NULL,'EE','2nd Semester',2023,2024,'BOSEE3','BOSH 1','Basic Occupational Safety and Health','9-12 Mon','10','Students',50,0,NULL,NULL,NULL,NULL,NULL,NULL),(4329,NULL,NULL,NULL,'EE','2nd Semester',2023,2024,'ESKEE3','ESE 1','Environmental Science and Engineering','10-12 Thu','9','Students',38,0,NULL,NULL,NULL,NULL,NULL,NULL),(4330,NULL,NULL,NULL,'Grad','2nd Semester',2023,2024,'EEGGP','EE 811','Network Analysis','1:00 - 4:00 PM SAT','','Students',4,0,NULL,NULL,NULL,NULL,NULL,NULL),(4331,NULL,NULL,NULL,'Grad','2nd Semester',2023,2024,'EEDGP','EE 711','ELECTROMAGNETIC FIELDS','4:00 - 7:00 PM SAT','','Students',3,0,NULL,NULL,NULL,NULL,NULL,NULL),(4332,NULL,NULL,NULL,'CE','2nd Semester',2023,2024,'MTE1EC1','Math E1','Calculus 1','3-4 MWF','208','Students',50,0,NULL,NULL,NULL,NULL,NULL,NULL),(4333,NULL,NULL,NULL,'CE','2nd Semester',2023,2024,'MTE1EC2','Math E1','Calculus 1','3-4 MWF','208','Students',50,0,NULL,NULL,NULL,NULL,NULL,NULL),(4334,NULL,NULL,NULL,'CE','2nd Semester',2023,2024,'MTE1EC3','Math E1','Calculus 1','4-5 MWF','102','Students',50,0,NULL,NULL,NULL,NULL,NULL,NULL),(4335,NULL,NULL,NULL,'CE','2nd Semester',2023,2024,'MTE1EC4','Math E1','Calculus 1','11-12 MWF','102','Students',50,0,NULL,NULL,NULL,NULL,NULL,NULL),(4336,NULL,NULL,NULL,'CE','2nd Semester',2023,2024,'MTE1EC5','Math E1','Calculus 1','4:30-6pm TTH','208','Students',50,0,NULL,NULL,NULL,NULL,NULL,NULL),(4337,NULL,NULL,NULL,'CE','2nd Semester',2023,2024,'MTE1EC6','Math E1','Calculus 1','10:30-12 TTH','102','Students',50,0,NULL,NULL,NULL,NULL,NULL,NULL),(4338,NULL,NULL,NULL,'CE','2nd Semester',2023,2024,'KMCDEC1','MechE 1','Statics of Rigid Bodies','1-4 PM FRI','CE 21','Students',54,0,NULL,NULL,NULL,NULL,NULL,NULL),(4339,NULL,NULL,NULL,'ME','2nd Semester',2023,2024,'K3GEM1','ME 312','Heat Transfer','1:30-3 TTH','ME LAB','Students',38,0,NULL,NULL,NULL,NULL,NULL,NULL),(4340,NULL,NULL,NULL,'CE','2nd Semester',2023,2024,'MTE1EC7','Math E1','Calculus 1','6-7 MWF','208','Students',50,0,NULL,NULL,NULL,NULL,NULL,NULL),(4341,NULL,NULL,NULL,'CE','2nd Semester',2023,2024,'MTE1EC8','Math E1','Calculus 1','7-8:30AM TTH','102','Students',51,0,NULL,NULL,NULL,NULL,NULL,NULL),(4342,NULL,NULL,NULL,'Grad','2nd Semester',2023,2024,'MTTGC2','MATH 612','ADVANCED MATHEMATICAL METHODS IN ENGINEERING 2','4:00 - 7:00 PM SAT','','Students',1,0,NULL,NULL,NULL,NULL,NULL,NULL),(4343,NULL,NULL,NULL,'CE','2nd Semester',2023,2024,'KMCDEC2','MechE 1','Statics of Rigid Bodies','4-5:30 WF','CE 21','Students',54,0,NULL,NULL,NULL,NULL,NULL,NULL),(4344,NULL,NULL,NULL,'CE','2nd Semester',2023,2024,'KMCDEC3','MechE 1','Statics of Rigid Bodies','8-9AM MWF','CE 23','Students',53,0,NULL,NULL,NULL,NULL,NULL,NULL),(4345,NULL,NULL,NULL,'CE','2nd Semester',2023,2024,'KMCDEC4','MechE 1','Statics of Rigid Bodies','7-8AM MWF','CE 23','Students',53,0,NULL,NULL,NULL,NULL,NULL,NULL),(4346,NULL,NULL,NULL,'Grad','2nd Semester',2023,2024,'STBGB2','STAT 600','Statistics','5:30 pm - 8:30 pm Tuesday','','Students',50,0,NULL,NULL,NULL,NULL,NULL,NULL),(4347,NULL,NULL,NULL,'SHS','2nd Semester',2023,2024,'SHSBio221A','SHSBio221','General Biology 2','8:00-10:00 AM/TTH','201','Students',30,0,NULL,NULL,NULL,NULL,NULL,NULL),(4348,NULL,NULL,NULL,'SHS','2nd Semester',2023,2024,'SHSChem221A','SHSChem221','General Chemistry 2','10:00-12:00 PM/TTH','201','Students',30,0,NULL,NULL,NULL,NULL,NULL,NULL),(4349,NULL,NULL,NULL,'SHS','2nd Semester',2023,2024,'SHSPhys221A','SHSPhys221','General Physics 2','3:00-5:00 PM/MW','201','Students',30,0,NULL,NULL,NULL,NULL,NULL,NULL),(4350,NULL,NULL,NULL,'SHS','2nd Semester',2023,2024,'SHSRS3A','SHSRS3','Inquiries, Investigation and Immersion','1:00-3:00 PM/MW','201','Students',30,0,NULL,NULL,NULL,NULL,NULL,NULL),(4351,NULL,NULL,NULL,'SHS','2nd Semester',2023,2024,'SHSRS4A','SHSRS4','Work Immersion','1:00-3:00 PM/TTH','201','Students',30,0,NULL,NULL,NULL,NULL,NULL,NULL),(4352,NULL,NULL,NULL,'SHS','2nd Semester',2023,2024,'SHSEntrep1A','SHSEnt1','Enterprenuership','10:00-12:00 NN/MW','201','Students',30,0,NULL,NULL,NULL,NULL,NULL,NULL),(4353,NULL,NULL,NULL,'SHS','2nd Semester',2023,2024,'SHSPEH4A','SHSPEH4','Physical Education and Health','3:00-4:00 PM/TH','201','Students',30,0,NULL,NULL,NULL,NULL,NULL,NULL),(4354,NULL,NULL,NULL,'SHS','2nd Semester',2023,2024,'SHSE3A','SHSEngl3','English for Academic and Professional Purposes','8:00-10:00 AM/TTH','101','Students',32,0,NULL,NULL,NULL,NULL,NULL,NULL),(4355,NULL,NULL,NULL,'SHS','2nd Semester',2023,2024,'SHSE4A','SHSEngl4','21st Century Literature from the Philippines and the World','10:0-12:00 NN/MW','101','Students',32,0,NULL,NULL,NULL,NULL,NULL,NULL),(4356,NULL,NULL,NULL,'SHS','2nd Semester',2023,2024,'SHSF2A','SHSFil2','Pagbasa at Pagsusuri sa Iba\'t Ibang Teksto Tungo sa Pananliksik','1:00-3:00 PM/MW','101','Students',32,0,NULL,NULL,NULL,NULL,NULL,NULL),(4357,NULL,NULL,NULL,'SHS','2nd Semester',2023,2024,'SHSM2A','SHSMath2','Statistics and Probability','1:00-3:00 PM/TTH','101','Students',32,0,NULL,NULL,NULL,NULL,NULL,NULL),(4358,NULL,NULL,NULL,'SHS','2nd Semester',2023,2024,'SHSH1A','SHSHum1','Personal Development / Pansariling Kaunlaran','3:00-5:00 PM/TTH','101','Students',32,0,NULL,NULL,NULL,NULL,NULL,NULL),(4359,NULL,NULL,NULL,'SHS','2nd Semester',2023,2024,'SHSM121A','SHSMath121','Basic Calculus','3:00-5:00 PM/MW','101','Students',32,0,NULL,NULL,NULL,NULL,NULL,NULL),(4360,NULL,NULL,NULL,'SHS','2nd Semester',2023,2024,'SHSC121A','SHSChem121','General Chemistry','10:00-12:00 PM/TTH','101','Students',32,0,NULL,NULL,NULL,NULL,NULL,NULL),(4361,NULL,NULL,NULL,'SHS','2nd Semester',2023,2024,'SHSRS1A','SHSRS1','Research in Daily Life 1','8:00-10:00 AM/MW','101','Students',32,0,NULL,NULL,NULL,NULL,NULL,NULL),(4362,NULL,NULL,NULL,'SHS','2nd Semester',2023,2024,'SHSE3B','SHSEngl3','English for Academic and Professional Purposes','1:00-3:00 PM/MW','102','Students',31,0,NULL,NULL,NULL,NULL,NULL,NULL),(4363,NULL,NULL,NULL,'SHS','2nd Semester',2023,2024,'SHSE4B','SHSEngl4','21st Century Literature from the Philippines and the World','8:00-10:00 AM/MW','102','Students',31,0,NULL,NULL,NULL,NULL,NULL,NULL),(4364,NULL,NULL,NULL,'SHS','2nd Semester',2023,2024,'SHSF2B','SHSFil2','Pagbasa at Pagsusuri sa Iba\'t Ibang Teksto Tungo sa Pananliksik','10:00-12:00 PM/TTH','102','Students',31,0,NULL,NULL,NULL,NULL,NULL,NULL),(4365,NULL,NULL,NULL,'SHS','2nd Semester',2023,2024,'SHSH1B','SHSHum1','Personal Development / Pansariling Kaunlaran','3:00-5:00 PM/MW','102','Students',31,0,NULL,NULL,NULL,NULL,NULL,NULL),(4366,NULL,NULL,NULL,'SHS','2nd Semester',2023,2024,'SHSM121B','SHSMath121','Basic Calculus','10:00-12:00 PM/MW','102','Students',31,0,NULL,NULL,NULL,NULL,NULL,NULL),(4367,NULL,NULL,NULL,'SHS','2nd Semester',2023,2024,'SHSC121B','SHSChem121','General Chemistry','1:00-3:00 PM/TTH','102','Students',31,0,NULL,NULL,NULL,NULL,NULL,NULL),(4368,NULL,NULL,NULL,'SHS','2nd Semester',2023,2024,'SHSM2B','SHSMath2','Statistics and Probability','8:00-10:00 AM/TTH','102','Students',31,0,NULL,NULL,NULL,NULL,NULL,NULL),(4369,NULL,NULL,NULL,'SHS','2nd Semester',2023,2024,'SHSRS1B','SHSRS1','Research in Daily Life 1','3:00-5:00 PM/TTH','102','Students',31,0,NULL,NULL,NULL,NULL,NULL,NULL),(4370,NULL,NULL,NULL,'SHS','2nd Semester',2023,2024,'SHSPEH2B','SHSPEH2','Physical Education and Health','8:00-9:00 AM/F','102','Students',31,0,NULL,NULL,NULL,NULL,NULL,NULL),(4371,NULL,NULL,NULL,'SHS','2nd Semester',2023,2024,'SHSM121C','SHSMath121','Basic Calculus','8:00-10:00 AM/MW','103','Students',33,0,NULL,NULL,NULL,NULL,NULL,NULL),(4372,NULL,NULL,NULL,'SHS','2nd Semester',2023,2024,'SHSH1C','SHSHum1','Personal Development / Pansariling Kaunlaran','10:00-12:00 PM/MW','103','Students',33,0,NULL,NULL,NULL,NULL,NULL,NULL),(4373,NULL,NULL,NULL,'SHS','2nd Semester',2023,2024,'SHSM2C','SHSMath2','Statistics and Probability','1:00-3:00 PM/MW','103','Students',33,0,NULL,NULL,NULL,NULL,NULL,NULL),(4374,NULL,NULL,NULL,'SHS','2nd Semester',2023,2024,'SHSE4C','SHSEngl4','21st Century Literature from the Philippines and the World','3:00-5:00 PM/MW','103','Students',33,0,NULL,NULL,NULL,NULL,NULL,NULL),(4375,NULL,NULL,NULL,'SHS','2nd Semester',2023,2024,'SHSC121C','SHSChem121','General Chemistry','8:00-10:00 AM/TTH','103','Students',33,0,NULL,NULL,NULL,NULL,NULL,NULL),(4376,NULL,NULL,NULL,'SHS','2nd Semester',2023,2024,'SHSRS1C','SHSRS1','Research in Daily Life 1','10:00-12:00 PM/TTH','103','Students',33,0,NULL,NULL,NULL,NULL,NULL,NULL),(4377,NULL,NULL,NULL,'SHS','2nd Semester',2023,2024,'SHSF2C','SHSFil2','Pagbasa at Pagsusuri sa Iba\'t Ibang Teksto Tungo sa Pananliksik','1:00-3:00 PM/TTH','103','Students',33,0,NULL,NULL,NULL,NULL,NULL,NULL),(4378,NULL,NULL,NULL,'SHS','2nd Semester',2023,2024,'SHSE3C','SHSEngl3','English for Academic and Professional Purposes','3:00-5:00 PM/TTH','103','Students',33,0,NULL,NULL,NULL,NULL,NULL,NULL),(4379,NULL,NULL,NULL,'SHS','2nd Semester',2023,2024,'SHSPEH2C','SHSPEH2','Physical Education and Health','11:00-12:00 PM/F','103','Students',33,0,NULL,NULL,NULL,NULL,NULL,NULL),(4380,NULL,NULL,NULL,'SHS','2nd Semester',2023,2024,'SHSPEH2A','SHSPEH2','Physical Education and Health','9:00-10:00 AM/F','101','Students',32,0,NULL,NULL,NULL,NULL,NULL,NULL),(4381,NULL,NULL,NULL,'SHS','2nd Semester',2023,2024,'SHSC121D','SHSChem121','General Chemistry','8:00-10:00 AM/MW','104','Students',27,0,NULL,NULL,NULL,NULL,NULL,NULL),(4382,NULL,NULL,NULL,'SHS','2nd Semester',2023,2024,'SHSM2D','SHSMath2','Statistics and Probability','10:00-12:00 PM/MW','104','Students',29,0,NULL,NULL,NULL,NULL,NULL,NULL),(4383,NULL,NULL,NULL,'SHS','2nd Semester',2023,2024,'SHSF2D','SHSFil2','Pagbasa at Pagsusuri sa Iba\'t Ibang Teksto Tungo sa Pananliksik','1:00-3:00 PM/MW','104','Students',27,0,NULL,NULL,NULL,NULL,NULL,NULL),(4384,NULL,NULL,NULL,'SHS','2nd Semester',2023,2024,'SHSE4D','SHSEngl4','21st Century Literature from the Philippines and the World','3:00-5:00 PM/MW','104','Students',26,0,NULL,NULL,NULL,NULL,NULL,NULL),(4385,NULL,NULL,NULL,'SHS','2nd Semester',2023,2024,'SHSE3D','SHSEngl3','English for Academic and Professional Purposes','8:00-10:00 AM/TTH','104','Students',27,0,NULL,NULL,NULL,NULL,NULL,NULL),(4386,NULL,NULL,NULL,'SHS','2nd Semester',2023,2024,'SHSH1D','SHSHum1','Personal Development / Pansariling Kaunlaran','10:00-12:00 PM/TTH','104','Students',27,0,NULL,NULL,NULL,NULL,NULL,NULL),(4387,NULL,NULL,NULL,'SHS','2nd Semester',2023,2024,'SHSM121D','SHSMath121','Basic Calculus','1:00-3:00 PM/TTH','104','Students',27,0,NULL,NULL,NULL,NULL,NULL,NULL),(4388,NULL,NULL,NULL,'SHS','2nd Semester',2023,2024,'SHSRS1D','SHSRS1','Research in Daily Life 1','3:00-5:00 PM/TTH','104','Students',27,0,NULL,NULL,NULL,NULL,NULL,NULL),(4389,NULL,NULL,NULL,'SHS','2nd Semester',2023,2024,'SHSPEH2D','SHSPEH2','Physical Education and Health','9:00-10:00 AM/F','104','Students',27,0,NULL,NULL,NULL,NULL,NULL,NULL),(4390,NULL,NULL,NULL,'EE','2nd Semester',2023,2024,'315KEE1','EEE 315','Electrical Machines 1','5-60:30/5:30-7PM TTH','','Students',46,0,NULL,NULL,NULL,NULL,NULL,NULL),(4391,NULL,NULL,NULL,'ME','2nd Semester',2023,2024,'KTHAEM1','ME 211 ','Thermodynamics 1','1:00-3:30TTH','RM 4','Students',29,0,NULL,NULL,NULL,NULL,NULL,NULL),(4392,NULL,NULL,NULL,'SHS','2nd Semester',2023,2024,'SHSH1J','SHSHum1','Personal Development / Pansariling Kaunlaran','8:00-10:00 AM/MW','105','Students',27,0,NULL,NULL,NULL,NULL,NULL,NULL),(4393,NULL,NULL,NULL,'SHS','2nd Semester',2023,2024,'SHSF2J','SHSFil2','Pagbasa at Pagsusuri sa Iba\'t Ibang Teksto Tungo sa Pananliksik','10:00-12:00 PM/MW','105','Students',27,0,NULL,NULL,NULL,NULL,NULL,NULL),(4394,NULL,NULL,NULL,'SHS','2nd Semester',2023,2024,'SHSC121J','SHSChem121','General Chemistry','1:00-3:00 PM/ MW','105','Students',27,0,NULL,NULL,NULL,NULL,NULL,NULL),(4395,NULL,NULL,NULL,'SHS','2nd Semester',2023,2024,'SHSE3J','SHSEngl3','English for Academic and Professional Purposes','3:00-5:00 PM/MW','105','Students',27,0,NULL,NULL,NULL,NULL,NULL,NULL),(4396,NULL,NULL,NULL,'SHS','2nd Semester',2023,2024,'SHSE4J','SHSEngl4','21st Century Literature from the Philippines and the World','8:00-10:00 AM/TTH','105','Students',27,0,NULL,NULL,NULL,NULL,NULL,NULL),(4397,NULL,NULL,NULL,'SHS','2nd Semester',2023,2024,'SHSM2J','SHSMath2','Statistics and Probability','10:00-12:00 PM/TTH','105','Students',27,0,NULL,NULL,NULL,NULL,NULL,NULL),(4398,NULL,NULL,NULL,'SHS','2nd Semester',2023,2024,'SHSRS1J','SHSRS1','Research in Daily Life 1','1:00-3:00 PM/ TTH','105','Students',27,0,NULL,NULL,NULL,NULL,NULL,NULL),(4399,NULL,NULL,NULL,'SHS','2nd Semester',2023,2024,'SHSM121J','SHSMath121','Basic Calculus','3:00-5:00 PM/TTH','105','Students',27,0,NULL,NULL,NULL,NULL,NULL,NULL),(4400,NULL,NULL,NULL,'SHS','2nd Semester',2023,2024,'SHSPEH2J','SHSPEH2','Physical Education and Health','10:00-11:00 AM/F','105','Students',27,0,NULL,NULL,NULL,NULL,NULL,NULL),(4401,NULL,NULL,NULL,'SHS','2nd Semester',2023,2024,'SHSM2L','SHSMath2','Statistics and Probability','8:00-10:00 AM/MW','106','Students',19,0,NULL,NULL,NULL,NULL,NULL,NULL),(4402,NULL,NULL,NULL,'SHS','2nd Semester',2023,2024,'SHSH1L','SHSHum1','Personal Development/Pansariling Kaunlaran','10:00-12:00 PM/ MW','106','Students',20,0,NULL,NULL,NULL,NULL,NULL,NULL),(4403,NULL,NULL,NULL,'SHS','2nd Semester',2023,2024,'SHSBMATH121L1','SHSBMath121','Business Math','1:00-3:00 PM/MW','106','Students',15,0,NULL,NULL,NULL,NULL,NULL,NULL),(4404,NULL,NULL,NULL,'SHS','2nd Semester',2023,2024,'SHSABM1L1','SHSABM121','Fundamentals of Accounting, Business and Management 1','3:00-5:00 PM/MW','106','Students',15,0,NULL,NULL,NULL,NULL,NULL,NULL),(4405,NULL,NULL,NULL,'SHS','2nd Semester',2023,2024,'SHSRS1L','SHSRS1','Research in Daily Life1','8:00-10:00 AM/TTH','106','Students',7,0,NULL,NULL,NULL,NULL,NULL,NULL),(4406,NULL,NULL,NULL,'SHS','2nd Semester',2023,2024,'SHSE4L','SHSEngl4','21st Century Literature from the Philippines and the World','10:00-12:00 PM/ TTH','106','Students',33,0,NULL,NULL,NULL,NULL,NULL,NULL),(4407,NULL,NULL,NULL,'SHS','2nd Semester',2023,2024,'SHSF2L','SHSFil2','Pagbasa at Pagsusuri sa Iba\'t Ibang Teksto Tungo sa Pananliksik','1:00-3:00 PM/ TTH','106','Students',19,0,NULL,NULL,NULL,NULL,NULL,NULL),(4408,NULL,NULL,NULL,'SHS','2nd Semester',2023,2024,'SHSE3L','SHSEngl3','English for Academic and Professional Purposes','3:00-5:00 PM/ MW','106','Students',20,0,NULL,NULL,NULL,NULL,NULL,NULL),(4409,NULL,NULL,NULL,'SHS','2nd Semester',2023,2024,'SHSSS121L2','SHSSS121','Disciplines and Ideas in the Socila Sciences','1:00-3:00 PM/ MW','107','Students',20,0,NULL,NULL,NULL,NULL,NULL,NULL),(4410,NULL,NULL,NULL,'SHS','2nd Semester',2023,2024,'SHSNS3L2','SHSNS3','Physical Science','3:00-5:00 PM/ MW','107','Students',18,0,NULL,NULL,NULL,NULL,NULL,NULL),(4411,NULL,NULL,NULL,'SHS','2nd Semester',2023,2024,'SHSH1P1','SHSHum1','Personal Development / Panasariling Kaunlaran','8:00-10:00 AM/ MW','206','Students',21,0,NULL,NULL,NULL,NULL,NULL,NULL),(4412,NULL,NULL,NULL,'SHS','2nd Semester',2023,2024,'SHSRS1P1','SHSRS1','Research in Daily Life 1','10:00-12:00 PM/ MW','206','Students',21,0,NULL,NULL,NULL,NULL,NULL,NULL),(4413,NULL,NULL,NULL,'SHS','2nd Semester',2023,2024,'SHSF2P1','SHSFil2','Pagbasa at Pagsusuri sa Iba\'t Ibang Teksto Tungo sa Pananaliksik','3:00-5:00 PM/ MW','206','Students',21,0,NULL,NULL,NULL,NULL,NULL,NULL),(4414,NULL,NULL,NULL,'SHS','2nd Semester',2023,2024,'SHSTVL2P1','SHSTVL2','TVL Specialization (160 hrs) - Food and Beverages','8:00-12:00 PM/ TTH','206','Students',11,0,NULL,NULL,NULL,NULL,NULL,NULL),(4415,NULL,NULL,NULL,'SHS','2nd Semester',2023,2024,'SHSE3P1','SHSEngl3','Reading and Writing Skills','1:00-3:00 PM/TTH','206','Students',21,0,NULL,NULL,NULL,NULL,NULL,NULL),(4416,NULL,NULL,NULL,'SHS','2nd Semester',2023,2024,'SHSM2P1','SHSMath2','Statistics and Probability','3:00-5:00 PM/ TTH','206','Students',21,0,NULL,NULL,NULL,NULL,NULL,NULL),(4417,NULL,NULL,NULL,'SHS','2nd Semester',2023,2024,'SHSPEH2P1','SHSPEH2','Physical Education and Health','10:00-11:00 AM/ F','206','Students',21,0,NULL,NULL,NULL,NULL,NULL,NULL),(4418,NULL,NULL,NULL,'SHS','2nd Semester',2023,2024,'SHSE4P2','SHSEng4','21st Century Literature from the Philippines and the World','1:00-3:00 PM/ MW','206','Students',20,0,NULL,NULL,NULL,NULL,NULL,NULL),(4419,NULL,NULL,NULL,'SHS','2nd Semester',2023,2024,'SHSTVL2P2','SHSTVL2 ','TVL Specialization (160 hrs) - Programming','8:00-12:00 PM/ TTH','207','Students',10,0,NULL,NULL,NULL,NULL,NULL,NULL),(4420,NULL,NULL,NULL,'SHS','2nd Semester',2023,2024,'SHSRS4B','SHSRS4','Work Immersion','8:00-10:00 AM/MW','202','Students',31,0,NULL,NULL,NULL,NULL,NULL,NULL),(4421,NULL,NULL,NULL,'SHS','2nd Semester',2023,2024,'SHSChem221B','SHSChem221','General Chemistry 2','1:00-3:00 PM/ MW','202','Students',31,0,NULL,NULL,NULL,NULL,NULL,NULL),(4422,NULL,NULL,NULL,'SHS','2nd Semester',2023,2024,'SHSBio221B','SHSBio221','General Biology 2','3:00-5:00 PM/ MW','202','Students',31,0,NULL,NULL,NULL,NULL,NULL,NULL),(4423,NULL,NULL,NULL,'SHS','2nd Semester',2023,2024,'SHSPhys221B','SHSPhys221','General Physics 2','8:00-10:00 AM/TTH','202','Students',31,0,NULL,NULL,NULL,NULL,NULL,NULL),(4424,NULL,NULL,NULL,'SHS','2nd Semester',2023,2024,'SHSEnt1B','SHSEnt1','Enterprenuership','10:00-12:00 PM/TTH','202','Students',31,0,NULL,NULL,NULL,NULL,NULL,NULL),(4425,NULL,NULL,NULL,'SHS','2nd Semester',2023,2024,'SHSRS3B','SHSRS3','Inquiries, Investigation and Immersion','1:00-3:00 PM/TTH','202','Students',31,0,NULL,NULL,NULL,NULL,NULL,NULL),(4426,NULL,NULL,NULL,'SHS','2nd Semester',2023,2024,'SHSPEH4B','SHSPEH4','Physical Education and Health','10:00-11:00 AM/ W','202','Students',31,0,NULL,NULL,NULL,NULL,NULL,NULL),(4427,NULL,NULL,NULL,'SHS','2nd Semester',2023,2024,'SHSPhys221C','SHSPhys221','General Physics 2','8:00-10:00 AM/ MW','301','Students',16,0,NULL,NULL,NULL,NULL,NULL,NULL),(4428,NULL,NULL,NULL,'SHS','2nd Semester',2023,2024,'SHSRS3C','SHSRS3','Inquiries, Investigation and Immersion','10:00-12:00 PM/MW','301','Students',16,0,NULL,NULL,NULL,NULL,NULL,NULL),(4429,NULL,NULL,NULL,'SHS','2nd Semester',2023,2024,'SHSRS4C','SHSRS4','Work Immersion','1:00-3:00 PM/MW','301','Students',16,0,NULL,NULL,NULL,NULL,NULL,NULL),(4430,NULL,NULL,NULL,'SHS','2nd Semester',2023,2024,'SHSEnt1C','SHSEnt1','Enterprenuership','8:00-10:00 AM/TTH','301','Students',16,0,NULL,NULL,NULL,NULL,NULL,NULL),(4431,NULL,NULL,NULL,'SHS','2nd Semester',2023,2024,'SHSBio221C','SHSBio221','General Biology 2','1:00-3:00 PM/TTH','301','Students',16,0,NULL,NULL,NULL,NULL,NULL,NULL),(4432,NULL,NULL,NULL,'SHS','2nd Semester',2023,2024,'SHSChem221C','SHSChem221','General Chemistry 2','3:00-5:00 PM/TTH','301','Students',16,0,NULL,NULL,NULL,NULL,NULL,NULL),(4433,NULL,NULL,NULL,'SHS','2nd Semester',2023,2024,'SHSPEH4C','SHSPEH4','Physical Education and Health','3:00-4:00 PM/ W','301','Students',16,0,NULL,NULL,NULL,NULL,NULL,NULL),(4434,NULL,NULL,NULL,'SHS','2nd Semester',2023,2024,'SHSPEH2L','SHSPEH2','Physical Education and Health','11:00-12:00 PM/ F','106','Students',18,0,NULL,NULL,NULL,NULL,NULL,NULL),(4435,NULL,NULL,NULL,'SHS','2nd Semester',2023,2024,'SHSBio221G','SHSBio221','General Biology 2','8:00-10:00 AM/MW','302','Students',25,0,NULL,NULL,NULL,NULL,NULL,NULL),(4436,NULL,NULL,NULL,'SHS','2nd Semester',2023,2024,'SHSChem221G','SHSChem221','General Chemistry 2','10:00-12:00 PM/MW','302','Students',25,0,NULL,NULL,NULL,NULL,NULL,NULL),(4437,NULL,NULL,NULL,'SHS','2nd Semester',2023,2024,'SHSEnt1G','SHSEnt1','Enterprenuership','3:00-5:00 PM/MW','302','Students',25,0,NULL,NULL,NULL,NULL,NULL,NULL),(4438,NULL,NULL,NULL,'SHS','2nd Semester',2023,2024,'SHSPhys221G','SHSPhys221','General Physics 2','10:00-12:00 PM/TTH','302','Students',25,0,NULL,NULL,NULL,NULL,NULL,NULL),(4439,NULL,NULL,NULL,'SHS','2nd Semester',2023,2024,'SHSRS3G','SHSRS3','Inquiries, Investigation and Immersion','1:00-3:00 PM/TTH','302','Students',25,0,NULL,NULL,NULL,NULL,NULL,NULL),(4440,NULL,NULL,NULL,'SHS','2nd Semester',2023,2024,'SHSRS4G','SHSRS4','Work Immersion','3:00-5:00 PM/TTH','302','Students',25,0,NULL,NULL,NULL,NULL,NULL,NULL),(4441,NULL,NULL,NULL,'SHS','2nd Semester',2023,2024,'SHSPEH4G','SHSPEH4','Physical Education and Health','8:00-9:00 AM/TH','302','Students',25,0,NULL,NULL,NULL,NULL,NULL,NULL),(4442,NULL,NULL,NULL,'SHS','2nd Semester',2023,2024,'SHSEconH','SHSEcon','Applied Economics','10:00-12:00 PM/ MW','303','Students',20,0,NULL,NULL,NULL,NULL,NULL,NULL),(4443,NULL,NULL,NULL,'SHS','2nd Semester',2023,2024,'SHSABM221H','SHSABM221','Business Ethics and Social Responsibility','1:00-3:00 PM/ MW','303','Students',19,0,NULL,NULL,NULL,NULL,NULL,NULL),(4444,NULL,NULL,NULL,'SHS','2nd Semester',2023,2024,'SHSRS3H','SHSRS3','Inquiries, Investigations and Immersion','3:00-5:00 PM/ MW','303','Students',28,0,NULL,NULL,NULL,NULL,NULL,NULL),(4445,NULL,NULL,NULL,'SHS','2nd Semester',2023,2024,'SHSC2H1','SHSComp2','Media and Information Literacy','8:00-10:00 AM/ TTH','303','Students',19,0,NULL,NULL,NULL,NULL,NULL,NULL),(4446,NULL,NULL,NULL,'SHS','2nd Semester',2023,2024,'SHSEnt1H','SHSEnt1','Enterpreneurship','10:00-12:00 PM/ TTH','303','Students',29,0,NULL,NULL,NULL,NULL,NULL,NULL),(4447,NULL,NULL,NULL,'SHS','2nd Semester',2023,2024,'SHSABM223H1','SHSABM223','Work Immersion','3:00-5:00 PM/ TTH','303','Students',19,0,NULL,NULL,NULL,NULL,NULL,NULL),(4448,NULL,NULL,NULL,'SHS','2nd Semester',2023,2024,'SHSPEH4H','SHSPEH4','Physical Education and Health','2:00-3:00 PM/ T','303','Students',29,0,NULL,NULL,NULL,NULL,NULL,NULL),(4449,NULL,NULL,NULL,'SHS','2nd Semester',2023,2024,'SHSH221H2','SHSHum211','Creative Nonfiction: The Literacy Essay','10:00-12:00 PM/MW','304','Students',10,0,NULL,NULL,NULL,NULL,NULL,NULL),(4450,NULL,NULL,NULL,'SHS','2nd Semester',2023,2024,'SHSSS222H2','SHSSS222','Community Engagement, Solidarity and Citizenship','1:00-3:00 PM/ MW','304','Students',9,0,NULL,NULL,NULL,NULL,NULL,NULL),(4451,NULL,NULL,NULL,'SHS','2nd Semester',2023,2024,'SHSRS3H2','SHSRS3','Research Report','3:00-5:00 PM/ MW','304','Students',1,0,NULL,NULL,NULL,NULL,NULL,NULL),(4452,NULL,NULL,NULL,'SHS','2nd Semester',2023,2024,'SHSEnt1K','SHSEnt1','Entrepreneurship','8:00-10:00 AM/MW','305','Students',15,0,NULL,NULL,NULL,NULL,NULL,NULL),(4453,NULL,NULL,NULL,'SHS','2nd Semester',2023,2024,'SHSRS4K','SHSCA221','Industry Immersion','1:00-3:00 Pm/ MW','305','Students',15,0,NULL,NULL,NULL,NULL,NULL,NULL),(4454,NULL,NULL,NULL,'SHS','2nd Semester',2023,2024,'SHSRS3K','SHSRS3','Inquirues, Investigations and Immersion','8:00-10:00 AM/TTH','305','Students',15,0,NULL,NULL,NULL,NULL,NULL,NULL),(4455,NULL,NULL,NULL,'SHS','2nd Semester',2023,2024,'SHSTVL4K1','SHSTVL4','TVL Speciaization (160 hrs) - Cooking','1:00-5:00 PM/ TTH','305','Students',4,0,NULL,NULL,NULL,NULL,NULL,NULL),(4456,NULL,NULL,NULL,'SHS','2nd Semester',2023,2024,'SHSPEH4K','SHSPEH4','Physical Education and Health','4:00-5:00 PM/ M','305','Students',15,0,NULL,NULL,NULL,NULL,NULL,NULL),(4457,NULL,NULL,NULL,'SHS','2nd Semester',2023,2024,'SHSTVL4K2','SHSTVL4','TVL Specialization (160 hrs) - Animation','10:00-12:00 PM/TTH; 8:00-12:00 PM/ F','306','Students',11,0,NULL,NULL,NULL,NULL,NULL,NULL),(4458,NULL,NULL,NULL,'SHS','2nd Semester',2023,2024,'SHSH222H2','SHSHum222','Trends, Networks and Critical Thinking in the 21st Century Culture','8:00-10:00 AM/TTH','304','Students',10,0,NULL,NULL,NULL,NULL,NULL,NULL),(4459,NULL,NULL,NULL,'SHS','2nd Semester',2023,2024,'SHSCA221H2','SHSCA221','Work Immersion','3:00-5:00 PM/ TTH','304','Students',10,0,NULL,NULL,NULL,NULL,NULL,NULL),(4460,NULL,NULL,NULL,'Grad','2nd Semester',2023,2024,'EDIGC2','EDUC 622','Instructional Development Systems with Computer Applications','5:00 - 8:00 PM FRIDAY','','Students',44,0,NULL,NULL,NULL,NULL,NULL,NULL),(4461,NULL,NULL,NULL,'EE','2nd Semester',2023,2024,'212KEE1','EEE 212','Electrical Circuits 1','9-10:30 Tue/4:30-6 Wed /7-12 Thu','','Students',46,0,NULL,NULL,NULL,NULL,NULL,NULL),(4462,NULL,NULL,NULL,'CompE','2nd Semester',2023,2024,'212EP1','CpE 212','Fundamentals of Electrical Circuits','6-9 M T TH','CB-21','Students',27,0,NULL,NULL,NULL,NULL,NULL,NULL),(4464,NULL,NULL,NULL,'CE','2nd Semester',2023,2024,'K3IEC1','CE 326','Principles of Reinforced/Prestressed Concrete','9-12 TTH','CB 24','Students',49,0,NULL,NULL,NULL,NULL,NULL,NULL),(4465,NULL,NULL,NULL,'CE','2nd Semester',2023,2024,'K3IEC1','CE 326','Principles of Reinforced/Prestressed Concrete','1-4 MW','CB 24','Students',50,0,NULL,NULL,NULL,NULL,NULL,NULL),(4466,NULL,NULL,NULL,'CE','2nd Semester',2023,2024,'KCADEC2','CadE 2','Technopreneurship','7-9 TTH SAT','CB 12','Students',50,0,NULL,NULL,NULL,NULL,NULL,NULL),(4467,NULL,NULL,NULL,'CE','2nd Semester',2023,2024,'K3KEC4','CE 328','Hydraulics','8:30-12TTH','CE 1-B','Students',50,0,NULL,NULL,NULL,NULL,NULL,NULL),(4468,NULL,NULL,NULL,'CE','2nd Semester',2023,2024,'K3KEC5','CE 328','Hydraulics','10-12MW/9-12FRI','CE 1-B','Students',50,0,NULL,NULL,NULL,NULL,NULL,NULL),(4469,NULL,NULL,NULL,'CE','2nd Semester',2023,2024,'K3KEC3','CE 328','Hydraulics','1-4:30 TTH','CE 1-B','Students',49,0,NULL,NULL,NULL,NULL,NULL,NULL),(4470,NULL,NULL,NULL,'CE','2nd Semester',2023,2024,'K4VEC1','CE 442','Quantity Surveying','6-8:30PM MW','CE 26','Students',43,0,NULL,NULL,NULL,NULL,NULL,NULL),(4471,NULL,NULL,NULL,'CE','2nd Semester',2023,2024,'K4VEC5','CE 442','Quantity Surveying','7-12 SAT','CE 26','Students',33,0,NULL,NULL,NULL,NULL,NULL,NULL),(4472,NULL,NULL,NULL,'CE','2nd Semester',2023,2024,'KMCEEC5','Mech E2','Dynamics for Rigid Bodies','3:30-5:30 MON','CE 21','Students',36,0,NULL,NULL,NULL,NULL,NULL,NULL),(4473,NULL,NULL,NULL,'CE','2nd Semester',2023,2024,'K4YEC5','CE 445','Professional Course-Specialized 5 ','1-4 TUE','CE 26','Students',27,0,NULL,NULL,NULL,NULL,NULL,NULL),(4474,NULL,NULL,NULL,'CE','2nd Semester',2023,2024,'K4YEC2','CE 445','Professional Course-Specialized 5 ','11-12 MWF','CE 26','Students',28,0,NULL,NULL,NULL,NULL,NULL,NULL),(4475,NULL,NULL,NULL,'CE','2nd Semester',2023,2024,'K3KEC10','CE 328','Hydraulics','5:30-7:30PM MW/6-9PM FRI','R.4 ME BLDG','Students',48,0,NULL,NULL,NULL,NULL,NULL,NULL),(4476,NULL,NULL,NULL,'CE','2nd Semester',2023,2024,'KTECHEC12','Techno 1','Technopreneurship','7:30-9:30AM SAT','CB 31','Students',32,0,NULL,NULL,NULL,NULL,NULL,NULL),(4477,'9RetTP',NULL,'L-005','CompE','2nd Semester',2023,2024,NULL,NULL,NULL,NULL,NULL,'Head',NULL,1,11,1.97,NULL,'2024-04-21',NULL,2),(4478,'f7CmU3',NULL,'C-001','EE','2nd Semester',2023,2024,NULL,NULL,NULL,NULL,NULL,'Head',NULL,NULL,11,NULL,NULL,NULL,NULL,1);
/*!40000 ALTER TABLE `evaluations` ENABLE KEYS */;
UNLOCK TABLES;

--
-- Table structure for table `questiongroups`
--

DROP TABLE IF EXISTS `questiongroups`;
/*!40101 SET @saved_cs_client     = @@character_set_client */;
/*!50503 SET character_set_client = utf8mb4 */;
CREATE TABLE `questiongroups` (
  `QGID` int NOT NULL AUTO_INCREMENT,
  `QGName` varchar(255) CHARACTER SET utf8mb4 COLLATE utf8mb4_unicode_ci NOT NULL,
  `QGDescription` varchar(255) CHARACTER SET utf8mb4 COLLATE utf8mb4_unicode_ci DEFAULT NULL,
  `QGVersion` varchar(50) CHARACTER SET utf8mb4 COLLATE utf8mb4_unicode_ci NOT NULL,
  `EffectiveDate` date NOT NULL,
  `created_at` date DEFAULT NULL,
  `updated_at` date DEFAULT NULL,
  `deleted_at` date DEFAULT NULL,
  PRIMARY KEY (`QGID`)
) ENGINE=InnoDB AUTO_INCREMENT=13 DEFAULT CHARSET=utf8mb4 COLLATE=utf8mb4_unicode_ci;
/*!40101 SET character_set_client = @saved_cs_client */;

--
-- Dumping data for table `questiongroups`
--

LOCK TABLES `questiongroups` WRITE;
/*!40000 ALTER TABLE `questiongroups` DISABLE KEYS */;
INSERT INTO `questiongroups` VALUES (10,'Evaluation for Student','This Group of Question is for the Students','1.0','2024-01-10','2024-01-19',NULL,NULL),(11,'Evaluation for Head','This Group of Question is for the Department Heads','1.0','2024-01-30','2024-01-19',NULL,NULL);
/*!40000 ALTER TABLE `questiongroups` ENABLE KEYS */;
UNLOCK TABLES;

--
-- Table structure for table `questions`
--

DROP TABLE IF EXISTS `questions`;
/*!40101 SET @saved_cs_client     = @@character_set_client */;
/*!50503 SET character_set_client = utf8mb4 */;
CREATE TABLE `questions` (
  `QID` int NOT NULL AUTO_INCREMENT,
  `QGID` int NOT NULL,
  `Question` text CHARACTER SET utf8mb4 COLLATE utf8mb4_unicode_ci NOT NULL,
  `SortOrder` int NOT NULL,
  `IsNumericalAnswer` tinyint DEFAULT NULL,
  `HRate` int NOT NULL,
  `LRate` int NOT NULL,
  `created_at` date DEFAULT NULL,
  `updated_at` date DEFAULT NULL,
  `deleted_at` date DEFAULT NULL,
  PRIMARY KEY (`QID`),
  KEY `FK_Questions_QuestionGroups` (`QGID`),
  CONSTRAINT `FK_Questions_QuestionGroups` FOREIGN KEY (`QGID`) REFERENCES `questiongroups` (`QGID`)
) ENGINE=InnoDB AUTO_INCREMENT=80 DEFAULT CHARSET=utf8mb4 COLLATE=utf8mb4_unicode_ci;
/*!40101 SET character_set_client = @saved_cs_client */;

--
-- Dumping data for table `questions`
--

LOCK TABLES `questions` WRITE;
/*!40000 ALTER TABLE `questions` DISABLE KEYS */;
INSERT INTO `questions` VALUES (26,10,'Informs the students what topics to take-up during the semester based on the course outline, syllabus or  Instructional Guide of the subject.',1,1,1,5,'2024-01-19','2024-03-22',NULL),(27,10,'Follows strictly the subject matter in the course outline, syllabus or Instructional Guide and stays within these  topics.',2,1,1,5,'2024-01-19',NULL,NULL),(28,10,' Explains the lesson very clearly. (Using examples related to everyday life, which you can actually see or  experience.)',3,1,1,5,'2024-01-19',NULL,NULL),(29,10,'Encourages student participation (such as assignments, seatwork, recitation, asking question, and others).',4,1,1,5,'2024-01-19',NULL,NULL),(30,10,'Attends and holds class the entire period -- both online and onsite. (Does not sleep, rest, read nor read  materials not related to the subject. Does not work on class records during the class. Does not entertain  visitors, calls or text messages.)',5,1,1,5,'2024-01-19',NULL,NULL),(31,10,'Begins class on time based on the school’s standard time. (There is a 5-minute allowance to transfer from  one room to the other for onsite.)',6,1,1,5,'2024-01-19',NULL,NULL),(32,10,' Ends class on time.',7,1,1,5,'2024-01-19',NULL,NULL),(33,10,' Is effective in the use of the language of instruction (or Filipino as required by the subject).',8,1,1,5,'2024-01-19',NULL,NULL),(34,10,'Corrects/shows/returns test papers, assignments, seatwork, term papers, reports, plates, experiments,  projects, etc.',9,1,1,5,'2024-01-19',NULL,NULL),(35,10,'Is fair in grading student performance. (No favoritism.)',10,1,1,5,'2024-01-19',NULL,NULL),(36,10,'Maintains discipline in the classroom -- both online and onsite. (No insulting, vulgar language, or  shouting. Does not easily get angry. Encourages cleanliness like picking up of papers scattered on the  floor. No spitting. No smoking. The class is well behaved.)',11,1,1,5,'2024-01-19',NULL,NULL),(37,10,'Entertains problems of students related to the subject inside or outside class hours within the school  premises.',12,1,1,5,'2024-01-19',NULL,NULL),(38,10,'Strictly prevents cheating.',13,1,1,5,'2024-01-19',NULL,NULL),(39,10,'Enforces and practices school policies properly and strictly like wearing of school ID and proper attire. (This  also includes examination periods.)',14,1,1,5,'2024-01-19',NULL,NULL),(40,10,'Avoids soliciting donations or loans in cash or in kind for personal use.',15,1,1,5,'2024-01-19',NULL,NULL),(41,10,'Avoids selling handouts, notes, pad paper, bond paper, folders or other items to the students or through  stores outside the School Canteen. (Photocopy of quiz questionnaire should be at cost, not more than ₱4 per  one (1) whole page. In another piece of paper specify items being sold.)',16,1,1,5,'2024-01-19',NULL,NULL),(42,10,' What are the strong points of your teacher?',17,0,0,0,'2024-01-19',NULL,NULL),(43,10,'How may your teacher’s method be improved?',18,0,0,0,'2024-01-19',NULL,NULL),(44,10,'Other comments',19,0,0,0,'2024-01-19',NULL,NULL),(48,11,'Class Records/Gradesheets (Including Midterm)',1,1,1,5,'2024-03-03',NULL,NULL),(49,11,'Other Reports ',2,1,1,5,'2024-03-03',NULL,NULL),(50,11,'Content(First Submission)',3,1,1,5,'2024-03-03',NULL,NULL),(51,11,'Quizzes',4,1,1,5,'2024-03-03',NULL,NULL),(52,11,'Attendance in Meetings and/ School Functions',5,1,1,5,'2024-03-03',NULL,NULL),(53,11,'The Teacher  is innovative and up-to-date In his/her teaching methodology',6,1,1,5,'2024-03-03',NULL,NULL),(54,11,'Uses instrunctional materials other than books, chalk, board, and handouts',7,1,1,5,'2024-03-03',NULL,NULL),(55,11,'Resorts to remedial measures such as holding extra classess if necessary',8,1,1,5,'2024-03-03',NULL,NULL),(56,11,'Shares extra time and effort to entertain his/her students\'s problems related to the subject.',9,1,1,5,'2024-03-03',NULL,NULL),(57,11,'Holds classes even with few students',10,1,1,5,'2024-03-03',NULL,NULL),(58,11,' Accepts and Performs regular duties satisfactorily',11,1,1,5,'2024-03-03',NULL,NULL),(59,11,'Does willingly extra work assigned to him/her',12,1,1,5,'2024-03-03',NULL,NULL),(60,11,'Accepts and perform regular duties satisfactorily',13,1,1,5,'2024-03-03',NULL,NULL),(61,11,'Controls and maintains order in the class',14,1,1,5,'2024-03-03',NULL,NULL),(62,11,'Corrects misconduct in a diplomatic way without Insulting the student concerned',15,1,1,5,'2024-03-03',NULL,NULL),(63,11,'Strictly enforces examination procedures and maintains safeguards againts cheating',16,1,1,5,'2024-03-03',NULL,NULL),(64,11,'Enforces and practicces properly and strictly school policies like wearing of Id and proper attire',17,1,1,5,'2024-03-03',NULL,NULL),(65,11,'Checks class attendance',18,1,1,5,'2024-03-03',NULL,NULL),(66,11,'Goes to class neat and in proper attire',19,1,1,5,'2024-03-03',NULL,NULL),(67,11,'Accepts constructive criticism',20,1,1,5,'2024-03-03',NULL,NULL),(68,11,'Refrains from rumor-mongering and character assasination',21,1,1,5,'2024-03-03',NULL,NULL),(69,11,'Controls his/her temper',22,1,1,5,'2024-03-03',NULL,NULL),(70,11,'Possesses manners so refined that obscene words and vulgar language are not in his/her vocabulary',23,1,1,5,'2024-03-03',NULL,NULL),(71,11,'Holds classess free from alchoholic beverages or prohibited drugs',24,1,1,5,'2024-03-03',NULL,NULL),(72,11,'Abides the Polices and Regulation of the College in particular and the School in general',25,1,1,5,'2024-03-03',NULL,NULL),(73,11,'Refrains from fraternizing with students',26,1,1,5,'2024-03-03',NULL,NULL),(74,11,'Deals with students fairly',27,1,1,5,'2024-03-03',NULL,NULL),(75,11,'Relates harmouniously with his/her fellow instructors',28,1,1,5,'2024-03-03',NULL,NULL),(76,11,'Observes ethics in dealing with his/her fellow instuctors and students',29,1,1,5,'2024-03-03',NULL,NULL),(77,11,'Shows Respect for superiros and school offcials.',30,1,1,5,'2024-03-03',NULL,NULL);
/*!40000 ALTER TABLE `questions` ENABLE KEYS */;
UNLOCK TABLES;

--
-- Table structure for table `studenttoken`
--

DROP TABLE IF EXISTS `studenttoken`;
/*!40101 SET @saved_cs_client     = @@character_set_client */;
/*!50503 SET character_set_client = utf8mb4 */;
CREATE TABLE `studenttoken` (
  `StudentTokenID` int NOT NULL AUTO_INCREMENT,
  `Token` varchar(4) DEFAULT NULL,
  `isTokenUsed` bit(1) DEFAULT NULL,
  `created_at` date DEFAULT NULL,
  `updated_at` date DEFAULT NULL,
  `deleted_at` date DEFAULT NULL,
  PRIMARY KEY (`StudentTokenID`)
) ENGINE=InnoDB AUTO_INCREMENT=201 DEFAULT CHARSET=utf8mb4 COLLATE=utf8mb4_0900_ai_ci;
/*!40101 SET character_set_client = @saved_cs_client */;

--
-- Dumping data for table `studenttoken`
--

LOCK TABLES `studenttoken` WRITE;
/*!40000 ALTER TABLE `studenttoken` DISABLE KEYS */;
INSERT INTO `studenttoken` VALUES (1,'Uw3Z',_binary '\0','2024-04-21',NULL,NULL),(2,'zgr8',_binary '\0','2024-04-21',NULL,NULL),(3,'wfpp',_binary '\0','2024-04-21',NULL,NULL),(4,'CaxC',_binary '\0','2024-04-21',NULL,NULL),(5,'RZyr',_binary '\0','2024-04-21',NULL,NULL),(6,'SIMl',_binary '\0','2024-04-21',NULL,NULL),(7,'sSt5',_binary '\0','2024-04-21',NULL,NULL),(8,'Su3z',_binary '\0','2024-04-21',NULL,NULL),(9,'ZNIB',_binary '\0','2024-04-21',NULL,NULL),(10,'kbN4',_binary '\0','2024-04-21',NULL,NULL),(11,'MFJb',_binary '\0','2024-04-21',NULL,NULL),(12,'nUiQ',_binary '\0','2024-04-21',NULL,NULL),(13,'kGXu',_binary '\0','2024-04-21',NULL,NULL),(14,'DlFt',_binary '\0','2024-04-21',NULL,NULL),(15,'1IEk',_binary '\0','2024-04-21',NULL,NULL),(16,'W1g0',_binary '\0','2024-04-21',NULL,NULL),(17,'k8Xc',_binary '\0','2024-04-21',NULL,NULL),(18,'GlUm',_binary '\0','2024-04-21',NULL,NULL),(19,'RTZt',_binary '\0','2024-04-21',NULL,NULL),(20,'0w7y',_binary '\0','2024-04-21',NULL,NULL),(21,'g5HU',_binary '\0','2024-04-21',NULL,NULL),(22,'5zuD',_binary '\0','2024-04-21',NULL,NULL),(23,'RGjv',_binary '\0','2024-04-21',NULL,NULL),(24,'gA8t',_binary '\0','2024-04-21',NULL,NULL),(25,'8NhB',_binary '\0','2024-04-21',NULL,NULL),(26,'Q5YO',_binary '\0','2024-04-21',NULL,NULL),(27,'yvK3',_binary '\0','2024-04-21',NULL,NULL),(28,'Fb3b',_binary '\0','2024-04-21',NULL,NULL),(29,'5AhJ',_binary '\0','2024-04-21',NULL,NULL),(30,'cnZa',_binary '\0','2024-04-21',NULL,NULL),(31,'i8tA',_binary '\0','2024-04-21',NULL,NULL),(32,'nI2O',_binary '\0','2024-04-21',NULL,NULL),(33,'xf8b',_binary '\0','2024-04-21',NULL,NULL),(34,'C3dv',_binary '\0','2024-04-21',NULL,NULL),(35,'hL0B',_binary '\0','2024-04-21',NULL,NULL),(36,'ZdX7',_binary '\0','2024-04-21',NULL,NULL),(37,'d0WT',_binary '\0','2024-04-21',NULL,NULL),(38,'ODxb',_binary '\0','2024-04-21',NULL,NULL),(39,'W9Mk',_binary '\0','2024-04-21',NULL,NULL),(40,'uOfL',_binary '\0','2024-04-21',NULL,NULL),(41,'rlmK',_binary '\0','2024-04-21',NULL,NULL),(42,'Ngtd',_binary '\0','2024-04-21',NULL,NULL),(43,'pmRh',_binary '\0','2024-04-21',NULL,NULL),(44,'Kjyw',_binary '\0','2024-04-21',NULL,NULL),(45,'ru7K',_binary '\0','2024-04-21',NULL,NULL),(46,'ZAQh',_binary '\0','2024-04-21',NULL,NULL),(47,'WMax',_binary '\0','2024-04-21',NULL,NULL),(48,'mE5N',_binary '\0','2024-04-21',NULL,NULL),(49,'b8mx',_binary '\0','2024-04-21',NULL,NULL),(50,'0bDk',_binary '\0','2024-04-21',NULL,NULL),(51,'x4Hp',_binary '\0','2024-04-21',NULL,NULL),(52,'XISl',_binary '\0','2024-04-21',NULL,NULL),(53,'o6UP',_binary '\0','2024-04-21',NULL,NULL),(54,'LJ53',_binary '\0','2024-04-21',NULL,NULL),(55,'N4an',_binary '\0','2024-04-21',NULL,NULL),(56,'aw9e',_binary '\0','2024-04-21',NULL,NULL),(57,'ejIS',_binary '\0','2024-04-21',NULL,NULL),(58,'DMy7',_binary '\0','2024-04-21',NULL,NULL),(59,'9mtN',_binary '\0','2024-04-21',NULL,NULL),(60,'7mBa',_binary '\0','2024-04-21',NULL,NULL),(61,'Z5C2',_binary '\0','2024-04-21',NULL,NULL),(62,'AUDg',_binary '\0','2024-04-21',NULL,NULL),(63,'bOrL',_binary '\0','2024-04-21',NULL,NULL),(64,'iYpQ',_binary '\0','2024-04-21',NULL,NULL),(65,'SBUK',_binary '\0','2024-04-21',NULL,NULL),(66,'doqv',_binary '\0','2024-04-21',NULL,NULL),(67,'lNtv',_binary '\0','2024-04-21',NULL,NULL),(68,'Dhrc',_binary '\0','2024-04-21',NULL,NULL),(69,'ZxgH',_binary '\0','2024-04-21',NULL,NULL),(70,'MXDi',_binary '\0','2024-04-21',NULL,NULL),(71,'lns2',_binary '\0','2024-04-21',NULL,NULL),(72,'hHsN',_binary '\0','2024-04-21',NULL,NULL),(73,'Rxrn',_binary '\0','2024-04-21',NULL,NULL),(74,'GEoU',_binary '\0','2024-04-21',NULL,NULL),(75,'kmwG',_binary '\0','2024-04-21',NULL,NULL),(76,'9BWM',_binary '\0','2024-04-21',NULL,NULL),(77,'pgtI',_binary '\0','2024-04-21',NULL,NULL),(78,'d834',_binary '\0','2024-04-21',NULL,NULL),(79,'EZUd',_binary '\0','2024-04-21',NULL,NULL),(80,'iTiI',_binary '\0','2024-04-21',NULL,NULL),(81,'PDWC',_binary '\0','2024-04-21',NULL,NULL),(82,'tiL6',_binary '\0','2024-04-21',NULL,NULL),(83,'0bzZ',_binary '\0','2024-04-21',NULL,NULL),(84,'aMGe',_binary '\0','2024-04-21',NULL,NULL),(85,'aiWI',_binary '\0','2024-04-21',NULL,NULL),(86,'iScM',_binary '\0','2024-04-21',NULL,NULL),(87,'koAi',_binary '\0','2024-04-21',NULL,NULL),(88,'ZbyT',_binary '\0','2024-04-21',NULL,NULL),(89,'RlU1',_binary '\0','2024-04-21',NULL,NULL),(90,'y6XR',_binary '\0','2024-04-21',NULL,NULL),(91,'ExTe',_binary '\0','2024-04-21',NULL,NULL),(92,'VPGI',_binary '\0','2024-04-21',NULL,NULL),(93,'69x5',_binary '\0','2024-04-21',NULL,NULL),(94,'lqzC',_binary '\0','2024-04-21',NULL,NULL),(95,'HqIO',_binary '\0','2024-04-21',NULL,NULL),(96,'3tYZ',_binary '\0','2024-04-21',NULL,NULL),(97,'YhWl',_binary '\0','2024-04-21',NULL,NULL),(98,'ya8y',_binary '\0','2024-04-21',NULL,NULL),(99,'H0z9',_binary '\0','2024-04-21',NULL,NULL),(100,'GJ96',_binary '\0','2024-04-21',NULL,NULL),(101,'0kyb',_binary '\0','2024-04-21',NULL,NULL),(102,'UpPh',_binary '\0','2024-04-21',NULL,NULL),(103,'TxvU',_binary '\0','2024-04-21',NULL,NULL),(104,'ta58',_binary '\0','2024-04-21',NULL,NULL),(105,'YcZI',_binary '\0','2024-04-21',NULL,NULL),(106,'vplV',_binary '\0','2024-04-21',NULL,NULL),(107,'iO8Z',_binary '\0','2024-04-21',NULL,NULL),(108,'GA49',_binary '\0','2024-04-21',NULL,NULL),(109,'QR7o',_binary '\0','2024-04-21',NULL,NULL),(110,'p1aq',_binary '\0','2024-04-21',NULL,NULL),(111,'XXzO',_binary '\0','2024-04-21',NULL,NULL),(112,'etOQ',_binary '\0','2024-04-21',NULL,NULL),(113,'5g1z',_binary '\0','2024-04-21',NULL,NULL),(114,'hXRb',_binary '\0','2024-04-21',NULL,NULL),(115,'qNeQ',_binary '\0','2024-04-21',NULL,NULL),(116,'FVNv',_binary '\0','2024-04-21',NULL,NULL),(117,'VJES',_binary '\0','2024-04-21',NULL,NULL),(118,'KXgV',_binary '\0','2024-04-21',NULL,NULL),(119,'4HsI',_binary '\0','2024-04-21',NULL,NULL),(120,'fHeD',_binary '\0','2024-04-21',NULL,NULL),(121,'6R4g',_binary '\0','2024-04-21',NULL,NULL),(122,'wwHB',_binary '\0','2024-04-21',NULL,NULL),(123,'H3o7',_binary '\0','2024-04-21',NULL,NULL),(124,'C5L8',_binary '\0','2024-04-21',NULL,NULL),(125,'z3BZ',_binary '\0','2024-04-21',NULL,NULL),(126,'fSzs',_binary '\0','2024-04-21',NULL,NULL),(127,'slBo',_binary '\0','2024-04-21',NULL,NULL),(128,'ZCnX',_binary '\0','2024-04-21',NULL,NULL),(129,'N79T',_binary '\0','2024-04-21',NULL,NULL),(130,'YnX0',_binary '\0','2024-04-21',NULL,NULL),(131,'JTPr',_binary '\0','2024-04-21',NULL,NULL),(132,'Rchq',_binary '\0','2024-04-21',NULL,NULL),(133,'yh0q',_binary '\0','2024-04-21',NULL,NULL),(134,'FkVv',_binary '\0','2024-04-21',NULL,NULL),(135,'eJZj',_binary '\0','2024-04-21',NULL,NULL),(136,'Cu9H',_binary '\0','2024-04-21',NULL,NULL),(137,'7eP1',_binary '\0','2024-04-21',NULL,NULL),(138,'YEdU',_binary '\0','2024-04-21',NULL,NULL),(139,'P5s7',_binary '\0','2024-04-21',NULL,NULL),(140,'PVhD',_binary '\0','2024-04-21',NULL,NULL),(141,'C5hI',_binary '\0','2024-04-21',NULL,NULL),(142,'Uf82',_binary '\0','2024-04-21',NULL,NULL),(143,'7NWZ',_binary '\0','2024-04-21',NULL,NULL),(144,'Lwre',_binary '\0','2024-04-21',NULL,NULL),(145,'LANJ',_binary '\0','2024-04-21',NULL,NULL),(146,'9I8r',_binary '\0','2024-04-21',NULL,NULL),(147,'zz1v',_binary '\0','2024-04-21',NULL,NULL),(148,'qKBs',_binary '\0','2024-04-21',NULL,NULL),(149,'Qptn',_binary '\0','2024-04-21',NULL,NULL),(150,'O9Ch',_binary '\0','2024-04-21',NULL,NULL),(151,'TzCt',_binary '\0','2024-04-21',NULL,NULL),(152,'LsxN',_binary '\0','2024-04-21',NULL,NULL),(153,'Mepq',_binary '\0','2024-04-21',NULL,NULL),(154,'ajkR',_binary '\0','2024-04-21',NULL,NULL),(155,'0MxN',_binary '\0','2024-04-21',NULL,NULL),(156,'FQfz',_binary '\0','2024-04-21',NULL,NULL),(157,'vJmj',_binary '\0','2024-04-21',NULL,NULL),(158,'u24P',_binary '\0','2024-04-21',NULL,NULL),(159,'kzx2',_binary '\0','2024-04-21',NULL,NULL),(160,'dS0t',_binary '\0','2024-04-21',NULL,NULL),(161,'2IPM',_binary '\0','2024-04-21',NULL,NULL),(162,'rke2',_binary '\0','2024-04-21',NULL,NULL),(163,'V38N',_binary '\0','2024-04-21',NULL,NULL),(164,'vnlT',_binary '\0','2024-04-21',NULL,NULL),(165,'koJe',_binary '\0','2024-04-21',NULL,NULL),(166,'BaMN',_binary '\0','2024-04-21',NULL,NULL),(167,'9aLg',_binary '\0','2024-04-21',NULL,NULL),(168,'u7d9',_binary '\0','2024-04-21',NULL,NULL),(169,'e2td',_binary '\0','2024-04-21',NULL,NULL),(170,'38qM',_binary '\0','2024-04-21',NULL,NULL),(171,'dPe5',_binary '\0','2024-04-21',NULL,NULL),(172,'STZL',_binary '\0','2024-04-21',NULL,NULL),(173,'cGOc',_binary '\0','2024-04-21',NULL,NULL),(174,'ItzL',_binary '\0','2024-04-21',NULL,NULL),(175,'US57',_binary '\0','2024-04-21',NULL,NULL),(176,'CEL8',_binary '\0','2024-04-21',NULL,NULL),(177,'Redo',_binary '\0','2024-04-21',NULL,NULL),(178,'jL5f',_binary '\0','2024-04-21',NULL,NULL),(179,'JTSj',_binary '\0','2024-04-21',NULL,NULL),(180,'nsOo',_binary '\0','2024-04-21',NULL,NULL),(181,'LWRH',_binary '\0','2024-04-21',NULL,NULL),(182,'Gq2z',_binary '\0','2024-04-21',NULL,NULL),(183,'FBed',_binary '\0','2024-04-21',NULL,NULL),(184,'xIWm',_binary '\0','2024-04-21',NULL,NULL),(185,'SyGK',_binary '\0','2024-04-21',NULL,NULL),(186,'u03g',_binary '\0','2024-04-21',NULL,NULL),(187,'1UdO',_binary '\0','2024-04-21',NULL,NULL),(188,'oJJ9',_binary '\0','2024-04-21',NULL,NULL),(189,'K12r',_binary '\0','2024-04-21',NULL,NULL),(190,'SR4P',_binary '\0','2024-04-21',NULL,NULL),(191,'mlpZ',_binary '\0','2024-04-21',NULL,NULL),(192,'Sxz5',_binary '\0','2024-04-21',NULL,NULL),(193,'hgsM',_binary '\0','2024-04-21',NULL,NULL),(194,'jR0X',_binary '\0','2024-04-21',NULL,NULL),(195,'5Roa',_binary '\0','2024-04-21',NULL,NULL),(196,'pH24',_binary '\0','2024-04-21',NULL,NULL),(197,'aX2I',_binary '\0','2024-04-21',NULL,NULL),(198,'M7UO',_binary '\0','2024-04-21',NULL,NULL),(199,'ZIR2',_binary '\0','2024-04-21',NULL,NULL),(200,'i2sD',_binary '\0','2024-04-21',NULL,NULL);
/*!40000 ALTER TABLE `studenttoken` ENABLE KEYS */;
UNLOCK TABLES;

--
-- Table structure for table `userinfos`
--

DROP TABLE IF EXISTS `userinfos`;
/*!40101 SET @saved_cs_client     = @@character_set_client */;
/*!50503 SET character_set_client = utf8mb4 */;
CREATE TABLE `userinfos` (
  `EmpID` varchar(12) CHARACTER SET utf8mb4 COLLATE utf8mb4_unicode_ci DEFAULT NULL,
  `Passwd` varchar(150) CHARACTER SET utf8mb4 COLLATE utf8mb4_unicode_ci NOT NULL,
  `LastLoginDate` date DEFAULT NULL,
  `UserRoles` tinyint DEFAULT NULL,
  `created_at` date DEFAULT NULL,
  `updated_at` date DEFAULT NULL,
  `deleted_at` date DEFAULT NULL,
  UNIQUE KEY `EmpID` (`EmpID`),
  CONSTRAINT `UserInfos_ibfk_1` FOREIGN KEY (`EmpID`) REFERENCES `employees` (`EmpID`)
) ENGINE=InnoDB DEFAULT CHARSET=utf8mb4 COLLATE=utf8mb4_unicode_ci;
/*!40101 SET character_set_client = @saved_cs_client */;

--
-- Dumping data for table `userinfos`
--

LOCK TABLES `userinfos` WRITE;
/*!40000 ALTER TABLE `userinfos` DISABLE KEYS */;
INSERT INTO `userinfos` VALUES ('A-002','$2y$10$pUhFXM4y50YlU1pa8MmnD.F242UKlKfxNmo0ska8cQqVW/v8zKwiC','2024-06-12',2,'2024-01-19','2024-02-13',NULL),('L-001','$2y$10$9zmDmp5ABf25dQjAsBKCZeluJ9w.diXTR1FpIwiaHTWs9MZkktgpC','2024-05-21',4,'2024-04-02','2024-04-02',NULL),('E-032','$2y$10$C9VgIMMT/91WH1wUkS8hNOYgCMcxRETBo0yCefYrLgs63Yyg8ecBC','2024-06-07',1,'2024-04-02','2024-04-02',NULL),('A-017','$2y$10$jUjlhqqPGdU9o/uSPdDalecr3TXuQ5/LlGlarThyMI393yWoBltt6','0000-00-00',1,'2024-04-03',NULL,NULL),('A-003','$2y$10$6L7WpFs5IwaG8FBnjK5tfux63i/0xsoyeOUvuPsb.vLrqVCIZ2H1W','0000-00-00',1,'2024-04-03',NULL,NULL),('A-026','$2y$10$kIC5MRe1jKdbdQDA09tpa.lUu3eyY7gB5v//uwXQkCItylaPsTO4K','0000-00-00',1,'2024-04-03',NULL,NULL),('B-002','$2y$10$DN/p4iEEdSEJbgJdE.VD8uMRp.PnNl1TXQqIqb0WUr3vakWYe13Ey','0000-00-00',1,'2024-04-03',NULL,NULL),('C-029','$2y$10$FZHtdZmdzJFdPtlalaQThe2pchFwev/l7Hd5pv8Nk9.RSs2tUgqHS','0000-00-00',1,'2024-04-03',NULL,NULL),('L-005f','$2y$10$6AYvJPuGW0AztJLB86hQruhtSCuYGiHU/BurkTgpfRNdT21qumcgu','2024-05-21',1,'2024-04-20','2024-04-20',NULL),('G-065','$2y$10$xcT1WalYY7wH.JF6MM.Tqe4vl6/8r3TopzHzlYw3D37iUdY34JnLC','2024-04-21',1,'2024-04-21','2024-04-21',NULL),('S-056','$2y$10$dVeiB5WwVUp/NJaMmM.HiunbPSDkkE34YO9YULDZ5y4C.oDHK2cFK','2024-05-21',1,'2024-05-21','2024-05-21',NULL),('C-001D','$2y$10$gBLIcEcgiRtaW4fngOQdp.AqHB306tq0zxe8Wut1KpWhmTU3FCBfC','2024-05-22',1,'2024-05-21','2024-05-21',NULL);
/*!40000 ALTER TABLE `userinfos` ENABLE KEYS */;
UNLOCK TABLES;
/*!40103 SET TIME_ZONE=@OLD_TIME_ZONE */;

/*!40101 SET SQL_MODE=@OLD_SQL_MODE */;
/*!40014 SET FOREIGN_KEY_CHECKS=@OLD_FOREIGN_KEY_CHECKS */;
/*!40014 SET UNIQUE_CHECKS=@OLD_UNIQUE_CHECKS */;
/*!40101 SET CHARACTER_SET_CLIENT=@OLD_CHARACTER_SET_CLIENT */;
/*!40101 SET CHARACTER_SET_RESULTS=@OLD_CHARACTER_SET_RESULTS */;
/*!40101 SET COLLATION_CONNECTION=@OLD_COLLATION_CONNECTION */;
/*!40111 SET SQL_NOTES=@OLD_SQL_NOTES */;

-- Dump completed on 2024-06-13  6:32:54
